addr,func,rs/addr,rt/dest,rd/imm
0x1000,LH,0,1,4,,x1 = mem [x0+4]
0x1002,LH,0,3,2,,x3 = mem [x0+2]
0x1004,ADD,1,3,2,,x2 = x1 + x3
0x1006,LH,0,4,3,,x4 = mem [x0+3]
0x1008,ADD,2,4,5,,x5 = x2 + x4
0x100A,LH,0,14,1,,x14 = mem [x0+1]
0x100C,LH,0,15,0,,x15 = mem [x0+0]
0x100E,SUB,3,4,6,,x6 = x3 - x4
0x1010,ADD,15,6,6,,x6 = x15 + x6
0x1012,ADD,0,0,7,,x7 = x0 + x0
0x1014,ADD,0,0,8,,x8 = x0 + x0
0x1016,ADD,0,0,9,,x9 = x0 + x0
0x1018,SLT,8,4,10,,x10 = x8 < x4
0x101A,BEQ,10,0,8,,if (x10 == x0): PC = PC + 9
0x101C,LH,1,11,0,,x11 = mem [x1+0]
0x101E,LH,2,12,0,,x12 = mem [x2+0]
0x1020,MUL,11,12,13,,x13 = x11 * x12
0x1022,ADD,9,13,9,,x9 = x9 + x13
0x1024,ADD,15,8,8,,x8 = x15 + x8
0x1026,ADD,15,1,1,,x1 = x15 + x1
0x1028,ADD,15,2,2,,x2 = x15 + x2
0x102A,J,0x1018,,
0x102C,SH,5,9,0,,mem [x5+0] = x9
0x102E,ADD,15,7,7,,x7 = x15 + x7
0x1030,ADD,15,5,5,,x5 = x15 + x5
0x1032,SLT,7,6,14,,x14 = x7 < x6
0x1034,BEQ,14,0,6,,if (x14 == x0): PC = PC + 7
0x1036,LH,0,14,3,,x14 = mem [x0+3]
0x1038,SUB,2,14,2,,x2 = x2 - x14
0x103A,SUB,1,14,1,,x1 = x1 - x14
0x103C,MUL,2,1,14,,x14 = x2 * x1
0x103E,ADD,1,15,1,,x1 = x1 + x15
0x1040,J,0x1014,,
0x1042,LH,0,14,5,,x14 = mem [x0+5]
0x1044,ADD,14,0,1,,x1 = x14 + x0
0x1046,LH,14,2,-9,,x2 = mem [x14-9]
0x1048,ADD,0,0,3,,x3 = x0 + x0
0x104A,ADD,0,0,4,,x4 = x0 + x0
0x104C,ADD,15,0,5,,x5 = x15 + x0
0x104E,LH,0,13,1,,x13 = mem [x0+1]
0x1050,BEQ,2,0,7,,if (x2 == x0): PC = PC + 8
0x1052,ADD,3,13,3,,x3 = x3 + x13
0x1054,ADD,4,5,6,,x6 = x4 + x5
0x1056,ADD,3,15,3,,x3 = x3 + x15
0x1058,BEQ,3,2,3,,if (x3 == x2): PC = PC + 4
0x105A,ADD,5,0,4,,x4 = x5 + x0
0x105C,ADD,6,0,5,,x5 = x6 + x0
0x105E,J,0x1054,,
0x1060,SH,1,6,0,,mem [x1+0] = x6
0x1062,SUB,0,14,13,,x13 = x0 - x14
0x1064,SUB,14,13,14,,x14 = x14 - x13
0x1066,SUB,14,15,14,,x14 = x14 - x15
0x1068,ADD,14,15,1,,x1 = x14 + x15
0x106A,LH,1,2,-1,,x2 = mem [x1-1]
0x106C,LH,1,13,-2,,x13 = mem [x1-2]
0x106E,MUL,15,15,3,,x3 = x15 * x15
0x1070,ADD,0,3,4,,x4 = x0 + x3
0x1072,ADD,0,1,5,,x5 = x0 + x1
0x1074,SLT,4,2,6,,x6 = x4 < x2
0x1076,BEQ,6,0,9,,if (x6 == x0): PC = PC + 10
0x1078,LH,5,7,0,,x7 = mem [x5+0]
0x107A,LH,5,8,1,,x8 = mem [x5+1]
0x107C,SLT,8,7,9,,x9 = x8 < x7
0x107E,BEQ,9,0,2,,if (x9 == x0): PC = PC + 3
0x1080,SH,5,8,0,,mem [x5+0] = x8
0x1082,SH,5,7,1,,mem [x5+1] = x7
0x1084,ADD,4,15,4,,x4 = x4 + x15
0x1086,ADD,5,15,5,,x5 = x5 + x15
0x1088,J,0x1074,,
0x108A,ADD,3,15,3,,x3 = x3 + x15
0x108C,SLT,3,2,10,,x10 = x3 < x2
0x108E,BEQ,10,0,1,,if (x10 == x0): PC = PC + 2
0x1090,J,0x1070,,
0x1092,LH,5,1,-16,,x1 = mem [x5-16]
0x1094,MUL,1,2,2,,x2 = x1 * x2
0x1096,SH,5,2,-15,,mem [x5-15] = x2
0x1098,SUB,5,15,6,,x6 = x5 - x15
0x109A,SH,6,6,0,,mem [x6+0] = x6
0x109C,LH,6,3,15,,x3 = mem [x6+15]
0x109E,ADD,3,6,3,,x3 = x3 + x6
0x10A0,SUB,4,3,4,,x4 = x4 - x3
0x10A2,SLT,4,3,5,,x5 = x4 < x3
0x10A4,MUL,4,5,7,,x7 = x4 * x5
0x10A6,ADD,7,7,7,,x7 = x7 + x7
0x10A8,SUB,6,0,4,,x4 = x6 - x0
0x10AA,BEQ,6,4,1,,if (x6 == x4): PC = PC + 2
0x10AC,MUL,4,4,4,,x4 = x4 * x4
0x10AE,SUB,15,4,8,,x8 = x15 - x4
0x10B0,SUB,15,8,8,,x8 = x15 - x8
0x10B2,LH,6,0,-16,,x0 = mem [x6-16]
0x10B4,SH,6,0,-15,,mem [x6-15] = x0
0x10B6,LH,6,1,0,,x1 = mem [x6+0]
0x10B8,LH,6,1,1,,x1 = mem [x6+1]
0x10BA,LH,6,1,2,,x1 = mem [x6+2]
0x10BC,SH,6,1,0,,mem [x6+0] = x1
0x10BE,SH,6,2,0,,mem [x6+0] = x2
0x10C0,SH,6,3,0,,mem [x6+0] = x3
0x10C2,LH,6,5,1,,x5 = mem [x6+1]
0x10C4,SH,6,5,2,,mem [x6+2] = x5
0x10C6,SH,6,5,3,,mem [x6+3] = x5
0x10C8,SH,6,8,4,,mem [x6+4] = x8
0x10CA,SH,6,9,5,,mem [x6+5] = x9
0x10CC,SH,6,10,6,,mem [x6+6] = x10
0x10CE,SH,6,11,7,,mem [x6+7] = x11
0x10D0,SH,6,12,8,,mem [x6+8] = x12
0x10D2,SH,6,13,9,,mem [x6+9] = x13
0x10D4,SH,6,14,10,,mem [x6+10] = x14
0x10D6,SH,6,15,11,,mem [x6+11] = x15
0x10D8,MUL,13,15,14,,x14 = x13 * x15
0x10DA,LH,15,8,3,,x8 = mem [x15+3]
0x10DC,BEQ,8,10,6,,if (x8 == x10): PC = PC + 7
0x10DE,LH,15,2,9,,x2 = mem [x15+9]
0x10E0,SUB,7,15,3,,x3 = x7 - x15
0x10E2,MUL,1,14,10,,x10 = x1 * x14
0x10E4,SUB,6,10,5,,x5 = x6 - x10
0x10E6,LH,12,12,15,,x12 = mem [x12+15]
0x10E8,LH,12,6,6,,x6 = mem [x12+6]
0x10EA,SLT,0,9,8,,x8 = x0 < x9
0x10EC,SH,12,15,15,,mem [x12+15] = x15
0x10EE,SLT,14,3,12,,x12 = x14 < x3
0x10F0,LH,3,13,12,,x13 = mem [x3+12]
0x10F2,SH,12,2,15,,mem [x12+15] = x2
0x10F4,SLT,6,0,14,,x14 = x6 < x0
0x10F6,LH,5,15,13,,x15 = mem [x5+13]
0x10F8,SLT,2,8,12,,x12 = x2 < x8
0x10FA,SH,8,5,15,,mem [x8+15] = x5
0x10FC,ADD,1,14,10,,x10 = x1 + x14
0x10FE,SLT,15,7,0,,x0 = x15 < x7
0x1100,SH,12,3,11,,mem [x12+11] = x3
0x1102,LH,7,8,0,,x8 = mem [x7+0]
0x1104,ADD,10,1,3,,x3 = x10 + x1
0x1106,SH,12,0,15,,mem [x12+15] = x0
0x1108,SLT,0,8,15,,x15 = x0 < x8
0x110A,SH,6,14,6,,mem [x6+6] = x14
0x110C,MUL,13,15,12,,x12 = x13 * x15
0x110E,SH,15,3,15,,mem [x15+15] = x3
0x1110,LH,9,12,12,,x12 = mem [x9+12]
0x1112,MUL,7,7,2,,x2 = x7 * x7
0x1114,SLT,2,1,13,,x13 = x2 < x1
0x1116,ADD,2,9,14,,x14 = x2 + x9
0x1118,SUB,4,9,1,,x1 = x4 - x9
0x111A,LH,4,3,-10,,x3 = mem [x4-10]
0x111C,BEQ,1,0,12,,if (x1 == x0): PC = PC + 13
0x111E,SH,8,0,15,,mem [x8+15] = x0
0x1120,SH,9,13,6,,mem [x9+6] = x13
0x1122,LH,12,9,15,,x9 = mem [x12+15]
0x1124,LH,14,13,15,,x13 = mem [x14+15]
0x1126,ADD,9,12,6,,x6 = x9 + x12
0x1128,SH,2,2,9,,mem [x2+9] = x2
0x112A,LH,9,2,-4,,x2 = mem [x9-4]
0x112C,J,0x116C,,
0x112C,LH,1,0,11,,x0 = mem [x1+11]
0x112E,SH,13,9,-9,,mem [x13-9] = x9
0x1130,SH,3,9,10,,mem [x3+10] = x9
0x1132,SUB,0,15,5,,x5 = x0 - x15
0x1134,SH,7,7,-3,,mem [x7-3] = x7
0x1136,LH,2,15,11,,x15 = mem [x2+11]
0x1138,LH,2,2,15,,x2 = mem [x2+15]
0x113A,ADD,13,12,11,,x11 = x13 + x12
0x113C,MUL,6,6,10,,x10 = x6 * x6
0x113E,SH,14,10,14,,mem [x14+14] = x10
0x1140,BEQ,8,4,10,,if (x8 == x4): PC = PC + 11
0x1142,LH,0,4,15,,x4 = mem [x0+15]
0x1144,SUB,8,11,5,,x5 = x8 - x11
0x1146,SH,14,4,15,,mem [x14+15] = x4
0x1148,SH,0,10,3,,mem [x0+3] = x10
0x114A,ADD,11,12,12,,x12 = x11 + x12
0x114C,LH,2,15,14,,x15 = mem [x2+14]
0x114E,SLT,6,9,1,,x1 = x6 < x9
0x1150,LH,4,8,9,,x8 = mem [x4+9]
0x1152,SH,7,7,15,,mem [x7+15] = x7
0x1154,SH,1,1,8,,mem [x1+8] = x1
0x1156,ADD,7,4,9,,x9 = x7 + x4
0x1158,SH,9,14,10,,mem [x9+10] = x14
0x115A,LH,15,10,7,,x10 = mem [x15+7]
0x115C,ADD,11,10,5,,x5 = x11 + x10
0x115E,SLT,3,4,11,,x11 = x3 < x4
0x1160,SH,11,10,15,,mem [x11+15] = x10
0x1162,SH,2,11,3,,mem [x2+3] = x11
0x1164,SLT,13,8,11,,x11 = x13 < x8
0x1166,BEQ,2,1,0,,if (x2 == x1): PC = PC + 1
0x1168,J,0x1178,,
0x1168,LH,1,7,11,,x7 = mem [x1+11]
0x116A,SH,6,9,9,,mem [x6+9] = x9
0x116C,SH,14,10,14,,mem [x14+14] = x10
0x116E,LH,7,5,12,,x5 = mem [x7+12]
0x1170,SH,14,12,3,,mem [x14+3] = x12
0x1172,J,0x1138,,
0x1172,LH,4,2,13,,x2 = mem [x4+13]
0x1174,SH,6,2,6,,mem [x6+6] = x2
0x1176,ADD,11,6,2,,x2 = x11 + x6
0x1178,SH,4,8,13,,mem [x4+13] = x8
0x117A,SLT,6,9,4,,x4 = x6 < x9
0x117C,LH,0,0,15,,x0 = mem [x0+15]
0x117E,ADD,1,5,0,,x0 = x1 + x5
0x1180,SLT,14,9,1,,x1 = x14 < x9
0x1182,SH,15,1,15,,mem [x15+15] = x1
0x1184,SH,11,2,15,,mem [x11+15] = x2
0x1186,BEQ,0,10,6,,if (x0 == x10): PC = PC + 7
0x1188,SH,14,5,13,,mem [x14+13] = x5
0x118A,LH,14,10,6,,x10 = mem [x14+6]
0x118C,ADD,0,13,7,,x7 = x0 + x13
0x118E,BEQ,14,14,7,,if (x14 == x14): PC = PC + 8
0x1190,SUB,4,13,15,,x15 = x4 - x13
0x1192,LH,11,3,-8,,x3 = mem [x11-8]
0x1194,SUB,15,10,8,,x8 = x15 - x10
0x1196,SUB,8,0,14,,x14 = x8 - x0
0x1198,BEQ,7,8,11,,if (x7 == x8): PC = PC + 12
0x119A,SH,13,13,0,,mem [x13+0] = x13
0x119C,SH,11,3,-1,,mem [x11-1] = x3
0x119E,LH,6,7,9,,x7 = mem [x6+9]
0x11A0,SH,2,9,2,,mem [x2+2] = x9
0x11A2,SH,7,9,-12,,mem [x7-12] = x9
0x11A4,SUB,10,7,5,,x5 = x10 - x7
0x11A6,SH,6,2,15,,mem [x6+15] = x2
0x11A8,SH,6,11,12,,mem [x6+12] = x11
0x11AA,LH,10,1,13,,x1 = mem [x10+13]
0x11AC,SH,7,14,8,,mem [x7+8] = x14
0x11AE,LH,7,9,-5,,x9 = mem [x7-5]
0x11B0,LH,6,11,14,,x11 = mem [x6+14]
0x11B2,SH,4,9,4,,mem [x4+4] = x9
0x11B4,SUB,12,5,3,,x3 = x12 - x5
0x11B6,SH,15,1,1,,mem [x15+1] = x1
0x11B8,MUL,2,9,14,,x14 = x2 * x9
0x11BA,LH,15,0,2,,x0 = mem [x15+2]
0x11BC,MUL,0,0,4,,x4 = x0 * x0
0x11BE,LH,7,2,-3,,x2 = mem [x7-3]
0x11C0,SUB,12,10,4,,x4 = x12 - x10
0x11C2,MUL,5,5,5,,x5 = x5 * x5
0x11C4,LH,14,13,0,,x13 = mem [x14+0]
0x11C6,LH,6,5,-11,,x5 = mem [x6-11]
0x11C8,LH,14,10,8,,x10 = mem [x14+8]
0x11CA,SH,6,10,5,,mem [x6+5] = x10
0x11CC,LH,13,0,-9,,x0 = mem [x13-9]
0x11CE,SH,15,1,15,,mem [x15+15] = x1
0x11D0,MUL,8,15,12,,x12 = x8 * x15
0x11D2,SH,7,9,-15,,mem [x7-15] = x9
0x11D4,SUB,13,7,3,,x3 = x13 - x7
0x11D6,SH,9,6,-1,,mem [x9-1] = x6
0x11D8,SUB,11,4,11,,x11 = x11 - x4
0x11DA,SH,14,10,-14,,mem [x14-14] = x10
0x11DC,SH,9,1,15,,mem [x9+15] = x1
0x11DE,SLT,4,13,5,,x5 = x4 < x13
0x11E0,SUB,11,1,8,,x8 = x11 - x1
0x11E2,SH,11,10,9,,mem [x11+9] = x10
0x11E4,LH,14,8,-16,,x8 = mem [x14-16]
0x11E6,SLT,1,10,2,,x2 = x1 < x10
0x11E8,SH,9,5,15,,mem [x9+15] = x5
0x11EA,SH,5,1,14,,mem [x5+14] = x1
0x11EC,SLT,9,10,13,,x13 = x9 < x10
0x11EE,SH,5,0,15,,mem [x5+15] = x0
0x11F0,ADD,13,2,15,,x15 = x13 + x2
0x11F2,SLT,14,13,7,,x7 = x14 < x13
0x11F4,LH,9,5,15,,x5 = mem [x9+15]
0x11F6,SH,2,10,15,,mem [x2+15] = x10
0x11F8,LH,10,1,15,,x1 = mem [x10+15]
0x11FA,MUL,14,1,2,,x2 = x14 * x1
0x11FC,BEQ,9,7,2,,if (x9 == x7): PC = PC + 3
0x11FE,LH,9,8,14,,x8 = mem [x9+14]
0x1200,ADD,9,7,14,,x14 = x9 + x7
0x1202,SH,3,6,-5,,mem [x3-5] = x6
0x1204,ADD,10,15,7,,x7 = x10 + x15
0x1206,SH,11,14,-3,,mem [x11-3] = x14
0x1208,SUB,0,15,3,,x3 = x0 - x15
0x120A,SH,13,10,14,,mem [x13+14] = x10
0x120C,LH,5,2,-6,,x2 = mem [x5-6]
0x120E,ADD,4,13,7,,x7 = x4 + x13
0x1210,SH,5,14,-9,,mem [x5-9] = x14
0x1212,SUB,15,12,8,,x8 = x15 - x12
0x1214,SH,8,11,7,,mem [x8+7] = x11
0x1216,ADD,11,2,8,,x8 = x11 + x2
0x1218,SH,14,6,6,,mem [x14+6] = x6
0x121A,LH,9,6,15,,x6 = mem [x9+15]
0x121C,SUB,3,13,13,,x13 = x3 - x13
0x121E,ADD,2,7,6,,x6 = x2 + x7
0x1220,LH,3,3,-14,,x3 = mem [x3-14]
0x1222,BEQ,2,7,8,,if (x2 == x7): PC = PC + 9
0x1224,SLT,8,1,10,,x10 = x8 < x1
0x1226,BEQ,0,6,0,,if (x0 == x6): PC = PC + 1
0x1228,BEQ,0,1,11,,if (x0 == x1): PC = PC + 12
0x122A,SLT,15,9,5,,x5 = x15 < x9
0x122C,SH,13,7,-4,,mem [x13-4] = x7
0x122E,LH,6,10,15,,x10 = mem [x6+15]
0x1230,MUL,9,11,15,,x15 = x9 * x11
0x1232,LH,15,5,-13,,x5 = mem [x15-13]
0x1234,SH,2,0,-8,,mem [x2-8] = x0
0x1236,SH,8,1,-5,,mem [x8-5] = x1
0x1238,SLT,9,12,1,,x1 = x9 < x12
0x123A,SH,15,3,14,,mem [x15+14] = x3
0x123C,BEQ,8,2,9,,if (x8 == x2): PC = PC + 10
0x123E,SH,0,6,-15,,mem [x0-15] = x6
0x1240,MUL,2,12,2,,x2 = x2 * x12
0x1242,ADD,10,1,0,,x0 = x10 + x1
0x1244,SH,14,5,3,,mem [x14+3] = x5
0x1246,BEQ,0,10,3,,if (x0 == x10): PC = PC + 4
0x1248,SUB,8,14,5,,x5 = x8 - x14
0x124A,ADD,1,4,7,,x7 = x1 + x4
0x124C,SUB,12,7,10,,x10 = x12 - x7
0x124E,SLT,4,6,15,,x15 = x4 < x6
0x1250,SH,6,13,15,,mem [x6+15] = x13
0x1252,SUB,8,11,6,,x6 = x8 - x11
0x1254,LH,3,7,-10,,x7 = mem [x3-10]
0x1256,SH,3,2,0,,mem [x3+0] = x2
0x1258,LH,13,1,3,,x1 = mem [x13+3]
0x125A,SUB,3,4,12,,x12 = x3 - x4
0x125C,SH,3,2,12,,mem [x3+12] = x2
0x125E,SLT,8,14,4,,x4 = x8 < x14
0x1260,LH,3,14,-15,,x14 = mem [x3-15]
0x1262,ADD,15,4,3,,x3 = x15 + x4
0x1264,SH,6,6,-11,,mem [x6-11] = x6
0x1266,ADD,10,13,3,,x3 = x10 + x13
0x1268,SH,3,1,0,,mem [x3+0] = x1
0x126A,MUL,0,3,11,,x11 = x0 * x3
0x126C,MUL,12,15,11,,x11 = x12 * x15
0x126E,SUB,8,6,15,,x15 = x8 - x6
0x1270,BEQ,10,5,11,,if (x10 == x5): PC = PC + 12
0x1272,SH,3,6,9,,mem [x3+9] = x6
0x1274,LH,4,14,12,,x14 = mem [x4+12]
0x1276,ADD,13,10,12,,x12 = x13 + x10
0x1278,SUB,3,10,15,,x15 = x3 - x10
0x127A,BEQ,12,1,14,,if (x12 == x1): PC = PC + 15
0x127C,SLT,10,7,15,,x15 = x10 < x7
0x127E,ADD,7,2,13,,x13 = x7 + x2
0x1280,MUL,11,7,11,,x11 = x11 * x7
0x1282,SLT,0,13,1,,x1 = x0 < x13
0x1284,SH,1,14,15,,mem [x1+15] = x14
0x1286,SUB,12,4,1,,x1 = x12 - x4
0x1288,BEQ,3,2,8,,if (x3 == x2): PC = PC + 9
0x128A,SH,7,5,-6,,mem [x7-6] = x5
0x128C,SH,12,11,-16,,mem [x12-16] = x11
0x128E,MUL,12,12,5,,x5 = x12 * x12
0x1290,SH,14,12,8,,mem [x14+8] = x12
0x1292,LH,1,14,4,,x14 = mem [x1+4]
0x1294,LH,8,14,-8,,x14 = mem [x8-8]
0x1296,SUB,4,0,13,,x13 = x4 - x0
0x1298,BEQ,7,7,12,,if (x7 == x7): PC = PC + 13
0x129A,BEQ,2,11,9,,if (x2 == x11): PC = PC + 10
0x129C,LH,6,5,2,,x5 = mem [x6+2]
0x129E,LH,0,12,-4,,x12 = mem [x0-4]
0x12A0,SH,8,9,9,,mem [x8+9] = x9
0x12A2,LH,8,15,3,,x15 = mem [x8+3]
0x12A4,BEQ,15,8,7,,if (x15 == x8): PC = PC + 8
0x12A6,LH,7,10,-11,,x10 = mem [x7-11]
0x12A8,LH,9,13,14,,x13 = mem [x9+14]
0x12AA,MUL,9,12,1,,x1 = x9 * x12
0x12AC,LH,7,4,5,,x4 = mem [x7+5]
0x12AE,BEQ,0,3,11,,if (x0 == x3): PC = PC + 12
0x12B0,SH,8,4,-3,,mem [x8-3] = x4
0x12B2,ADD,9,9,11,,x11 = x9 + x9
0x12B4,ADD,2,2,1,,x1 = x2 + x2
0x12B6,ADD,11,8,3,,x3 = x11 + x8
0x12B8,SH,6,3,-12,,mem [x6-12] = x3
0x12BA,BEQ,6,5,12,,if (x6 == x5): PC = PC + 13
0x12BC,LH,3,10,4,,x10 = mem [x3+4]
0x12BE,MUL,0,9,4,,x4 = x0 * x9
0x12C0,MUL,10,13,6,,x6 = x10 * x13
0x12C2,SH,7,5,-4,,mem [x7-4] = x5
0x12C4,SH,6,1,-7,,mem [x6-7] = x1
0x12C6,SUB,13,13,5,,x5 = x13 - x13
0x12C8,MUL,13,4,11,,x11 = x13 * x4
0x12CA,LH,5,15,14,,x15 = mem [x5+14]
0x12CC,SH,14,13,15,,mem [x14+15] = x13
0x12CE,MUL,11,11,2,,x2 = x11 * x11
0x12D0,BEQ,1,6,0,,if (x1 == x6): PC = PC + 1
0x12D2,LH,3,1,3,,x1 = mem [x3+3]
0x12D4,LH,3,5,6,,x5 = mem [x3+6]
0x12D6,SH,9,4,15,,mem [x9+15] = x4
0x12D8,SH,15,6,15,,mem [x15+15] = x6
0x12DA,SH,9,15,15,,mem [x9+15] = x15
0x12DC,LH,3,0,0,,x0 = mem [x3+0]
0x12DE,SUB,11,11,10,,x10 = x11 - x11
0x12E0,BEQ,13,11,8,,if (x13 == x11): PC = PC + 9
0x12E2,SH,15,11,14,,mem [x15+14] = x11
0x12E4,LH,1,2,-8,,x2 = mem [x1-8]
0x12E6,ADD,8,6,2,,x2 = x8 + x6
0x12E8,LH,3,15,-16,,x15 = mem [x3-16]
0x12EA,SH,7,15,-2,,mem [x7-2] = x15
0x12EC,SH,1,3,-8,,mem [x1-8] = x3
0x12EE,ADD,3,12,10,,x10 = x3 + x12
0x12F0,SLT,5,11,6,,x6 = x5 < x11
0x12F2,SH,9,3,15,,mem [x9+15] = x3
0x12F4,SLT,1,3,0,,x0 = x1 < x3
0x12F6,SUB,0,9,15,,x15 = x0 - x9
0x12F8,SUB,13,2,11,,x11 = x13 - x2
0x12FA,BEQ,1,6,4,,if (x1 == x6): PC = PC + 5
0x12FC,SH,8,12,-13,,mem [x8-13] = x12
0x12FE,LH,14,13,-1,,x13 = mem [x14-1]
0x1300,BEQ,11,10,1,,if (x11 == x10): PC = PC + 2
0x1302,ADD,6,0,1,,x1 = x6 + x0
0x1304,SH,12,10,-6,,mem [x12-6] = x10
0x1306,LH,10,15,-8,,x15 = mem [x10-8]
0x1308,ADD,7,7,13,,x13 = x7 + x7
0x130A,SH,6,4,5,,mem [x6+5] = x4
0x130C,LH,8,8,-7,,x8 = mem [x8-7]
0x130E,LH,5,12,-16,,x12 = mem [x5-16]
0x1310,SH,12,0,13,,mem [x12+13] = x0
0x1312,SH,2,1,2,,mem [x2+2] = x1
0x1314,LH,3,11,9,,x11 = mem [x3+9]
0x1316,SH,5,6,15,,mem [x5+15] = x6
0x1318,MUL,7,10,8,,x8 = x7 * x10
0x131A,LH,0,0,15,,x0 = mem [x0+15]
0x131C,SLT,7,3,13,,x13 = x7 < x3
0x131E,SH,9,3,15,,mem [x9+15] = x3
0x1320,SH,12,14,11,,mem [x12+11] = x14
0x1322,BEQ,4,6,1,,if (x4 == x6): PC = PC + 2
0x1324,LH,7,15,0,,x15 = mem [x7+0]
0x1326,BEQ,9,15,15,,if (x9 == x15): PC = PC + 16
0x1328,SUB,6,1,15,,x15 = x6 - x1
0x132A,LH,9,1,9,,x1 = mem [x9+9]
0x132C,LH,12,8,14,,x8 = mem [x12+14]
0x132E,SH,10,12,-11,,mem [x10-11] = x12
0x1330,SH,0,13,-1,,mem [x0-1] = x13
0x1332,SH,0,1,-4,,mem [x0-4] = x1
0x1334,ADD,5,11,11,,x11 = x5 + x11
0x1336,SUB,8,14,11,,x11 = x8 - x14
0x1338,SUB,8,15,1,,x1 = x8 - x15
0x133A,BEQ,8,1,9,,if (x8 == x1): PC = PC + 10
0x133C,LH,11,1,4,,x1 = mem [x11+4]
0x133E,SLT,1,8,14,,x14 = x1 < x8
0x1340,MUL,5,14,3,,x3 = x5 * x14
0x1342,BEQ,7,6,6,,if (x7 == x6): PC = PC + 7
0x1344,SLT,8,14,15,,x15 = x8 < x14
0x1346,SH,5,7,6,,mem [x5+6] = x7
0x1348,LH,12,2,14,,x2 = mem [x12+14]
0x134A,SUB,14,2,0,,x0 = x14 - x2
0x134C,SUB,14,2,2,,x2 = x14 - x2
0x134E,LH,1,0,-5,,x0 = mem [x1-5]
0x1350,LH,10,10,12,,x10 = mem [x10+12]
0x1352,ADD,12,11,6,,x6 = x12 + x11
0x1354,BEQ,0,5,0,,if (x0 == x5): PC = PC + 1
0x1356,ADD,14,0,0,,x0 = x14 + x0
0x1358,SUB,11,11,7,,x7 = x11 - x11
0x135A,LH,7,9,15,,x9 = mem [x7+15]
0x135C,SH,7,3,15,,mem [x7+15] = x3
0x135E,SH,12,3,15,,mem [x12+15] = x3
0x1360,ADD,15,7,1,,x1 = x15 + x7
0x1362,SH,7,10,15,,mem [x7+15] = x10
0x1364,SH,6,14,1,,mem [x6+1] = x14
0x1366,LH,6,8,12,,x8 = mem [x6+12]
0x1368,LH,3,13,3,,x13 = mem [x3+3]
0x136A,SLT,13,14,0,,x0 = x13 < x14
0x136C,ADD,2,3,0,,x0 = x2 + x3
0x136E,SH,9,14,-8,,mem [x9-8] = x14
0x1370,ADD,11,10,13,,x13 = x11 + x10
0x1372,SH,1,1,15,,mem [x1+15] = x1
0x1374,SH,3,2,-12,,mem [x3-12] = x2
0x1376,LH,9,8,-8,,x8 = mem [x9-8]
0x1378,SLT,0,15,7,,x7 = x0 < x15
0x137A,SUB,3,8,0,,x0 = x3 - x8
0x137C,SUB,9,13,3,,x3 = x9 - x13
0x137E,SH,0,6,-15,,mem [x0-15] = x6
0x1380,MUL,15,13,9,,x9 = x15 * x13
0x1382,SH,15,5,15,,mem [x15+15] = x5
0x1384,SH,3,12,15,,mem [x3+15] = x12
0x1386,SUB,2,14,15,,x15 = x2 - x14
0x1388,LH,3,11,-4,,x11 = mem [x3-4]
0x138A,SLT,12,7,7,,x7 = x12 < x7
0x138C,LH,6,7,-8,,x7 = mem [x6-8]
0x138E,ADD,11,3,2,,x2 = x11 + x3
0x1390,ADD,11,5,0,,x0 = x11 + x5
0x1392,ADD,12,1,15,,x15 = x12 + x1
0x1394,SLT,8,13,12,,x12 = x8 < x13
0x1396,SUB,8,6,4,,x4 = x8 - x6
0x1398,BEQ,3,7,8,,if (x3 == x7): PC = PC + 9
0x139A,SH,7,0,15,,mem [x7+15] = x0
0x139C,SH,9,4,15,,mem [x9+15] = x4
0x139E,MUL,8,2,1,,x1 = x8 * x2
0x13A0,SLT,15,14,4,,x4 = x15 < x14
0x13A2,SH,4,10,15,,mem [x4+15] = x10
0x13A4,LH,3,15,9,,x15 = mem [x3+9]
0x13A6,MUL,12,4,13,,x13 = x12 * x4
0x13A8,LH,5,7,-12,,x7 = mem [x5-12]
0x13AA,SLT,15,12,3,,x3 = x15 < x12
0x13AC,SH,4,2,15,,mem [x4+15] = x2
0x13AE,SUB,15,6,11,,x11 = x15 - x6
0x13B0,SH,5,6,-9,,mem [x5-9] = x6
0x13B2,LH,8,8,15,,x8 = mem [x8+15]
0x13B4,MUL,5,1,2,,x2 = x5 * x1
0x13B6,SLT,12,9,12,,x12 = x12 < x9
0x13B8,SH,14,3,15,,mem [x14+15] = x3
0x13BA,SH,13,15,7,,mem [x13+7] = x15
0x13BC,LH,0,3,2,,x3 = mem [x0+2]
0x13BE,SH,12,15,15,,mem [x12+15] = x15
0x13C0,LH,12,2,9,,x2 = mem [x12+9]
0x13C2,LH,12,4,15,,x4 = mem [x12+15]
0x13C4,SH,12,12,11,,mem [x12+11] = x12
0x13C6,SLT,7,13,3,,x3 = x7 < x13
0x13C8,SH,2,2,15,,mem [x2+15] = x2
0x13CA,LH,6,7,-1,,x7 = mem [x6-1]
0x13CC,LH,9,0,10,,x0 = mem [x9+10]
0x13CE,ADD,6,12,0,,x0 = x6 + x12
0x13D0,SH,15,8,7,,mem [x15+7] = x8
0x13D2,ADD,0,3,6,,x6 = x0 + x3
0x13D4,SH,12,14,15,,mem [x12+15] = x14
0x13D6,SH,6,4,-12,,mem [x6-12] = x4
0x13D8,SH,13,12,2,,mem [x13+2] = x12
0x13DA,SH,5,12,8,,mem [x5+8] = x12
0x13DC,LH,4,0,14,,x0 = mem [x4+14]
0x13DE,ADD,2,10,13,,x13 = x2 + x10
0x13E0,SH,12,4,2,,mem [x12+2] = x4
0x13E2,LH,6,9,13,,x9 = mem [x6+13]
0x13E4,LH,4,8,-4,,x8 = mem [x4-4]
0x13E6,SLT,6,15,6,,x6 = x6 < x15
0x13E8,LH,3,15,15,,x15 = mem [x3+15]
0x13EA,LH,6,14,15,,x14 = mem [x6+15]
0x13EC,LH,4,0,8,,x0 = mem [x4+8]
0x13EE,SH,15,9,15,,mem [x15+15] = x9
0x13F0,ADD,8,15,14,,x14 = x8 + x15
0x13F2,SH,14,15,3,,mem [x14+3] = x15
0x13F4,SH,7,6,-1,,mem [x7-1] = x6
0x13F6,SH,2,5,15,,mem [x2+15] = x5
0x13F8,SUB,13,4,9,,x9 = x13 - x4
0x13FA,ADD,13,13,1,,x1 = x13 + x13
0x13FC,MUL,10,14,8,,x8 = x10 * x14
0x13FE,SH,12,11,12,,mem [x12+12] = x11
0x1400,LH,14,9,-2,,x9 = mem [x14-2]
0x1402,ADD,13,5,8,,x8 = x13 + x5
0x1404,SH,12,4,15,,mem [x12+15] = x4
0x1406,MUL,9,11,0,,x0 = x9 * x11
0x1408,LH,12,1,14,,x1 = mem [x12+14]
0x140A,LH,2,10,9,,x10 = mem [x2+9]
0x140C,LH,3,13,15,,x13 = mem [x3+15]
0x140E,SH,4,11,-2,,mem [x4-2] = x11
0x1410,ADD,6,14,6,,x6 = x6 + x14
0x1412,SUB,3,5,6,,x6 = x3 - x5
0x1414,SH,7,8,11,,mem [x7+11] = x8
0x1416,BEQ,3,3,15,,if (x3 == x3): PC = PC + 16
0x1418,SUB,0,14,15,,x15 = x0 - x14
0x141A,LH,11,9,4,,x9 = mem [x11+4]
0x141C,SLT,1,7,9,,x9 = x1 < x7
0x141E,LH,3,6,4,,x6 = mem [x3+4]
0x1420,BEQ,4,1,7,,if (x4 == x1): PC = PC + 8
0x1422,MUL,7,11,7,,x7 = x7 * x11
0x1424,SLT,5,8,1,,x1 = x5 < x8
0x1426,SH,1,12,9,,mem [x1+9] = x12
0x1428,ADD,11,8,0,,x0 = x11 + x8
0x142A,SH,8,2,-4,,mem [x8-4] = x2
0x142C,SUB,4,7,0,,x0 = x4 - x7
0x142E,LH,10,10,13,,x10 = mem [x10+13]
0x1430,LH,4,6,2,,x6 = mem [x4+2]
0x1432,SH,12,6,6,,mem [x12+6] = x6
0x1434,LH,0,8,5,,x8 = mem [x0+5]
0x1436,SUB,15,6,15,,x15 = x15 - x6
0x1438,BEQ,11,11,11,,if (x11 == x11): PC = PC + 12
0x143A,LH,4,7,12,,x7 = mem [x4+12]
0x143C,MUL,13,1,8,,x8 = x13 * x1
0x143E,LH,13,11,14,,x11 = mem [x13+14]
0x1440,LH,10,7,-2,,x7 = mem [x10-2]
0x1442,LH,9,3,12,,x3 = mem [x9+12]
0x1444,SH,3,9,13,,mem [x3+13] = x9
0x1446,ADD,15,0,4,,x4 = x15 + x0
0x1448,LH,3,14,-14,,x14 = mem [x3-14]
0x144A,SH,14,3,12,,mem [x14+12] = x3
0x144C,MUL,7,13,13,,x13 = x7 * x13
0x144E,LH,7,6,-7,,x6 = mem [x7-7]
0x1450,SUB,0,5,9,,x9 = x0 - x5
0x1452,LH,10,4,4,,x4 = mem [x10+4]
0x1454,MUL,15,11,1,,x1 = x15 * x11
0x1456,SH,2,2,14,,mem [x2+14] = x2
0x1458,BEQ,8,15,7,,if (x8 == x15): PC = PC + 8
0x145A,LH,2,3,1,,x3 = mem [x2+1]
0x145C,LH,10,7,-6,,x7 = mem [x10-6]
0x145E,SH,8,3,-10,,mem [x8-10] = x3
0x1460,SH,2,6,15,,mem [x2+15] = x6
0x1462,MUL,13,5,9,,x9 = x13 * x5
0x1464,SUB,11,14,5,,x5 = x11 - x14
0x1466,BEQ,15,4,15,,if (x15 == x4): PC = PC + 16
0x1468,SUB,3,4,2,,x2 = x3 - x4
0x146A,SUB,1,10,15,,x15 = x1 - x10
0x146C,BEQ,8,7,5,,if (x8 == x7): PC = PC + 6
0x146E,SH,3,14,6,,mem [x3+6] = x14
0x1470,SH,3,15,10,,mem [x3+10] = x15
0x1472,LH,3,15,11,,x15 = mem [x3+11]
0x1474,LH,8,14,-13,,x14 = mem [x8-13]
0x1476,SH,9,6,-15,,mem [x9-15] = x6
0x1478,SH,3,0,15,,mem [x3+15] = x0
0x147A,LH,3,12,15,,x12 = mem [x3+15]
0x147C,SH,3,6,15,,mem [x3+15] = x6
0x147E,LH,9,14,-15,,x14 = mem [x9-15]
0x1480,LH,3,12,15,,x12 = mem [x3+15]
0x1482,ADD,11,13,14,,x14 = x11 + x13
0x1484,SH,3,10,15,,mem [x3+15] = x10
0x1486,BEQ,2,5,7,,if (x2 == x5): PC = PC + 8
0x1488,MUL,7,15,13,,x13 = x7 * x15
0x148A,SH,3,15,15,,mem [x3+15] = x15
0x148C,SH,4,15,10,,mem [x4+10] = x15
0x148E,SLT,8,0,5,,x5 = x8 < x0
0x1490,MUL,5,0,7,,x7 = x5 * x0
0x1492,SH,8,11,-6,,mem [x8-6] = x11
0x1494,MUL,5,5,2,,x2 = x5 * x5
0x1496,ADD,11,1,11,,x11 = x11 + x1
0x1498,MUL,9,14,2,,x2 = x9 * x14
0x149A,SUB,12,4,8,,x8 = x12 - x4
0x149C,LH,3,8,9,,x8 = mem [x3+9]
0x149E,LH,7,13,15,,x13 = mem [x7+15]
0x14A0,SH,3,8,11,,mem [x3+11] = x8
0x14A2,MUL,13,10,10,,x10 = x13 * x10
0x14A4,SH,4,11,-4,,mem [x4-4] = x11
0x14A6,LH,3,11,10,,x11 = mem [x3+10]
0x14A8,SH,5,2,15,,mem [x5+15] = x2
0x14AA,MUL,4,6,4,,x4 = x4 * x6
0x14AC,ADD,7,14,6,,x6 = x7 + x14
0x14AE,LH,7,12,15,,x12 = mem [x7+15]
0x14B0,BEQ,2,15,8,,if (x2 == x15): PC = PC + 9
0x14B2,SUB,4,14,3,,x3 = x4 - x14
0x14B4,SLT,0,12,4,,x4 = x0 < x12
0x14B6,SLT,3,9,5,,x5 = x3 < x9
0x14B8,LH,4,12,15,,x12 = mem [x4+15]
0x14BA,SUB,7,3,8,,x8 = x7 - x3
0x14BC,ADD,8,5,5,,x5 = x8 + x5
0x14BE,SUB,15,13,9,,x9 = x15 - x13
0x14C0,SH,4,14,15,,mem [x4+15] = x14
0x14C2,MUL,0,15,7,,x7 = x0 * x15
0x14C4,MUL,1,2,14,,x14 = x1 * x2
0x14C6,SH,4,14,15,,mem [x4+15] = x14
0x14C8,LH,4,15,15,,x15 = mem [x4+15]
0x14CA,SH,4,14,2,,mem [x4+2] = x14
0x14CC,LH,8,15,6,,x15 = mem [x8+6]
0x14CE,MUL,5,2,15,,x15 = x5 * x2
0x14D0,SH,4,9,15,,mem [x4+15] = x9
0x14D2,SH,4,3,15,,mem [x4+15] = x3
0x14D4,SH,4,13,15,,mem [x4+15] = x13
0x14D6,SH,4,5,15,,mem [x4+15] = x5
0x14D8,SH,4,6,15,,mem [x4+15] = x6
0x14DA,LH,4,10,15,,x10 = mem [x4+15]
0x14DC,LH,4,9,15,,x9 = mem [x4+15]
0x14DE,SUB,5,6,3,,x3 = x5 - x6
0x14E0,BEQ,2,3,3,,if (x2 == x3): PC = PC + 4
0x14E2,SH,5,15,3,,mem [x5+3] = x15
0x14E4,MUL,7,7,9,,x9 = x7 * x7
0x14E6,LH,3,7,1,,x7 = mem [x3+1]
0x14E8,MUL,14,14,6,,x6 = x14 * x14
0x14EA,MUL,11,7,8,,x8 = x11 * x7
0x14EC,LH,3,12,6,,x12 = mem [x3+6]
0x14EE,LH,8,11,13,,x11 = mem [x8+13]
0x14F0,MUL,13,2,8,,x8 = x13 * x2
0x14F2,SUB,13,10,1,,x1 = x13 - x10
0x14F4,BEQ,6,13,4,,if (x6 == x13): PC = PC + 5
0x14F6,SLT,4,4,3,,x3 = x4 < x4
0x14F8,ADD,6,1,8,,x8 = x6 + x1
0x14FA,SH,3,5,15,,mem [x3+15] = x5
0x14FC,BEQ,8,11,1,,if (x8 == x11): PC = PC + 2
0x14FE,ADD,3,12,11,,x11 = x3 + x12
0x1500,LH,3,10,15,,x10 = mem [x3+15]
0x1502,MUL,6,4,0,,x0 = x6 * x4
0x1504,ADD,15,4,1,,x1 = x15 + x4
0x1506,SH,3,5,15,,mem [x3+15] = x5
0x1508,MUL,15,13,10,,x10 = x15 * x13
0x150A,LH,3,3,15,,x3 = mem [x3+15]
0x150C,LH,3,15,9,,x15 = mem [x3+9]
0x150E,SUB,1,9,2,,x2 = x1 - x9
0x1510,SUB,3,9,2,,x2 = x3 - x9
0x1512,SH,15,4,1,,mem [x15+1] = x4
0x1514,LH,15,13,13,,x13 = mem [x15+13]
0x1516,SH,15,6,-5,,mem [x15-5] = x6
0x1518,LH,15,10,10,,x10 = mem [x15+10]
0x151A,LH,3,7,11,,x7 = mem [x3+11]
0x151C,SH,3,0,-12,,mem [x3-12] = x0
0x151E,SH,4,12,10,,mem [x4+10] = x12
0x1520,LH,15,8,9,,x8 = mem [x15+9]
0x1522,ADD,3,11,5,,x5 = x3 + x11
0x1524,BEQ,13,6,9,,if (x13 == x6): PC = PC + 10
0x1526,MUL,15,15,14,,x14 = x15 * x15
0x1528,BEQ,5,15,0,,if (x5 == x15): PC = PC + 1
0x152A,ADD,7,11,15,,x15 = x7 + x11
0x152C,SUB,7,12,2,,x2 = x7 - x12
0x152E,LH,7,2,7,,x2 = mem [x7+7]
0x1530,SLT,15,13,2,,x2 = x15 < x13
0x1532,SH,8,3,-4,,mem [x8-4] = x3
0x1534,SLT,14,1,13,,x13 = x14 < x1
0x1536,SH,7,0,8,,mem [x7+8] = x0
0x1538,BEQ,15,1,7,,if (x15 == x1): PC = PC + 8
0x153A,SH,13,14,15,,mem [x13+15] = x14
0x153C,BEQ,14,8,13,,if (x14 == x8): PC = PC + 14
0x153E,LH,4,13,7,,x13 = mem [x4+7]
0x1540,LH,4,5,4,,x5 = mem [x4+4]
0x1542,LH,7,10,-13,,x10 = mem [x7-13]
0x1544,LH,8,12,12,,x12 = mem [x8+12]
0x1546,BEQ,12,8,6,,if (x12 == x8): PC = PC + 7
0x1548,LH,2,14,3,,x14 = mem [x2+3]
0x154A,LH,7,4,3,,x4 = mem [x7+3]
0x154C,LH,8,9,0,,x9 = mem [x8+0]
0x154E,SUB,10,2,1,,x1 = x10 - x2
0x1550,SLT,5,15,2,,x2 = x5 < x15
0x1552,BEQ,13,15,7,,if (x13 == x15): PC = PC + 8
0x1554,SH,2,7,1,,mem [x2+1] = x7
0x1556,MUL,14,1,10,,x10 = x14 * x1
0x1558,SH,15,7,9,,mem [x15+9] = x7
0x155A,LH,15,2,-12,,x2 = mem [x15-12]
0x155C,LH,7,3,13,,x3 = mem [x7+13]
0x155E,BEQ,4,9,12,,if (x4 == x9): PC = PC + 13
0x1560,LH,7,3,14,,x3 = mem [x7+14]
0x1562,SLT,8,0,6,,x6 = x8 < x0
0x1564,LH,3,15,-11,,x15 = mem [x3-11]
0x1566,SLT,14,9,14,,x14 = x14 < x9
0x1568,LH,14,1,12,,x1 = mem [x14+12]
0x156A,BEQ,3,3,2,,if (x3 == x3): PC = PC + 3
0x156C,MUL,14,13,10,,x10 = x14 * x13
0x156E,SH,1,8,-14,,mem [x1-14] = x8
0x1570,J,0x15B6,,
0x1570,MUL,13,11,9,,x9 = x13 * x11
0x1572,SH,13,9,4,,mem [x13+4] = x9
0x1574,SH,13,5,12,,mem [x13+12] = x5
0x1576,MUL,3,15,14,,x14 = x3 * x15
0x1578,SUB,10,2,14,,x14 = x10 - x2
0x157A,LH,8,12,4,,x12 = mem [x8+4]
0x157C,SH,12,7,13,,mem [x12+13] = x7
0x157E,LH,8,15,-9,,x15 = mem [x8-9]
0x1580,LH,2,14,14,,x14 = mem [x2+14]
0x1582,LH,12,13,5,,x13 = mem [x12+5]
0x1584,ADD,1,5,3,,x3 = x1 + x5
0x1586,LH,8,10,-8,,x10 = mem [x8-8]
0x1588,SH,15,0,-7,,mem [x15-7] = x0
0x158A,SLT,9,1,2,,x2 = x9 < x1
0x158C,ADD,12,1,14,,x14 = x12 + x1
0x158E,ADD,3,0,9,,x9 = x3 + x0
0x1590,SH,8,1,0,,mem [x8+0] = x1
0x1592,SUB,9,13,4,,x4 = x9 - x13
0x1594,MUL,0,13,11,,x11 = x0 * x13
0x1596,ADD,2,2,3,,x3 = x2 + x2
0x1598,SH,12,8,15,,mem [x12+15] = x8
0x159A,SLT,11,3,12,,x12 = x11 < x3
0x159C,LH,8,11,1,,x11 = mem [x8+1]
0x159E,LH,3,2,10,,x2 = mem [x3+10]
0x15A0,J,0x15DE,,
0x15A0,J,0x1578,,
0x15A0,LH,15,14,9,,x14 = mem [x15+9]
0x15A2,LH,15,1,-4,,x1 = mem [x15-4]
0x15A4,LH,10,15,-16,,x15 = mem [x10-16]
0x15A6,LH,4,6,-2,,x6 = mem [x4-2]
0x15A8,LH,1,9,1,,x9 = mem [x1+1]
0x15AA,BEQ,15,8,9,,if (x15 == x8): PC = PC + 10
0x15AC,ADD,6,7,9,,x9 = x6 + x7
0x15AE,BEQ,3,1,13,,if (x3 == x1): PC = PC + 14
0x15B0,SUB,10,9,7,,x7 = x10 - x9
0x15B2,SH,3,14,15,,mem [x3+15] = x14
0x15B4,SLT,15,13,1,,x1 = x15 < x13
0x15B6,SH,14,10,15,,mem [x14+15] = x10
0x15B8,SUB,8,7,6,,x6 = x8 - x7
0x15BA,LH,14,1,2,,x1 = mem [x14+2]
0x15BC,SUB,0,4,14,,x14 = x0 - x4
0x15BE,SH,13,13,-12,,mem [x13-12] = x13
0x15C0,BEQ,10,0,2,,if (x10 == x0): PC = PC + 3
0x15C2,SH,3,3,4,,mem [x3+4] = x3
0x15C4,SLT,8,5,4,,x4 = x8 < x5
0x15C6,SLT,5,14,5,,x5 = x5 < x14
0x15C8,SLT,7,14,2,,x2 = x7 < x14
0x15CA,SUB,9,2,0,,x0 = x9 - x2
0x15CC,MUL,3,0,0,,x0 = x3 * x0
0x15CE,LH,13,15,-9,,x15 = mem [x13-9]
0x15D0,J,0x15AA,,
0x15D0,LH,8,15,-11,,x15 = mem [x8-11]
0x15D2,MUL,6,11,13,,x13 = x6 * x11
0x15D4,MUL,1,11,1,,x1 = x1 * x11
0x15D6,LH,3,14,15,,x14 = mem [x3+15]
0x15D8,MUL,13,12,15,,x15 = x13 * x12
0x15DA,ADD,9,1,7,,x7 = x9 + x1
0x15DC,MUL,14,6,7,,x7 = x14 * x6
0x15DE,SH,8,8,-6,,mem [x8-6] = x8
0x15E0,LH,12,5,3,,x5 = mem [x12+3]
0x15E2,LH,2,8,15,,x8 = mem [x2+15]
0x15E4,LH,2,13,12,,x13 = mem [x2+12]
0x15E6,ADD,2,7,15,,x15 = x2 + x7
0x15E8,SH,2,14,15,,mem [x2+15] = x14
0x15EA,SH,2,11,15,,mem [x2+15] = x11
0x15EC,SUB,12,3,5,,x5 = x12 - x3
0x15EE,SUB,8,8,0,,x0 = x8 - x8
0x15F0,SUB,9,15,6,,x6 = x9 - x15
0x15F2,MUL,12,1,6,,x6 = x12 * x1
0x15F4,SUB,4,13,10,,x10 = x4 - x13
0x15F6,LH,12,15,10,,x15 = mem [x12+10]
0x15F8,SLT,10,10,2,,x2 = x10 < x10
0x15FA,SUB,0,6,12,,x12 = x0 - x6
0x15FC,SUB,13,9,5,,x5 = x13 - x9
0x15FE,LH,3,7,3,,x7 = mem [x3+3]
0x1600,MUL,2,11,8,,x8 = x2 * x11
0x1602,BEQ,4,8,5,,if (x4 == x8): PC = PC + 6
0x1604,SH,8,5,15,,mem [x8+15] = x5
0x1606,SH,14,14,-12,,mem [x14-12] = x14
0x1608,SH,8,10,6,,mem [x8+6] = x10
0x160A,SH,14,11,2,,mem [x14+2] = x11
0x160C,SLT,7,7,6,,x6 = x7 < x7
0x160E,ADD,10,4,3,,x3 = x10 + x4
0x1610,LH,14,12,9,,x12 = mem [x14+9]
0x1612,MUL,1,2,5,,x5 = x1 * x2
0x1614,MUL,5,10,10,,x10 = x5 * x10
0x1616,SH,5,6,14,,mem [x5+14] = x6
0x1618,SH,8,14,15,,mem [x8+15] = x14
0x161A,SH,8,0,2,,mem [x8+2] = x0
0x161C,SH,14,0,15,,mem [x14+15] = x0
0x161E,SH,8,6,4,,mem [x8+4] = x6
0x1620,ADD,13,1,2,,x2 = x13 + x1
0x1622,LH,0,5,13,,x5 = mem [x0+13]
0x1624,LH,10,12,11,,x12 = mem [x10+11]
0x1626,SUB,12,10,12,,x12 = x12 - x10
0x1628,LH,0,13,13,,x13 = mem [x0+13]
0x162A,LH,10,6,12,,x6 = mem [x10+12]
0x162C,ADD,15,8,0,,x0 = x15 + x8
0x162E,SH,8,5,8,,mem [x8+8] = x5
0x1630,SH,8,1,15,,mem [x8+15] = x1
0x1632,LH,14,13,0,,x13 = mem [x14+0]
0x1634,SLT,4,15,14,,x14 = x4 < x15
0x1636,SUB,6,1,3,,x3 = x6 - x1
0x1638,SH,14,6,15,,mem [x14+15] = x6
0x163A,MUL,10,14,12,,x12 = x10 * x14
0x163C,ADD,2,0,14,,x14 = x2 + x0
0x163E,SH,8,6,3,,mem [x8+3] = x6
0x1640,BEQ,14,6,10,,if (x14 == x6): PC = PC + 11
0x1642,SLT,8,7,6,,x6 = x8 < x7
0x1644,SLT,12,4,5,,x5 = x12 < x4
0x1646,BEQ,10,6,8,,if (x10 == x6): PC = PC + 9
0x1648,SH,3,3,-9,,mem [x3-9] = x3
0x164A,LH,14,8,9,,x8 = mem [x14+9]
0x164C,ADD,9,8,0,,x0 = x9 + x8
0x164E,SLT,1,12,5,,x5 = x1 < x12
0x1650,SH,3,1,3,,mem [x3+3] = x1
0x1652,SLT,12,5,13,,x13 = x12 < x5
0x1654,SLT,2,4,13,,x13 = x2 < x4
0x1656,SH,11,10,-10,,mem [x11-10] = x10
0x1658,MUL,0,5,15,,x15 = x0 * x5
0x165A,MUL,14,5,3,,x3 = x14 * x5
0x165C,LH,6,10,15,,x10 = mem [x6+15]
0x165E,MUL,5,9,14,,x14 = x5 * x9
0x1660,SH,12,6,15,,mem [x12+15] = x6
0x1662,SH,3,3,4,,mem [x3+4] = x3
0x1664,SH,8,6,15,,mem [x8+15] = x6
0x1666,LH,15,15,15,,x15 = mem [x15+15]
0x1668,SLT,12,11,14,,x14 = x12 < x11
0x166A,BEQ,4,4,5,,if (x4 == x4): PC = PC + 6
0x166C,LH,11,6,10,,x6 = mem [x11+10]
0x166E,SH,5,14,-12,,mem [x5-12] = x14
0x1670,MUL,6,3,12,,x12 = x6 * x3
0x1672,ADD,0,7,6,,x6 = x0 + x7
0x1674,SUB,5,8,4,,x4 = x5 - x8
0x1676,LH,3,8,15,,x8 = mem [x3+15]
0x1678,SUB,6,8,7,,x7 = x6 - x8
0x167A,LH,8,5,8,,x5 = mem [x8+8]
0x167C,SH,3,15,15,,mem [x3+15] = x15
0x167E,LH,12,5,15,,x5 = mem [x12+15]
0x1680,SH,7,15,15,,mem [x7+15] = x15
0x1682,MUL,1,15,2,,x2 = x1 * x15
0x1684,SH,2,3,15,,mem [x2+15] = x3
0x1686,LH,2,9,7,,x9 = mem [x2+7]
0x1688,BEQ,7,10,7,,if (x7 == x10): PC = PC + 8
0x168A,SLT,3,8,9,,x9 = x3 < x8
0x168C,SUB,1,2,9,,x9 = x1 - x2
0x168E,BEQ,8,11,7,,if (x8 == x11): PC = PC + 8
0x1690,LH,8,15,2,,x15 = mem [x8+2]
0x1692,SLT,12,8,8,,x8 = x12 < x8
0x1694,SH,3,8,15,,mem [x3+15] = x8
0x1696,J,0x16A6,,
0x1696,SH,12,2,15,,mem [x12+15] = x2
0x1698,SUB,6,11,8,,x8 = x6 - x11
0x169A,LH,6,1,6,,x1 = mem [x6+6]
0x169C,LH,14,15,15,,x15 = mem [x14+15]
0x169E,SH,12,8,15,,mem [x12+15] = x8
0x16A0,SLT,1,8,13,,x13 = x1 < x8
0x16A2,LH,2,14,15,,x14 = mem [x2+15]
0x16A4,SLT,14,15,9,,x9 = x14 < x15
0x16A6,LH,14,14,7,,x14 = mem [x14+7]
0x16A8,SH,2,12,4,,mem [x2+4] = x12
0x16AA,LH,12,8,13,,x8 = mem [x12+13]
0x16AC,BEQ,7,1,3,,if (x7 == x1): PC = PC + 4
0x16AE,MUL,13,13,8,,x8 = x13 * x13
0x16B0,MUL,11,8,15,,x15 = x11 * x8
0x16B2,LH,13,1,15,,x1 = mem [x13+15]
0x16B4,SH,5,12,8,,mem [x5+8] = x12
0x16B6,BEQ,10,12,0,,if (x10 == x12): PC = PC + 1
0x16B8,SH,8,10,15,,mem [x8+15] = x10
0x16BA,SUB,6,9,2,,x2 = x6 - x9
0x16BC,SLT,6,6,14,,x14 = x6 < x6
0x16BE,LH,12,13,15,,x13 = mem [x12+15]
0x16C0,SH,13,15,6,,mem [x13+6] = x15
0x16C2,ADD,1,15,6,,x6 = x1 + x15
0x16C4,LH,9,14,7,,x14 = mem [x9+7]
0x16C6,BEQ,12,4,12,,if (x12 == x4): PC = PC + 13
0x16C8,BEQ,15,7,8,,if (x15 == x7): PC = PC + 9
0x16CA,LH,13,11,12,,x11 = mem [x13+12]
0x16CC,ADD,14,12,3,,x3 = x14 + x12
0x16CE,ADD,1,14,10,,x10 = x1 + x14
0x16D0,LH,12,8,2,,x8 = mem [x12+2]
0x16D2,LH,7,9,7,,x9 = mem [x7+7]
0x16D4,LH,13,4,12,,x4 = mem [x13+12]
0x16D6,SUB,4,13,12,,x12 = x4 - x13
0x16D8,MUL,2,2,8,,x8 = x2 * x2
0x16DA,ADD,9,12,12,,x12 = x9 + x12
0x16DC,SH,12,12,13,,mem [x12+13] = x12
0x16DE,SH,7,0,13,,mem [x7+13] = x0
0x16E0,ADD,10,1,2,,x2 = x10 + x1
0x16E2,SUB,15,1,10,,x10 = x15 - x1
0x16E4,LH,8,11,6,,x11 = mem [x8+6]
0x16E6,LH,5,15,12,,x15 = mem [x5+12]
0x16E8,SH,3,1,3,,mem [x3+3] = x1
0x16EA,LH,14,4,15,,x4 = mem [x14+15]
0x16EC,LH,10,6,-6,,x6 = mem [x10-6]
0x16EE,LH,5,8,7,,x8 = mem [x5+7]
0x16F0,SH,12,11,10,,mem [x12+10] = x11
0x16F2,BEQ,2,11,13,,if (x2 == x11): PC = PC + 14
0x16F4,ADD,2,1,12,,x12 = x2 + x1
0x16F6,SUB,0,4,6,,x6 = x0 - x4
0x16F8,SH,3,1,12,,mem [x3+12] = x1
0x16FA,SH,14,1,15,,mem [x14+15] = x1
0x16FC,SH,6,5,9,,mem [x6+9] = x5
0x16FE,SUB,12,12,11,,x11 = x12 - x12
0x1700,MUL,3,1,1,,x1 = x3 * x1
0x1702,LH,13,11,9,,x11 = mem [x13+9]
0x1704,SLT,5,5,13,,x13 = x5 < x5
0x1706,SH,6,10,0,,mem [x6+0] = x10
0x1708,BEQ,12,13,12,,if (x12 == x13): PC = PC + 13
0x170A,SH,6,5,-6,,mem [x6-6] = x5
0x170C,SH,9,8,3,,mem [x9+3] = x8
0x170E,MUL,9,3,0,,x0 = x9 * x3
0x1710,SLT,5,12,12,,x12 = x5 < x12
0x1712,LH,14,4,-3,,x4 = mem [x14-3]
0x1714,LH,4,3,15,,x3 = mem [x4+15]
0x1716,SH,14,15,9,,mem [x14+9] = x15
0x1718,ADD,10,9,13,,x13 = x10 + x9
0x171A,MUL,3,7,9,,x9 = x3 * x7
0x171C,SUB,5,6,14,,x14 = x5 - x6
0x171E,MUL,14,4,6,,x6 = x14 * x4
0x1720,LH,7,12,8,,x12 = mem [x7+8]
0x1722,MUL,9,14,5,,x5 = x9 * x14
0x1724,BEQ,15,11,14,,if (x15 == x11): PC = PC + 15
0x1726,SH,0,8,1,,mem [x0+1] = x8
0x1728,BEQ,4,15,15,,if (x4 == x15): PC = PC + 16
0x172A,BEQ,8,8,11,,if (x8 == x8): PC = PC + 12
0x172C,BEQ,11,5,1,,if (x11 == x5): PC = PC + 2
0x172E,SH,1,4,4,,mem [x1+4] = x4
0x1730,BEQ,3,15,8,,if (x3 == x15): PC = PC + 9
0x1732,SH,4,0,6,,mem [x4+6] = x0
0x1734,LH,15,3,7,,x3 = mem [x15+7]
0x1736,SH,12,9,-8,,mem [x12-8] = x9
0x1738,SLT,0,0,3,,x3 = x0 < x0
0x173A,SH,15,9,-12,,mem [x15-12] = x9
0x173C,ADD,13,14,13,,x13 = x13 + x14
0x173E,SH,2,8,9,,mem [x2+9] = x8
0x1740,LH,3,6,-11,,x6 = mem [x3-11]
0x1742,LH,0,5,15,,x5 = mem [x0+15]
0x1744,SLT,14,0,3,,x3 = x14 < x0
0x1746,SLT,3,9,15,,x15 = x3 < x9
0x1748,SUB,13,12,8,,x8 = x13 - x12
0x174A,ADD,6,12,12,,x12 = x6 + x12
0x174C,SUB,14,12,9,,x9 = x14 - x12
0x174E,LH,3,14,15,,x14 = mem [x3+15]
0x1750,SH,8,9,-10,,mem [x8-10] = x9
0x1752,LH,12,10,12,,x10 = mem [x12+12]
0x1754,MUL,14,9,10,,x10 = x14 * x9
0x1756,SLT,5,12,2,,x2 = x5 < x12
0x1758,SH,4,7,15,,mem [x4+15] = x7
0x175A,SH,3,10,15,,mem [x3+15] = x10
0x175C,MUL,4,13,1,,x1 = x4 * x13
0x175E,LH,6,1,15,,x1 = mem [x6+15]
0x1760,LH,4,9,11,,x9 = mem [x4+11]
0x1762,BEQ,11,9,5,,if (x11 == x9): PC = PC + 6
0x1764,SH,0,2,15,,mem [x0+15] = x2
0x1766,LH,4,12,2,,x12 = mem [x4+2]
0x1768,SH,4,11,10,,mem [x4+10] = x11
0x176A,SUB,11,14,1,,x1 = x11 - x14
0x176C,LH,15,5,7,,x5 = mem [x15+7]
0x176E,LH,15,8,1,,x8 = mem [x15+1]
0x1770,LH,6,2,15,,x2 = mem [x6+15]
0x1772,SH,15,2,15,,mem [x15+15] = x2
0x1774,SH,11,12,0,,mem [x11+0] = x12
0x1776,SH,15,0,15,,mem [x15+15] = x0
0x1778,ADD,8,2,0,,x0 = x8 + x2
0x177A,ADD,8,7,13,,x13 = x8 + x7
0x177C,ADD,2,14,5,,x5 = x2 + x14
0x177E,LH,0,12,15,,x12 = mem [x0+15]
0x1780,BEQ,6,0,6,,if (x6 == x0): PC = PC + 7
0x1782,LH,2,15,15,,x15 = mem [x2+15]
0x1784,SLT,7,13,3,,x3 = x7 < x13
0x1786,ADD,1,9,15,,x15 = x1 + x9
0x1788,SLT,1,5,0,,x0 = x1 < x5
0x178A,LH,6,12,15,,x12 = mem [x6+15]
0x178C,BEQ,8,2,2,,if (x8 == x2): PC = PC + 3
0x178E,SH,11,14,14,,mem [x11+14] = x14
0x1790,BEQ,9,6,14,,if (x9 == x6): PC = PC + 15
0x1792,ADD,0,15,15,,x15 = x0 + x15
0x1794,SLT,15,15,13,,x13 = x15 < x15
0x1796,SUB,11,8,10,,x10 = x11 - x8
0x1798,SUB,1,5,15,,x15 = x1 - x5
0x179A,SUB,4,12,3,,x3 = x4 - x12
0x179C,SH,11,5,2,,mem [x11+2] = x5
0x179E,SLT,13,1,15,,x15 = x13 < x1
0x17A0,MUL,1,14,3,,x3 = x1 * x14
0x17A2,SUB,11,10,2,,x2 = x11 - x10
0x17A4,ADD,2,0,6,,x6 = x2 + x0
0x17A6,LH,7,12,15,,x12 = mem [x7+15]
0x17A8,BEQ,13,6,6,,if (x13 == x6): PC = PC + 7
0x17AA,BEQ,7,2,9,,if (x7 == x2): PC = PC + 10
0x17AC,LH,4,2,2,,x2 = mem [x4+2]
0x17AE,SUB,9,3,15,,x15 = x9 - x3
0x17B0,SH,10,1,-1,,mem [x10-1] = x1
0x17B2,LH,0,2,11,,x2 = mem [x0+11]
0x17B4,SLT,12,5,2,,x2 = x12 < x5
0x17B6,LH,12,8,5,,x8 = mem [x12+5]
0x17B8,SH,10,13,-15,,mem [x10-15] = x13
0x17BA,SH,10,7,-11,,mem [x10-11] = x7
0x17BC,LH,0,9,15,,x9 = mem [x0+15]
0x17BE,SH,9,2,13,,mem [x9+13] = x2
0x17C0,J,0x17F0,,
0x17C0,LH,5,3,-8,,x3 = mem [x5-8]
0x17C2,MUL,3,5,0,,x0 = x3 * x5
0x17C4,SH,7,15,11,,mem [x7+11] = x15
0x17C6,SUB,2,10,0,,x0 = x2 - x10
0x17C8,LH,9,10,-9,,x10 = mem [x9-9]
0x17CA,ADD,5,14,7,,x7 = x5 + x14
0x17CC,MUL,10,5,13,,x13 = x10 * x5
0x17CE,LH,15,15,-7,,x15 = mem [x15-7]
0x17D0,SUB,9,5,9,,x9 = x9 - x5
0x17D2,MUL,14,9,13,,x13 = x14 * x9
0x17D4,LH,9,4,7,,x4 = mem [x9+7]
0x17D6,MUL,2,6,5,,x5 = x2 * x6
0x17D8,SUB,15,1,8,,x8 = x15 - x1
0x17DA,MUL,8,2,15,,x15 = x8 * x2
0x17DC,J,0x1814,,
0x17DC,BEQ,9,3,4,,if (x9 == x3): PC = PC + 5
0x17DE,SUB,14,5,5,,x5 = x14 - x5
0x17E0,BEQ,11,7,4,,if (x11 == x7): PC = PC + 5
0x17E2,MUL,7,7,4,,x4 = x7 * x7
0x17E4,SH,12,7,7,,mem [x12+7] = x7
0x17E6,LH,2,14,15,,x14 = mem [x2+15]
0x17E8,SUB,12,6,14,,x14 = x12 - x6
0x17EA,BEQ,13,13,0,,if (x13 == x13): PC = PC + 1
0x17EC,SH,10,3,3,,mem [x10+3] = x3
0x17EE,LH,4,5,0,,x5 = mem [x4+0]
0x17F0,SH,5,0,15,,mem [x5+15] = x0
0x17F2,LH,4,11,15,,x11 = mem [x4+15]
0x17F4,ADD,4,5,15,,x15 = x4 + x5
0x17F6,LH,2,11,3,,x11 = mem [x2+3]
0x17F8,SLT,5,15,7,,x7 = x5 < x15
0x17FA,BEQ,10,2,12,,if (x10 == x2): PC = PC + 13
0x17FC,J,0x17D2,,
0x17FC,LH,0,10,-11,,x10 = mem [x0-11]
0x17FE,SLT,5,0,3,,x3 = x5 < x0
0x1800,SUB,9,9,13,,x13 = x9 - x9
0x1802,ADD,11,15,0,,x0 = x11 + x15
0x1804,LH,12,5,10,,x5 = mem [x12+10]
0x1806,SH,9,3,2,,mem [x9+2] = x3
0x1808,SH,12,13,12,,mem [x12+12] = x13
0x180A,SLT,8,11,12,,x12 = x8 < x11
0x180C,ADD,14,0,1,,x1 = x14 + x0
0x180E,SH,13,7,14,,mem [x13+14] = x7
0x1810,SH,14,10,-13,,mem [x14-13] = x10
0x1812,LH,5,15,-15,,x15 = mem [x5-15]
0x1814,SLT,14,7,14,,x14 = x14 < x7
0x1816,SH,6,5,10,,mem [x6+10] = x5
0x1818,MUL,13,15,1,,x1 = x13 * x15
0x181A,SH,3,14,12,,mem [x3+12] = x14
0x181C,SUB,15,13,14,,x14 = x15 - x13
0x181E,SUB,1,13,15,,x15 = x1 - x13
0x1820,LH,13,13,15,,x13 = mem [x13+15]
0x1822,MUL,3,5,12,,x12 = x3 * x5
0x1824,SH,3,0,12,,mem [x3+12] = x0
0x1826,LH,12,11,13,,x11 = mem [x12+13]
0x1828,ADD,0,3,6,,x6 = x0 + x3
0x182A,LH,14,9,4,,x9 = mem [x14+4]
0x182C,SUB,15,8,11,,x11 = x15 - x8
0x182E,LH,7,4,10,,x4 = mem [x7+10]
0x1830,SH,12,3,10,,mem [x12+10] = x3
0x1832,SUB,11,3,0,,x0 = x11 - x3
0x1834,LH,12,14,1,,x14 = mem [x12+1]
0x1836,BEQ,3,6,10,,if (x3 == x6): PC = PC + 11
0x1838,LH,3,7,7,,x7 = mem [x3+7]
0x183A,SH,15,4,1,,mem [x15+1] = x4
0x183C,LH,2,10,7,,x10 = mem [x2+7]
0x183E,ADD,0,6,15,,x15 = x0 + x6
0x1840,BEQ,4,12,6,,if (x4 == x12): PC = PC + 7
0x1842,LH,10,7,-5,,x7 = mem [x10-5]
0x1844,BEQ,10,9,0,,if (x10 == x9): PC = PC + 1
0x1846,SH,4,10,15,,mem [x4+15] = x10
0x1848,SH,7,10,-4,,mem [x7-4] = x10
0x184A,ADD,14,8,11,,x11 = x14 + x8
0x184C,SUB,4,8,0,,x0 = x4 - x8
0x184E,BEQ,10,14,2,,if (x10 == x14): PC = PC + 3
0x1850,LH,10,10,12,,x10 = mem [x10+12]
0x1852,BEQ,5,14,3,,if (x5 == x14): PC = PC + 4
0x1854,BEQ,2,12,12,,if (x2 == x12): PC = PC + 13
0x1856,SH,3,3,-5,,mem [x3-5] = x3
0x1858,SH,6,13,11,,mem [x6+11] = x13
0x185A,MUL,15,5,11,,x11 = x15 * x5
0x185C,LH,11,9,7,,x9 = mem [x11+7]
0x185E,BEQ,3,15,3,,if (x3 == x15): PC = PC + 4
0x1860,SH,11,0,5,,mem [x11+5] = x0
0x1862,SH,9,0,9,,mem [x9+9] = x0
0x1864,SUB,8,3,8,,x8 = x8 - x3
0x1866,LH,9,7,1,,x7 = mem [x9+1]
0x1868,LH,15,9,11,,x9 = mem [x15+11]
0x186A,LH,6,5,7,,x5 = mem [x6+7]
0x186C,SLT,8,15,4,,x4 = x8 < x15
0x186E,SH,3,10,15,,mem [x3+15] = x10
0x1870,LH,7,6,3,,x6 = mem [x7+3]
0x1872,SH,9,13,15,,mem [x9+15] = x13
0x1874,SLT,12,7,8,,x8 = x12 < x7
0x1876,ADD,14,6,13,,x13 = x14 + x6
0x1878,MUL,7,12,6,,x6 = x7 * x12
0x187A,SH,12,13,15,,mem [x12+15] = x13
0x187C,BEQ,7,8,12,,if (x7 == x8): PC = PC + 13
0x187E,LH,13,14,15,,x14 = mem [x13+15]
0x1880,SH,8,6,10,,mem [x8+10] = x6
0x1882,SUB,3,9,8,,x8 = x3 - x9
0x1884,ADD,8,12,5,,x5 = x8 + x12
0x1886,BEQ,2,6,8,,if (x2 == x6): PC = PC + 9
0x1888,SLT,15,14,8,,x8 = x15 < x14
0x188A,SLT,7,5,13,,x13 = x7 < x5
0x188C,LH,1,15,9,,x15 = mem [x1+9]
0x188E,ADD,12,0,15,,x15 = x12 + x0
0x1890,LH,2,15,2,,x15 = mem [x2+2]
0x1892,SH,1,2,-4,,mem [x1-4] = x2
0x1894,LH,1,10,-2,,x10 = mem [x1-2]
0x1896,LH,3,3,-6,,x3 = mem [x3-6]
0x1898,LH,6,5,15,,x5 = mem [x6+15]
0x189A,ADD,14,15,10,,x10 = x14 + x15
0x189C,ADD,13,1,8,,x8 = x13 + x1
0x189E,MUL,2,5,10,,x10 = x2 * x5
0x18A0,BEQ,0,0,7,,if (x0 == x0): PC = PC + 8
0x18A2,SUB,3,2,15,,x15 = x3 - x2
0x18A4,SH,13,1,9,,mem [x13+9] = x1
0x18A6,SH,11,4,3,,mem [x11+3] = x4
0x18A8,LH,8,12,-13,,x12 = mem [x8-13]
0x18AA,MUL,10,5,10,,x10 = x10 * x5
0x18AC,SH,9,0,-7,,mem [x9-7] = x0
0x18AE,LH,12,6,-8,,x6 = mem [x12-8]
0x18B0,SLT,0,11,2,,x2 = x0 < x11
0x18B2,SH,5,6,1,,mem [x5+1] = x6
0x18B4,LH,13,6,15,,x6 = mem [x13+15]
0x18B6,MUL,9,2,1,,x1 = x9 * x2
0x18B8,BEQ,11,10,9,,if (x11 == x10): PC = PC + 10
0x18BA,SH,3,7,15,,mem [x3+15] = x7
0x18BC,SUB,10,1,2,,x2 = x10 - x1
0x18BE,BEQ,9,5,13,,if (x9 == x5): PC = PC + 14
0x18C0,ADD,15,15,6,,x6 = x15 + x15
0x18C2,SH,12,8,15,,mem [x12+15] = x8
0x18C4,ADD,14,15,7,,x7 = x14 + x15
0x18C6,SH,8,14,6,,mem [x8+6] = x14
0x18C8,BEQ,5,13,12,,if (x5 == x13): PC = PC + 13
0x18CA,SUB,8,7,6,,x6 = x8 - x7
0x18CC,LH,4,12,13,,x12 = mem [x4+13]
0x18CE,MUL,2,14,12,,x12 = x2 * x14
0x18D0,MUL,10,15,15,,x15 = x10 * x15
0x18D2,SH,11,10,3,,mem [x11+3] = x10
0x18D4,SLT,10,4,1,,x1 = x10 < x4
0x18D6,LH,3,14,-7,,x14 = mem [x3-7]
0x18D8,ADD,13,1,9,,x9 = x13 + x1
0x18DA,SUB,1,15,7,,x7 = x1 - x15
0x18DC,SH,1,5,-6,,mem [x1-6] = x5
0x18DE,LH,1,7,10,,x7 = mem [x1+10]
0x18E0,SUB,7,2,12,,x12 = x7 - x2
0x18E2,LH,8,7,6,,x7 = mem [x8+6]
0x18E4,SUB,3,8,3,,x3 = x3 - x8
0x18E6,ADD,15,3,10,,x10 = x15 + x3
0x18E8,LH,1,0,9,,x0 = mem [x1+9]
0x18EA,MUL,10,2,12,,x12 = x10 * x2
0x18EC,MUL,3,7,9,,x9 = x3 * x7
0x18EE,ADD,4,14,0,,x0 = x4 + x14
0x18F0,LH,8,11,15,,x11 = mem [x8+15]
0x18F2,SH,8,14,3,,mem [x8+3] = x14
0x18F4,LH,2,6,15,,x6 = mem [x2+15]
0x18F6,ADD,11,12,10,,x10 = x11 + x12
0x18F8,SUB,13,15,5,,x5 = x13 - x15
0x18FA,ADD,1,14,3,,x3 = x1 + x14
0x18FC,LH,10,0,-12,,x0 = mem [x10-12]
0x18FE,SH,14,2,5,,mem [x14+5] = x2
0x1900,LH,11,8,9,,x8 = mem [x11+9]
0x1902,SH,6,12,-2,,mem [x6-2] = x12
0x1904,SLT,8,12,9,,x9 = x8 < x12
0x1906,SH,1,11,15,,mem [x1+15] = x11
0x1908,LH,3,8,9,,x8 = mem [x3+9]
0x190A,LH,12,12,4,,x12 = mem [x12+4]
0x190C,SH,1,12,11,,mem [x1+11] = x12
0x190E,SUB,6,11,0,,x0 = x6 - x11
0x1910,LH,9,12,1,,x12 = mem [x9+1]
0x1912,ADD,5,11,12,,x12 = x5 + x11
0x1914,SH,14,1,2,,mem [x14+2] = x1
0x1916,MUL,2,1,9,,x9 = x2 * x1
0x1918,LH,10,6,4,,x6 = mem [x10+4]
0x191A,MUL,7,15,9,,x9 = x7 * x15
0x191C,SH,1,5,14,,mem [x1+14] = x5
0x191E,SLT,6,2,7,,x7 = x6 < x2
0x1920,ADD,11,3,8,,x8 = x11 + x3
0x1922,LH,10,2,3,,x2 = mem [x10+3]
0x1924,SH,1,7,2,,mem [x1+2] = x7
0x1926,SH,1,8,15,,mem [x1+15] = x8
0x1928,MUL,1,13,8,,x8 = x1 * x13
0x192A,LH,1,14,9,,x14 = mem [x1+9]
0x192C,SH,11,13,4,,mem [x11+4] = x13
0x192E,LH,10,6,-16,,x6 = mem [x10-16]
0x1930,MUL,6,0,12,,x12 = x6 * x0
0x1932,ADD,13,11,4,,x4 = x13 + x11
0x1934,SH,13,6,15,,mem [x13+15] = x6
0x1936,SH,1,5,15,,mem [x1+15] = x5
0x1938,LH,6,7,15,,x7 = mem [x6+15]
0x193A,LH,11,5,14,,x5 = mem [x11+14]
0x193C,MUL,14,1,4,,x4 = x14 * x1
0x193E,SUB,7,11,2,,x2 = x7 - x11
0x1940,SH,3,8,-15,,mem [x3-15] = x8
0x1942,LH,1,3,4,,x3 = mem [x1+4]
0x1944,LH,8,7,15,,x7 = mem [x8+15]
0x1946,ADD,6,15,9,,x9 = x6 + x15
0x1948,SH,10,12,-5,,mem [x10-5] = x12
0x194A,LH,6,1,0,,x1 = mem [x6+0]
0x194C,LH,3,6,15,,x6 = mem [x3+15]
0x194E,BEQ,3,4,10,,if (x3 == x4): PC = PC + 11
0x1950,LH,14,4,11,,x4 = mem [x14+11]
0x1952,LH,10,5,4,,x5 = mem [x10+4]
0x1954,MUL,4,4,11,,x11 = x4 * x4
0x1956,MUL,15,12,5,,x5 = x15 * x12
0x1958,SH,2,0,-15,,mem [x2-15] = x0
0x195A,MUL,9,2,2,,x2 = x9 * x2
0x195C,LH,1,6,15,,x6 = mem [x1+15]
0x195E,BEQ,6,15,4,,if (x6 == x15): PC = PC + 5
0x1960,BEQ,12,12,6,,if (x12 == x12): PC = PC + 7
0x1962,MUL,10,1,8,,x8 = x10 * x1
0x1964,ADD,13,13,2,,x2 = x13 + x13
0x1966,BEQ,8,14,0,,if (x8 == x14): PC = PC + 1
0x1968,LH,4,0,15,,x0 = mem [x4+15]
0x196A,ADD,4,4,5,,x5 = x4 + x4
0x196C,ADD,4,11,10,,x10 = x4 + x11
0x196E,ADD,14,6,0,,x0 = x14 + x6
0x1970,LH,4,1,15,,x1 = mem [x4+15]
0x1972,SLT,14,13,3,,x3 = x14 < x13
0x1974,MUL,1,14,10,,x10 = x1 * x14
0x1976,LH,5,12,2,,x12 = mem [x5+2]
0x1978,LH,2,4,3,,x4 = mem [x2+3]
0x197A,LH,2,14,15,,x14 = mem [x2+15]
0x197C,MUL,6,13,10,,x10 = x6 * x13
0x197E,BEQ,6,0,8,,if (x6 == x0): PC = PC + 9
0x1980,SH,14,8,-16,,mem [x14-16] = x8
0x1982,ADD,4,12,13,,x13 = x4 + x12
0x1984,LH,12,1,2,,x1 = mem [x12+2]
0x1986,ADD,4,11,4,,x4 = x4 + x11
0x1988,SLT,8,1,12,,x12 = x8 < x1
0x198A,LH,8,14,15,,x14 = mem [x8+15]
0x198C,SUB,10,1,0,,x0 = x10 - x1
0x198E,SH,4,2,-5,,mem [x4-5] = x2
0x1990,LH,4,0,-10,,x0 = mem [x4-10]
0x1992,SUB,10,8,9,,x9 = x10 - x8
0x1994,SH,1,15,15,,mem [x1+15] = x15
0x1996,SLT,4,5,11,,x11 = x4 < x5
0x1998,SLT,0,0,6,,x6 = x0 < x0
0x199A,SH,0,9,10,,mem [x0+10] = x9
0x199C,SLT,8,13,3,,x3 = x8 < x13
0x199E,ADD,4,1,1,,x1 = x4 + x1
0x19A0,SH,0,10,15,,mem [x0+15] = x10
0x19A2,LH,1,6,5,,x6 = mem [x1+5]
0x19A4,LH,1,11,13,,x11 = mem [x1+13]
0x19A6,LH,0,3,15,,x3 = mem [x0+15]
0x19A8,SH,0,0,1,,mem [x0+1] = x0
0x19AA,SUB,13,2,1,,x1 = x13 - x2
0x19AC,LH,0,4,15,,x4 = mem [x0+15]
0x19AE,LH,6,15,15,,x15 = mem [x6+15]
0x19B0,SUB,7,0,6,,x6 = x7 - x0
0x19B2,LH,8,7,15,,x7 = mem [x8+15]
0x19B4,SUB,7,0,1,,x1 = x7 - x0
0x19B6,LH,0,2,-1,,x2 = mem [x0-1]
0x19B8,SH,8,3,0,,mem [x8+0] = x3
0x19BA,LH,13,7,15,,x7 = mem [x13+15]
0x19BC,SH,8,10,13,,mem [x8+13] = x10
0x19BE,SLT,5,2,13,,x13 = x5 < x2
0x19C0,ADD,2,4,8,,x8 = x2 + x4
0x19C2,SH,11,0,-11,,mem [x11-11] = x0
0x19C4,BEQ,8,13,10,,if (x8 == x13): PC = PC + 11
0x19C6,LH,11,8,2,,x8 = mem [x11+2]
0x19C8,SH,0,11,15,,mem [x0+15] = x11
0x19CA,BEQ,8,2,11,,if (x8 == x2): PC = PC + 12
0x19CC,BEQ,11,5,12,,if (x11 == x5): PC = PC + 13
0x19CE,LH,2,14,15,,x14 = mem [x2+15]
0x19D0,LH,5,6,15,,x6 = mem [x5+15]
0x19D2,SH,12,13,9,,mem [x12+9] = x13
0x19D4,SH,8,1,15,,mem [x8+15] = x1
0x19D6,BEQ,7,15,1,,if (x7 == x15): PC = PC + 2
0x19D8,SH,7,2,15,,mem [x7+15] = x2
0x19DA,SH,5,6,15,,mem [x5+15] = x6
0x19DC,SH,8,11,11,,mem [x8+11] = x11
0x19DE,SH,0,3,15,,mem [x0+15] = x3
0x19E0,LH,0,0,-1,,x0 = mem [x0-1]
0x19E2,LH,0,4,5,,x4 = mem [x0+5]
0x19E4,SH,11,6,-5,,mem [x11-5] = x6
0x19E6,ADD,14,0,6,,x6 = x14 + x0
0x19E8,BEQ,2,9,12,,if (x2 == x9): PC = PC + 13
0x19EA,SH,2,15,6,,mem [x2+6] = x15
0x19EC,ADD,10,15,10,,x10 = x10 + x15
0x19EE,BEQ,14,10,15,,if (x14 == x10): PC = PC + 16
0x19F0,LH,2,11,15,,x11 = mem [x2+15]
0x19F2,SH,8,7,12,,mem [x8+12] = x7
0x19F4,LH,2,15,15,,x15 = mem [x2+15]
0x19F6,SH,13,1,12,,mem [x13+12] = x1
0x19F8,BEQ,10,1,13,,if (x10 == x1): PC = PC + 14
0x19FA,SLT,9,11,14,,x14 = x9 < x11
0x19FC,SH,5,2,15,,mem [x5+15] = x2
0x19FE,BEQ,5,3,0,,if (x5 == x3): PC = PC + 1
0x1A00,SH,14,12,14,,mem [x14+14] = x12
0x1A02,SLT,13,6,3,,x3 = x13 < x6
0x1A04,ADD,14,2,3,,x3 = x14 + x2
0x1A06,ADD,1,9,4,,x4 = x1 + x9
0x1A08,ADD,9,2,3,,x3 = x9 + x2
0x1A0A,SH,15,7,4,,mem [x15+4] = x7
0x1A0C,MUL,8,13,12,,x12 = x8 * x13
0x1A0E,LH,11,4,9,,x4 = mem [x11+9]
0x1A10,LH,0,4,15,,x4 = mem [x0+15]
0x1A12,SH,5,15,2,,mem [x5+2] = x15
0x1A14,LH,11,5,-11,,x5 = mem [x11-11]
0x1A16,LH,11,12,-9,,x12 = mem [x11-9]
0x1A18,SH,14,6,7,,mem [x14+7] = x6
0x1A1A,LH,2,2,11,,x2 = mem [x2+11]
0x1A1C,ADD,14,12,15,,x15 = x14 + x12
0x1A1E,MUL,1,5,4,,x4 = x1 * x5
0x1A20,SH,6,3,15,,mem [x6+15] = x3
0x1A22,MUL,7,7,8,,x8 = x7 * x7
0x1A24,BEQ,1,11,7,,if (x1 == x11): PC = PC + 8
0x1A26,LH,13,5,2,,x5 = mem [x13+2]
0x1A28,SH,5,4,6,,mem [x5+6] = x4
0x1A2A,SH,5,5,9,,mem [x5+9] = x5
0x1A2C,SH,13,6,9,,mem [x13+9] = x6
0x1A2E,SUB,4,11,7,,x7 = x4 - x11
0x1A30,MUL,9,6,0,,x0 = x9 * x6
0x1A32,ADD,8,5,5,,x5 = x8 + x5
0x1A34,SH,6,2,9,,mem [x6+9] = x2
0x1A36,MUL,5,14,0,,x0 = x5 * x14
0x1A38,SH,11,8,-6,,mem [x11-6] = x8
0x1A3A,SLT,4,5,5,,x5 = x4 < x5
0x1A3C,ADD,6,2,15,,x15 = x6 + x2
0x1A3E,BEQ,6,11,5,,if (x6 == x11): PC = PC + 6
0x1A40,LH,11,2,8,,x2 = mem [x11+8]
0x1A42,SH,2,5,15,,mem [x2+15] = x5
0x1A44,SUB,2,14,4,,x4 = x2 - x14
0x1A46,ADD,15,6,5,,x5 = x15 + x6
0x1A48,SUB,14,12,13,,x13 = x14 - x12
0x1A4A,MUL,10,0,11,,x11 = x10 * x0
0x1A4C,SUB,3,11,1,,x1 = x3 - x11
0x1A4E,BEQ,7,2,13,,if (x7 == x2): PC = PC + 14
0x1A50,BEQ,3,12,11,,if (x3 == x12): PC = PC + 12
0x1A52,SH,2,14,4,,mem [x2+4] = x14
0x1A54,MUL,2,2,1,,x1 = x2 * x2
0x1A56,SUB,3,12,1,,x1 = x3 - x12
0x1A58,SUB,10,7,8,,x8 = x10 - x7
0x1A5A,SUB,11,15,10,,x10 = x11 - x15
0x1A5C,ADD,2,15,9,,x9 = x2 + x15
0x1A5E,SH,13,13,5,,mem [x13+5] = x13
0x1A60,MUL,0,14,7,,x7 = x0 * x14
0x1A62,LH,2,8,15,,x8 = mem [x2+15]
0x1A64,SUB,0,6,15,,x15 = x0 - x6
0x1A66,MUL,4,7,3,,x3 = x4 * x7
0x1A68,SLT,13,8,13,,x13 = x13 < x8
0x1A6A,LH,13,13,15,,x13 = mem [x13+15]
0x1A6C,LH,4,7,4,,x7 = mem [x4+4]
0x1A6E,LH,13,7,15,,x7 = mem [x13+15]
0x1A70,SH,14,7,15,,mem [x14+15] = x7
0x1A72,BEQ,8,8,5,,if (x8 == x8): PC = PC + 6
0x1A74,LH,7,3,-8,,x3 = mem [x7-8]
0x1A76,ADD,7,14,13,,x13 = x7 + x14
0x1A78,BEQ,7,0,10,,if (x7 == x0): PC = PC + 11
0x1A7A,SLT,4,9,0,,x0 = x4 < x9
0x1A7C,BEQ,0,14,4,,if (x0 == x14): PC = PC + 5
0x1A7E,SUB,4,5,14,,x14 = x4 - x5
0x1A80,SH,8,14,1,,mem [x8+1] = x14
0x1A82,MUL,10,8,11,,x11 = x10 * x8
0x1A84,BEQ,9,7,0,,if (x9 == x7): PC = PC + 1
0x1A86,SLT,12,9,10,,x10 = x12 < x9
0x1A88,SH,14,7,12,,mem [x14+12] = x7
0x1A8A,SUB,11,0,1,,x1 = x11 - x0
0x1A8C,SH,2,2,0,,mem [x2+0] = x2
0x1A8E,LH,7,8,3,,x8 = mem [x7+3]
0x1A90,SH,2,12,15,,mem [x2+15] = x12
0x1A92,LH,2,3,-2,,x3 = mem [x2-2]
0x1A94,LH,2,13,10,,x13 = mem [x2+10]
0x1A96,SH,2,5,15,,mem [x2+15] = x5
0x1A98,LH,4,0,15,,x0 = mem [x4+15]
0x1A9A,LH,8,7,8,,x7 = mem [x8+8]
0x1A9C,LH,11,15,15,,x15 = mem [x11+15]
0x1A9E,LH,6,11,-10,,x11 = mem [x6-10]
0x1AA0,BEQ,8,12,5,,if (x8 == x12): PC = PC + 6
0x1AA2,LH,8,1,15,,x1 = mem [x8+15]
0x1AA4,ADD,1,9,12,,x12 = x1 + x9
0x1AA6,SH,14,1,0,,mem [x14+0] = x1
0x1AA8,SH,14,2,-3,,mem [x14-3] = x2
0x1AAA,BEQ,0,12,4,,if (x0 == x12): PC = PC + 5
0x1AAC,SLT,10,14,0,,x0 = x10 < x14
0x1AAE,SH,6,6,-13,,mem [x6-13] = x6
0x1AB0,LH,6,0,-3,,x0 = mem [x6-3]
0x1AB2,LH,4,0,5,,x0 = mem [x4+5]
0x1AB4,SUB,4,5,3,,x3 = x4 - x5
0x1AB6,SH,14,8,-12,,mem [x14-12] = x8
0x1AB8,BEQ,11,12,6,,if (x11 == x12): PC = PC + 7
0x1ABA,LH,14,2,13,,x2 = mem [x14+13]
0x1ABC,SH,7,14,11,,mem [x7+11] = x14
0x1ABE,SH,7,3,-1,,mem [x7-1] = x3
0x1AC0,LH,14,13,-10,,x13 = mem [x14-10]
0x1AC2,SUB,7,1,2,,x2 = x7 - x1
0x1AC4,LH,13,5,15,,x5 = mem [x13+15]
0x1AC6,SUB,0,2,8,,x8 = x0 - x2
0x1AC8,BEQ,6,6,8,,if (x6 == x6): PC = PC + 9
0x1ACA,SH,11,13,-15,,mem [x11-15] = x13
0x1ACC,BEQ,8,5,10,,if (x8 == x5): PC = PC + 11
0x1ACE,SUB,0,15,3,,x3 = x0 - x15
0x1AD0,SUB,2,9,15,,x15 = x2 - x9
0x1AD2,LH,9,15,-8,,x15 = mem [x9-8]
0x1AD4,SUB,10,10,1,,x1 = x10 - x10
0x1AD6,SLT,12,10,10,,x10 = x12 < x10
0x1AD8,SH,6,5,-4,,mem [x6-4] = x5
0x1ADA,LH,0,9,15,,x9 = mem [x0+15]
0x1ADC,BEQ,13,1,7,,if (x13 == x1): PC = PC + 8
0x1ADE,SH,6,2,-16,,mem [x6-16] = x2
0x1AE0,SH,9,10,15,,mem [x9+15] = x10
0x1AE2,SH,10,5,5,,mem [x10+5] = x5
0x1AE4,SLT,5,2,13,,x13 = x5 < x2
0x1AE6,BEQ,13,13,15,,if (x13 == x13): PC = PC + 16
0x1AE8,MUL,1,13,13,,x13 = x1 * x13
0x1AEA,LH,7,5,8,,x5 = mem [x7+8]
0x1AEC,MUL,14,0,9,,x9 = x14 * x0
0x1AEE,MUL,14,3,7,,x7 = x14 * x3
0x1AF0,SH,9,10,12,,mem [x9+12] = x10
0x1AF2,LH,11,5,13,,x5 = mem [x11+13]
0x1AF4,SH,14,13,-3,,mem [x14-3] = x13
0x1AF6,SLT,6,9,14,,x14 = x6 < x9
0x1AF8,MUL,9,9,0,,x0 = x9 * x9
0x1AFA,SLT,0,11,14,,x14 = x0 < x11
0x1AFC,SUB,8,4,13,,x13 = x8 - x4
0x1AFE,SUB,15,2,2,,x2 = x15 - x2
0x1B00,LH,6,15,-15,,x15 = mem [x6-15]
0x1B02,MUL,9,3,7,,x7 = x9 * x3
0x1B04,ADD,13,2,14,,x14 = x13 + x2
0x1B06,SLT,11,6,1,,x1 = x11 < x6
0x1B08,SH,15,9,4,,mem [x15+4] = x9
0x1B0A,SH,9,0,15,,mem [x9+15] = x0
0x1B0C,SH,14,11,-6,,mem [x14-6] = x11
0x1B0E,SH,13,4,10,,mem [x13+10] = x4
0x1B10,BEQ,15,12,8,,if (x15 == x12): PC = PC + 9
0x1B12,LH,2,13,5,,x13 = mem [x2+5]
0x1B14,BEQ,14,12,5,,if (x14 == x12): PC = PC + 6
0x1B16,LH,9,2,13,,x2 = mem [x9+13]
0x1B18,BEQ,1,7,10,,if (x1 == x7): PC = PC + 11
0x1B1A,LH,0,14,1,,x14 = mem [x0+1]
0x1B1C,MUL,5,6,15,,x15 = x5 * x6
0x1B1E,SH,9,13,15,,mem [x9+15] = x13
0x1B20,ADD,6,12,4,,x4 = x6 + x12
0x1B22,SH,6,9,11,,mem [x6+11] = x9
0x1B24,SH,7,3,14,,mem [x7+14] = x3
0x1B26,ADD,5,2,1,,x1 = x5 + x2
0x1B28,SLT,14,5,6,,x6 = x14 < x5
0x1B2A,ADD,7,15,10,,x10 = x7 + x15
0x1B2C,ADD,7,5,10,,x10 = x7 + x5
0x1B2E,LH,3,6,9,,x6 = mem [x3+9]
0x1B30,SLT,9,2,5,,x5 = x9 < x2
0x1B32,SH,5,7,15,,mem [x5+15] = x7
0x1B34,SH,9,13,0,,mem [x9+0] = x13
0x1B36,LH,13,5,-4,,x5 = mem [x13-4]
0x1B38,ADD,3,5,2,,x2 = x3 + x5
0x1B3A,MUL,11,2,0,,x0 = x11 * x2
0x1B3C,ADD,8,6,5,,x5 = x8 + x6
0x1B3E,ADD,0,2,10,,x10 = x0 + x2
0x1B40,LH,2,13,11,,x13 = mem [x2+11]
0x1B42,SH,0,10,15,,mem [x0+15] = x10
0x1B44,LH,3,2,0,,x2 = mem [x3+0]
0x1B46,LH,10,14,9,,x14 = mem [x10+9]
0x1B48,SH,11,12,15,,mem [x11+15] = x12
0x1B4A,LH,6,7,-5,,x7 = mem [x6-5]
0x1B4C,SLT,15,13,2,,x2 = x15 < x13
0x1B4E,BEQ,7,11,9,,if (x7 == x11): PC = PC + 10
0x1B50,SUB,8,5,2,,x2 = x8 - x5
0x1B52,LH,10,14,2,,x14 = mem [x10+2]
0x1B54,MUL,0,2,3,,x3 = x0 * x2
0x1B56,SH,0,4,7,,mem [x0+7] = x4
0x1B58,LH,14,3,7,,x3 = mem [x14+7]
0x1B5A,SLT,11,6,10,,x10 = x11 < x6
0x1B5C,SLT,4,4,4,,x4 = x4 < x4
0x1B5E,SUB,4,11,15,,x15 = x4 - x11
0x1B60,LH,0,6,15,,x6 = mem [x0+15]
0x1B62,ADD,8,5,9,,x9 = x8 + x5
0x1B64,SH,10,3,15,,mem [x10+15] = x3
0x1B66,MUL,4,5,1,,x1 = x4 * x5
0x1B68,LH,14,3,-15,,x3 = mem [x14-15]
0x1B6A,SH,14,11,4,,mem [x14+4] = x11
0x1B6C,LH,4,11,15,,x11 = mem [x4+15]
0x1B6E,LH,0,11,15,,x11 = mem [x0+15]
0x1B70,ADD,11,7,14,,x14 = x11 + x7
0x1B72,BEQ,10,10,11,,if (x10 == x10): PC = PC + 12
0x1B74,SH,13,3,14,,mem [x13+14] = x3
0x1B76,LH,5,0,-10,,x0 = mem [x5-10]
0x1B78,LH,15,4,12,,x4 = mem [x15+12]
0x1B7A,SUB,1,9,8,,x8 = x1 - x9
0x1B7C,SH,6,12,-6,,mem [x6-6] = x12
0x1B7E,BEQ,4,4,10,,if (x4 == x4): PC = PC + 11
0x1B80,SH,12,6,5,,mem [x12+5] = x6
0x1B82,LH,4,14,5,,x14 = mem [x4+5]
0x1B84,BEQ,9,13,5,,if (x9 == x13): PC = PC + 6
0x1B86,LH,13,4,-7,,x4 = mem [x13-7]
0x1B88,ADD,6,0,10,,x10 = x6 + x0
0x1B8A,LH,10,3,15,,x3 = mem [x10+15]
0x1B8C,SUB,10,13,14,,x14 = x10 - x13
0x1B8E,SUB,9,5,7,,x7 = x9 - x5
0x1B90,SH,10,3,15,,mem [x10+15] = x3
0x1B92,SH,3,9,-13,,mem [x3-13] = x9
0x1B94,ADD,14,5,14,,x14 = x14 + x5
0x1B96,BEQ,6,9,13,,if (x6 == x9): PC = PC + 14
0x1B98,SUB,15,3,9,,x9 = x15 - x3
0x1B9A,LH,10,9,15,,x9 = mem [x10+15]
0x1B9C,J,0x1BF8,,
0x1B9C,LH,14,1,14,,x1 = mem [x14+14]
0x1B9E,SH,0,13,-10,,mem [x0-10] = x13
0x1BA0,SH,2,2,0,,mem [x2+0] = x2
0x1BA2,ADD,7,14,3,,x3 = x7 + x14
0x1BA4,SLT,12,11,1,,x1 = x12 < x11
0x1BA6,LH,11,14,8,,x14 = mem [x11+8]
0x1BA8,LH,6,8,12,,x8 = mem [x6+12]
0x1BAA,SH,10,10,-9,,mem [x10-9] = x10
0x1BAC,BEQ,1,10,8,,if (x1 == x10): PC = PC + 9
0x1BAE,BEQ,15,3,15,,if (x15 == x3): PC = PC + 16
0x1BB0,SH,6,10,15,,mem [x6+15] = x10
0x1BB2,LH,1,13,15,,x13 = mem [x1+15]
0x1BB4,MUL,11,9,8,,x8 = x11 * x9
0x1BB6,SH,1,15,5,,mem [x1+5] = x15
0x1BB8,SH,11,7,15,,mem [x11+15] = x7
0x1BBA,SUB,5,8,2,,x2 = x5 - x8
0x1BBC,SH,14,3,12,,mem [x14+12] = x3
0x1BBE,SH,1,10,14,,mem [x1+14] = x10
0x1BC0,SH,14,10,7,,mem [x14+7] = x10
0x1BC2,J,0x1C1E,,
0x1BC2,BEQ,2,15,9,,if (x2 == x15): PC = PC + 10
0x1BC4,SLT,3,5,0,,x0 = x3 < x5
0x1BC6,SLT,2,1,6,,x6 = x2 < x1
0x1BC8,LH,13,14,3,,x14 = mem [x13+3]
0x1BCA,ADD,12,13,15,,x15 = x12 + x13
0x1BCC,LH,6,9,15,,x9 = mem [x6+15]
0x1BCE,LH,14,3,15,,x3 = mem [x14+15]
0x1BD0,SUB,3,6,10,,x10 = x3 - x6
0x1BD2,SH,14,14,15,,mem [x14+15] = x14
0x1BD4,LH,10,15,-1,,x15 = mem [x10-1]
0x1BD6,ADD,8,9,4,,x4 = x8 + x9
0x1BD8,SLT,8,1,11,,x11 = x8 < x1
0x1BDA,SH,3,13,7,,mem [x3+7] = x13
0x1BDC,J,0x1BBA,,
0x1BDC,BEQ,11,14,14,,if (x11 == x14): PC = PC + 15
0x1BDE,ADD,15,9,13,,x13 = x15 + x9
0x1BE0,MUL,7,5,10,,x10 = x7 * x5
0x1BE2,MUL,13,11,1,,x1 = x13 * x11
0x1BE4,LH,13,15,10,,x15 = mem [x13+10]
0x1BE6,MUL,3,15,0,,x0 = x3 * x15
0x1BE8,SH,4,7,15,,mem [x4+15] = x7
0x1BEA,MUL,7,2,12,,x12 = x7 * x2
0x1BEC,LH,15,12,1,,x12 = mem [x15+1]
0x1BEE,BEQ,4,7,3,,if (x4 == x7): PC = PC + 4
0x1BF0,SH,9,15,-9,,mem [x9-9] = x15
0x1BF2,LH,13,0,-2,,x0 = mem [x13-2]
0x1BF4,LH,15,0,14,,x0 = mem [x15+14]
0x1BF6,LH,4,8,15,,x8 = mem [x4+15]
0x1BF8,SLT,5,13,10,,x10 = x5 < x13
0x1BFA,LH,13,11,15,,x11 = mem [x13+15]
0x1BFC,SUB,3,10,12,,x12 = x3 - x10
0x1BFE,SUB,14,9,3,,x3 = x14 - x9
0x1C00,J,0x1BE0,,
0x1C00,MUL,7,7,2,,x2 = x7 * x7
0x1C02,SH,14,13,-10,,mem [x14-10] = x13
0x1C04,SH,15,0,-4,,mem [x15-4] = x0
0x1C06,SH,6,15,1,,mem [x6+1] = x15
0x1C08,SUB,0,13,15,,x15 = x0 - x13
0x1C0A,SH,8,5,11,,mem [x8+11] = x5
0x1C0C,SH,13,7,-2,,mem [x13-2] = x7
0x1C0E,LH,11,1,15,,x1 = mem [x11+15]
0x1C10,SH,10,4,14,,mem [x10+14] = x4
0x1C12,SH,6,5,6,,mem [x6+6] = x5
0x1C14,SH,6,10,4,,mem [x6+4] = x10
0x1C16,LH,10,7,-6,,x7 = mem [x10-6]
0x1C18,MUL,7,10,12,,x12 = x7 * x10
0x1C1A,LH,6,13,10,,x13 = mem [x6+10]
0x1C1C,LH,6,5,15,,x5 = mem [x6+15]
0x1C1E,SUB,2,12,7,,x7 = x2 - x12
0x1C20,SH,8,7,15,,mem [x8+15] = x7
0x1C22,LH,10,12,-1,,x12 = mem [x10-1]
0x1C24,LH,11,8,15,,x8 = mem [x11+15]
0x1C26,MUL,0,1,15,,x15 = x0 * x1
0x1C28,LH,6,13,15,,x13 = mem [x6+15]
0x1C2A,BEQ,2,14,10,,if (x2 == x14): PC = PC + 11
0x1C2C,MUL,4,11,7,,x7 = x4 * x11
0x1C2E,LH,6,14,4,,x14 = mem [x6+4]
0x1C30,LH,6,4,15,,x4 = mem [x6+15]
0x1C32,SH,6,0,3,,mem [x6+3] = x0
0x1C34,ADD,0,3,10,,x10 = x0 + x3
0x1C36,SLT,4,0,1,,x1 = x4 < x0
0x1C38,SH,7,6,10,,mem [x7+10] = x6
0x1C3A,SH,6,8,15,,mem [x6+15] = x8
0x1C3C,SH,14,6,-16,,mem [x14-16] = x6
0x1C3E,LH,12,1,-3,,x1 = mem [x12-3]
0x1C40,SLT,1,8,9,,x9 = x1 < x8
0x1C42,SH,9,0,7,,mem [x9+7] = x0
0x1C44,SUB,1,3,8,,x8 = x1 - x3
0x1C46,SH,6,11,15,,mem [x6+15] = x11
0x1C48,SLT,11,9,1,,x1 = x11 < x9
0x1C4A,ADD,15,14,10,,x10 = x15 + x14
0x1C4C,SUB,3,4,5,,x5 = x3 - x4
0x1C4E,SLT,0,13,2,,x2 = x0 < x13
0x1C50,MUL,3,6,1,,x1 = x3 * x6
0x1C52,BEQ,0,15,9,,if (x0 == x15): PC = PC + 10
0x1C54,ADD,7,8,4,,x4 = x7 + x8
0x1C56,BEQ,12,3,7,,if (x12 == x3): PC = PC + 8
0x1C58,SH,12,5,5,,mem [x12+5] = x5
0x1C5A,SH,6,10,15,,mem [x6+15] = x10
0x1C5C,LH,9,0,0,,x0 = mem [x9+0]
0x1C5E,SLT,15,13,14,,x14 = x15 < x13
0x1C60,SLT,10,4,9,,x9 = x10 < x4
0x1C62,SH,14,8,12,,mem [x14+12] = x8
0x1C64,LH,14,5,6,,x5 = mem [x14+6]
0x1C66,SUB,0,6,9,,x9 = x0 - x6
0x1C68,BEQ,1,1,13,,if (x1 == x1): PC = PC + 14
0x1C6A,MUL,7,11,10,,x10 = x7 * x11
0x1C6C,ADD,2,11,12,,x12 = x2 + x11
0x1C6E,BEQ,7,2,0,,if (x7 == x2): PC = PC + 1
0x1C70,BEQ,5,11,7,,if (x5 == x11): PC = PC + 8
0x1C72,SH,9,5,-6,,mem [x9-6] = x5
0x1C74,SH,10,1,-2,,mem [x10-2] = x1
0x1C76,ADD,13,2,11,,x11 = x13 + x2
0x1C78,SH,7,12,-14,,mem [x7-14] = x12
0x1C7A,LH,10,8,13,,x8 = mem [x10+13]
0x1C7C,ADD,6,11,10,,x10 = x6 + x11
0x1C7E,SH,13,9,14,,mem [x13+14] = x9
0x1C80,SH,9,3,5,,mem [x9+5] = x3
0x1C82,BEQ,3,12,8,,if (x3 == x12): PC = PC + 9
0x1C84,LH,14,8,15,,x8 = mem [x14+15]
0x1C86,LH,9,10,12,,x10 = mem [x9+12]
0x1C88,BEQ,13,4,5,,if (x13 == x4): PC = PC + 6
0x1C8A,SUB,10,8,0,,x0 = x10 - x8
0x1C8C,MUL,0,11,2,,x2 = x0 * x11
0x1C8E,SUB,8,10,6,,x6 = x8 - x10
0x1C90,ADD,3,4,1,,x1 = x3 + x4
0x1C92,SUB,10,4,13,,x13 = x10 - x4
0x1C94,SLT,13,3,7,,x7 = x13 < x3
0x1C96,SH,7,3,15,,mem [x7+15] = x3
0x1C98,SH,14,5,0,,mem [x14+0] = x5
0x1C9A,ADD,13,5,6,,x6 = x13 + x5
0x1C9C,LH,2,4,15,,x4 = mem [x2+15]
0x1C9E,BEQ,1,5,9,,if (x1 == x5): PC = PC + 10
0x1CA0,SUB,2,15,13,,x13 = x2 - x15
0x1CA2,BEQ,8,10,12,,if (x8 == x10): PC = PC + 13
0x1CA4,LH,9,15,10,,x15 = mem [x9+10]
0x1CA6,SH,12,7,7,,mem [x12+7] = x7
0x1CA8,SUB,7,2,4,,x4 = x7 - x2
0x1CAA,MUL,1,10,5,,x5 = x1 * x10
0x1CAC,ADD,10,3,15,,x15 = x10 + x3
0x1CAE,LH,9,1,-1,,x1 = mem [x9-1]
0x1CB0,SH,9,3,12,,mem [x9+12] = x3
0x1CB2,LH,7,6,1,,x6 = mem [x7+1]
0x1CB4,SUB,11,14,15,,x15 = x11 - x14
0x1CB6,LH,6,8,6,,x8 = mem [x6+6]
0x1CB8,SUB,2,14,8,,x8 = x2 - x14
0x1CBA,SH,14,9,15,,mem [x14+15] = x9
0x1CBC,LH,11,2,1,,x2 = mem [x11+1]
0x1CBE,BEQ,2,9,2,,if (x2 == x9): PC = PC + 3
0x1CC0,BEQ,12,3,9,,if (x12 == x3): PC = PC + 10
0x1CC2,MUL,8,0,9,,x9 = x8 * x0
0x1CC4,SH,6,13,13,,mem [x6+13] = x13
0x1CC6,LH,12,14,1,,x14 = mem [x12+1]
0x1CC8,SLT,5,9,12,,x12 = x5 < x9
0x1CCA,SH,2,5,-12,,mem [x2-12] = x5
0x1CCC,SH,4,7,15,,mem [x4+15] = x7
0x1CCE,SH,2,14,-11,,mem [x2-11] = x14
0x1CD0,MUL,10,5,6,,x6 = x10 * x5
0x1CD2,LH,11,2,15,,x2 = mem [x11+15]
0x1CD4,LH,7,8,15,,x8 = mem [x7+15]
0x1CD6,SUB,7,14,4,,x4 = x7 - x14
0x1CD8,SUB,1,3,0,,x0 = x1 - x3
0x1CDA,LH,2,5,15,,x5 = mem [x2+15]
0x1CDC,SH,9,7,2,,mem [x9+2] = x7
0x1CDE,SH,2,0,15,,mem [x2+15] = x0
0x1CE0,ADD,10,11,6,,x6 = x10 + x11
0x1CE2,LH,5,3,15,,x3 = mem [x5+15]
0x1CE4,LH,10,4,4,,x4 = mem [x10+4]
0x1CE6,SH,2,15,15,,mem [x2+15] = x15
0x1CE8,SLT,14,7,6,,x6 = x14 < x7
0x1CEA,SLT,2,13,8,,x8 = x2 < x13
0x1CEC,BEQ,5,11,14,,if (x5 == x11): PC = PC + 15
0x1CEE,MUL,0,6,8,,x8 = x0 * x6
0x1CF0,SH,1,1,14,,mem [x1+14] = x1
0x1CF2,LH,9,10,-2,,x10 = mem [x9-2]
0x1CF4,MUL,4,5,14,,x14 = x4 * x5
0x1CF6,LH,1,11,0,,x11 = mem [x1+0]
0x1CF8,MUL,9,6,0,,x0 = x9 * x6
0x1CFA,ADD,9,3,7,,x7 = x9 + x3
0x1CFC,SLT,13,15,3,,x3 = x13 < x15
0x1CFE,SH,0,1,1,,mem [x0+1] = x1
0x1D00,SH,2,10,-6,,mem [x2-6] = x10
0x1D02,ADD,7,6,9,,x9 = x7 + x6
0x1D04,SUB,14,12,5,,x5 = x14 - x12
0x1D06,SUB,9,9,15,,x15 = x9 - x9
0x1D08,LH,12,10,0,,x10 = mem [x12+0]
0x1D0A,SUB,7,0,0,,x0 = x7 - x0
0x1D0C,BEQ,4,10,15,,if (x4 == x10): PC = PC + 16
0x1D0E,LH,10,11,-8,,x11 = mem [x10-8]
0x1D10,SUB,10,0,9,,x9 = x10 - x0
0x1D12,MUL,8,6,12,,x12 = x8 * x6
0x1D14,SUB,1,13,3,,x3 = x1 - x13
0x1D16,LH,6,12,7,,x12 = mem [x6+7]
0x1D18,ADD,2,6,1,,x1 = x2 + x6
0x1D1A,SH,10,14,-16,,mem [x10-16] = x14
0x1D1C,LH,14,13,0,,x13 = mem [x14+0]
0x1D1E,SH,10,1,-1,,mem [x10-1] = x1
0x1D20,SH,4,5,14,,mem [x4+14] = x5
0x1D22,LH,6,14,15,,x14 = mem [x6+15]
0x1D24,BEQ,13,3,9,,if (x13 == x3): PC = PC + 10
0x1D26,MUL,11,14,14,,x14 = x11 * x14
0x1D28,SH,9,0,10,,mem [x9+10] = x0
0x1D2A,SLT,5,6,7,,x7 = x5 < x6
0x1D2C,SH,14,12,6,,mem [x14+6] = x12
0x1D2E,LH,5,8,4,,x8 = mem [x5+4]
0x1D30,SH,14,14,15,,mem [x14+15] = x14
0x1D32,LH,2,8,15,,x8 = mem [x2+15]
0x1D34,SH,6,11,10,,mem [x6+10] = x11
0x1D36,BEQ,12,0,15,,if (x12 == x0): PC = PC + 16
0x1D38,SLT,1,14,11,,x11 = x1 < x14
0x1D3A,MUL,6,13,4,,x4 = x6 * x13
0x1D3C,BEQ,3,5,13,,if (x3 == x5): PC = PC + 14
0x1D3E,LH,14,0,12,,x0 = mem [x14+12]
0x1D40,SUB,7,1,4,,x4 = x7 - x1
0x1D42,SH,15,10,15,,mem [x15+15] = x10
0x1D44,SH,2,13,15,,mem [x2+15] = x13
0x1D46,LH,9,2,-12,,x2 = mem [x9-12]
0x1D48,SH,14,0,15,,mem [x14+15] = x0
0x1D4A,SH,4,6,5,,mem [x4+5] = x6
0x1D4C,SH,14,5,15,,mem [x14+15] = x5
0x1D4E,LH,4,1,14,,x1 = mem [x4+14]
0x1D50,SH,14,13,15,,mem [x14+15] = x13
0x1D52,SUB,8,9,12,,x12 = x8 - x9
0x1D54,MUL,14,5,9,,x9 = x14 * x5
0x1D56,LH,11,1,0,,x1 = mem [x11+0]
0x1D58,ADD,13,5,3,,x3 = x13 + x5
0x1D5A,SH,2,7,0,,mem [x2+0] = x7
0x1D5C,BEQ,4,10,3,,if (x4 == x10): PC = PC + 4
0x1D5E,SLT,14,1,2,,x2 = x14 < x1
0x1D60,SH,6,3,11,,mem [x6+11] = x3
0x1D62,LH,14,11,15,,x11 = mem [x14+15]
0x1D64,LH,10,13,15,,x13 = mem [x10+15]
0x1D66,LH,6,7,15,,x7 = mem [x6+15]
0x1D68,SH,6,1,15,,mem [x6+15] = x1
0x1D6A,LH,2,14,15,,x14 = mem [x2+15]
0x1D6C,ADD,3,10,13,,x13 = x3 + x10
0x1D6E,MUL,14,15,1,,x1 = x14 * x15
0x1D70,SH,0,5,-4,,mem [x0-4] = x5
0x1D72,SLT,14,0,8,,x8 = x14 < x0
0x1D74,ADD,14,14,8,,x8 = x14 + x14
0x1D76,SLT,15,12,4,,x4 = x15 < x12
0x1D78,MUL,5,10,13,,x13 = x5 * x10
0x1D7A,BEQ,5,2,9,,if (x5 == x2): PC = PC + 10
0x1D7C,SLT,11,0,0,,x0 = x11 < x0
0x1D7E,LH,6,9,4,,x9 = mem [x6+4]
0x1D80,LH,0,5,-9,,x5 = mem [x0-9]
0x1D82,BEQ,10,11,10,,if (x10 == x11): PC = PC + 11
0x1D84,SLT,15,4,10,,x10 = x15 < x4
0x1D86,LH,5,7,10,,x7 = mem [x5+10]
0x1D88,SLT,9,8,10,,x10 = x9 < x8
0x1D8A,ADD,13,9,8,,x8 = x13 + x9
0x1D8C,SH,9,0,-14,,mem [x9-14] = x0
0x1D8E,J,0x1DCE,,
0x1D8E,SH,5,10,13,,mem [x5+13] = x10
0x1D90,LH,15,14,14,,x14 = mem [x15+14]
0x1D92,LH,3,2,7,,x2 = mem [x3+7]
0x1D94,MUL,13,15,13,,x13 = x13 * x15
0x1D96,BEQ,14,6,14,,if (x14 == x6): PC = PC + 15
0x1D98,SLT,4,12,15,,x15 = x4 < x12
0x1D9A,SUB,0,14,15,,x15 = x0 - x14
0x1D9C,MUL,5,14,5,,x5 = x5 * x14
0x1D9E,SH,6,3,8,,mem [x6+8] = x3
0x1DA0,SH,3,9,-3,,mem [x3-3] = x9
0x1DA2,BEQ,12,12,8,,if (x12 == x12): PC = PC + 9
0x1DA4,BEQ,15,6,10,,if (x15 == x6): PC = PC + 11
0x1DA6,MUL,1,14,1,,x1 = x1 * x14
0x1DA8,BEQ,5,3,1,,if (x5 == x3): PC = PC + 2
0x1DAA,SH,6,12,-1,,mem [x6-1] = x12
0x1DAC,SLT,0,11,0,,x0 = x0 < x11
0x1DAE,SLT,15,15,9,,x9 = x15 < x15
0x1DB0,SUB,7,3,1,,x1 = x7 - x3
0x1DB2,SLT,10,5,14,,x14 = x10 < x5
0x1DB4,ADD,8,8,4,,x4 = x8 + x8
0x1DB6,SLT,10,0,15,,x15 = x10 < x0
0x1DB8,MUL,3,10,2,,x2 = x3 * x10
0x1DBA,SH,13,14,14,,mem [x13+14] = x14
0x1DBC,BEQ,12,1,10,,if (x12 == x1): PC = PC + 11
0x1DBE,BEQ,9,10,11,,if (x9 == x10): PC = PC + 12
0x1DC0,BEQ,8,2,8,,if (x8 == x2): PC = PC + 9
0x1DC2,LH,13,1,3,,x1 = mem [x13+3]
0x1DC4,SUB,12,4,4,,x4 = x12 - x4
0x1DC6,SH,15,14,15,,mem [x15+15] = x14
0x1DC8,SH,13,7,15,,mem [x13+15] = x7
0x1DCA,BEQ,3,2,14,,if (x3 == x2): PC = PC + 15
0x1DCC,SH,10,5,1,,mem [x10+1] = x5
0x1DCE,SUB,12,1,14,,x14 = x12 - x1
0x1DD0,SH,5,12,15,,mem [x5+15] = x12
0x1DD2,SH,13,13,2,,mem [x13+2] = x13
0x1DD4,MUL,14,5,10,,x10 = x14 * x5
0x1DD6,SH,0,2,11,,mem [x0+11] = x2
0x1DD8,MUL,5,5,3,,x3 = x5 * x5
0x1DDA,MUL,14,4,9,,x9 = x14 * x4
0x1DDC,LH,3,14,15,,x14 = mem [x3+15]
0x1DDE,SH,3,14,15,,mem [x3+15] = x14
0x1DE0,SUB,11,10,13,,x13 = x11 - x10
0x1DE2,LH,10,7,15,,x7 = mem [x10+15]
0x1DE4,LH,15,2,15,,x2 = mem [x15+15]
0x1DE6,SH,10,15,7,,mem [x10+7] = x15
0x1DE8,MUL,14,15,9,,x9 = x14 * x15
0x1DEA,ADD,4,15,11,,x11 = x4 + x15
0x1DEC,ADD,0,0,9,,x9 = x0 + x0
0x1DEE,LH,2,6,10,,x6 = mem [x2+10]
0x1DF0,LH,10,5,2,,x5 = mem [x10+2]
0x1DF2,SH,10,4,13,,mem [x10+13] = x4
0x1DF4,SH,15,3,15,,mem [x15+15] = x3
0x1DF6,ADD,14,5,12,,x12 = x14 + x5
0x1DF8,SH,15,9,15,,mem [x15+15] = x9
0x1DFA,ADD,15,0,5,,x5 = x15 + x0
0x1DFC,MUL,4,8,5,,x5 = x4 * x8
0x1DFE,SUB,1,12,8,,x8 = x1 - x12
0x1E00,LH,15,13,15,,x13 = mem [x15+15]
0x1E02,MUL,0,5,14,,x14 = x0 * x5
0x1E04,MUL,2,0,0,,x0 = x2 * x0
0x1E06,SH,2,3,4,,mem [x2+4] = x3
0x1E08,LH,10,2,15,,x2 = mem [x10+15]
0x1E0A,BEQ,9,13,3,,if (x9 == x13): PC = PC + 4
0x1E0C,SH,5,1,12,,mem [x5+12] = x1
0x1E0E,LH,6,15,2,,x15 = mem [x6+2]
0x1E10,SH,2,0,-12,,mem [x2-12] = x0
0x1E12,SH,3,3,1,,mem [x3+1] = x3
0x1E14,LH,10,5,2,,x5 = mem [x10+2]
0x1E16,LH,10,12,14,,x12 = mem [x10+14]
0x1E18,LH,15,14,4,,x14 = mem [x15+4]
0x1E1A,ADD,5,2,6,,x6 = x5 + x2
0x1E1C,MUL,5,5,0,,x0 = x5 * x5
0x1E1E,LH,3,4,3,,x4 = mem [x3+3]
0x1E20,LH,5,2,11,,x2 = mem [x5+11]
0x1E22,MUL,0,0,13,,x13 = x0 * x0
0x1E24,BEQ,12,4,15,,if (x12 == x4): PC = PC + 16
0x1E26,SH,15,8,15,,mem [x15+15] = x8
0x1E28,LH,10,11,15,,x11 = mem [x10+15]
0x1E2A,SH,10,11,13,,mem [x10+13] = x11
0x1E2C,SH,5,7,5,,mem [x5+5] = x7
0x1E2E,SH,3,10,15,,mem [x3+15] = x10
0x1E30,LH,10,8,3,,x8 = mem [x10+3]
0x1E32,SLT,2,13,10,,x10 = x2 < x13
0x1E34,ADD,8,15,14,,x14 = x8 + x15
0x1E36,LH,10,13,9,,x13 = mem [x10+9]
0x1E38,LH,10,7,15,,x7 = mem [x10+15]
0x1E3A,SLT,5,7,5,,x5 = x5 < x7
0x1E3C,ADD,11,1,7,,x7 = x11 + x1
0x1E3E,BEQ,5,14,14,,if (x5 == x14): PC = PC + 15
0x1E40,SLT,9,13,12,,x12 = x9 < x13
0x1E42,BEQ,1,1,2,,if (x1 == x1): PC = PC + 3
0x1E44,SH,14,15,11,,mem [x14+11] = x15
0x1E46,MUL,6,12,13,,x13 = x6 * x12
0x1E48,LH,10,10,15,,x10 = mem [x10+15]
0x1E4A,SH,5,11,5,,mem [x5+5] = x11
0x1E4C,SH,10,11,15,,mem [x10+15] = x11
0x1E4E,SH,10,8,15,,mem [x10+15] = x8
0x1E50,SH,10,14,15,,mem [x10+15] = x14
0x1E52,LH,12,9,15,,x9 = mem [x12+15]
0x1E54,SH,10,4,15,,mem [x10+15] = x4
0x1E56,BEQ,5,14,2,,if (x5 == x14): PC = PC + 3
0x1E58,SH,10,8,10,,mem [x10+10] = x8
0x1E5A,BEQ,0,9,12,,if (x0 == x9): PC = PC + 13
0x1E5C,ADD,12,8,10,,x10 = x12 + x8
0x1E5E,ADD,3,10,1,,x1 = x3 + x10
0x1E60,LH,3,9,6,,x9 = mem [x3+6]
0x1E62,SUB,5,2,9,,x9 = x5 - x2
0x1E64,ADD,0,5,15,,x15 = x0 + x5
0x1E66,BEQ,2,10,3,,if (x2 == x10): PC = PC + 4
0x1E68,MUL,4,5,12,,x12 = x4 * x5
0x1E6A,LH,2,14,12,,x14 = mem [x2+12]
0x1E6C,SLT,7,12,13,,x13 = x7 < x12
0x1E6E,BEQ,6,15,14,,if (x6 == x15): PC = PC + 15
0x1E70,BEQ,1,8,4,,if (x1 == x8): PC = PC + 5
0x1E72,SH,8,15,-15,,mem [x8-15] = x15
0x1E74,SH,7,0,-6,,mem [x7-6] = x0
0x1E76,SH,8,4,-8,,mem [x8-8] = x4
0x1E78,SH,0,2,15,,mem [x0+15] = x2
0x1E7A,SH,12,0,5,,mem [x12+5] = x0
0x1E7C,SH,13,2,15,,mem [x13+15] = x2
0x1E7E,SLT,6,14,6,,x6 = x6 < x14
0x1E80,SUB,6,12,6,,x6 = x6 - x12
0x1E82,SH,12,11,15,,mem [x12+15] = x11
0x1E84,SH,12,10,1,,mem [x12+1] = x10
0x1E86,LH,12,12,15,,x12 = mem [x12+15]
0x1E88,BEQ,13,13,10,,if (x13 == x13): PC = PC + 11
0x1E8A,SH,14,5,-4,,mem [x14-4] = x5
0x1E8C,LH,0,4,12,,x4 = mem [x0+12]
0x1E8E,LH,0,13,0,,x13 = mem [x0+0]
0x1E90,SH,6,4,12,,mem [x6+12] = x4
0x1E92,SH,10,10,8,,mem [x10+8] = x10
0x1E94,LH,4,1,3,,x1 = mem [x4+3]
0x1E96,LH,15,3,-4,,x3 = mem [x15-4]
0x1E98,SUB,4,12,12,,x12 = x4 - x12
0x1E9A,SLT,5,11,10,,x10 = x5 < x11
0x1E9C,SUB,15,7,15,,x15 = x15 - x7
0x1E9E,SLT,14,6,8,,x8 = x14 < x6
0x1EA0,SH,5,3,13,,mem [x5+13] = x3
0x1EA2,SH,3,11,15,,mem [x3+15] = x11
0x1EA4,LH,13,3,15,,x3 = mem [x13+15]
0x1EA6,ADD,9,13,14,,x14 = x9 + x13
0x1EA8,SH,13,8,11,,mem [x13+11] = x8
0x1EAA,MUL,15,14,9,,x9 = x15 * x14
0x1EAC,LH,13,12,15,,x12 = mem [x13+15]
0x1EAE,BEQ,10,4,4,,if (x10 == x4): PC = PC + 5
0x1EB0,ADD,9,15,5,,x5 = x9 + x15
0x1EB2,MUL,15,13,0,,x0 = x15 * x13
0x1EB4,ADD,7,5,13,,x13 = x7 + x5
0x1EB6,SH,15,3,13,,mem [x15+13] = x3
0x1EB8,LH,9,2,15,,x2 = mem [x9+15]
0x1EBA,LH,9,6,15,,x6 = mem [x9+15]
0x1EBC,SUB,13,14,9,,x9 = x13 - x14
0x1EBE,BEQ,10,13,12,,if (x10 == x13): PC = PC + 13
0x1EC0,SH,5,7,7,,mem [x5+7] = x7
0x1EC2,BEQ,13,15,10,,if (x13 == x15): PC = PC + 11
0x1EC4,SH,12,13,5,,mem [x12+5] = x13
0x1EC6,LH,3,4,-12,,x4 = mem [x3-12]
0x1EC8,LH,12,0,13,,x0 = mem [x12+13]
0x1ECA,SUB,4,7,4,,x4 = x4 - x7
0x1ECC,LH,14,4,-13,,x4 = mem [x14-13]
0x1ECE,SUB,1,14,6,,x6 = x1 - x14
0x1ED0,LH,15,0,-4,,x0 = mem [x15-4]
0x1ED2,LH,15,12,2,,x12 = mem [x15+2]
0x1ED4,LH,4,14,6,,x14 = mem [x4+6]
0x1ED6,SH,7,11,-11,,mem [x7-11] = x11
0x1ED8,BEQ,0,0,7,,if (x0 == x0): PC = PC + 8
0x1EDA,MUL,12,3,4,,x4 = x12 * x3
0x1EDC,ADD,3,6,2,,x2 = x3 + x6
0x1EDE,BEQ,5,1,4,,if (x5 == x1): PC = PC + 5
0x1EE0,SH,10,15,-11,,mem [x10-11] = x15
0x1EE2,SH,15,9,8,,mem [x15+8] = x9
0x1EE4,SUB,9,0,9,,x9 = x9 - x0
0x1EE6,MUL,0,7,3,,x3 = x0 * x7
0x1EE8,LH,0,11,15,,x11 = mem [x0+15]
0x1EEA,LH,13,1,8,,x1 = mem [x13+8]
0x1EEC,LH,13,15,15,,x15 = mem [x13+15]
0x1EEE,LH,0,14,2,,x14 = mem [x0+2]
0x1EF0,ADD,4,9,11,,x11 = x4 + x9
0x1EF2,SH,13,10,15,,mem [x13+15] = x10
0x1EF4,BEQ,2,14,14,,if (x2 == x14): PC = PC + 15
0x1EF6,SLT,12,10,12,,x12 = x12 < x10
0x1EF8,LH,5,11,15,,x11 = mem [x5+15]
0x1EFA,LH,8,0,15,,x0 = mem [x8+15]
0x1EFC,LH,8,0,15,,x0 = mem [x8+15]
0x1EFE,BEQ,4,3,1,,if (x4 == x3): PC = PC + 2
0x1F00,SH,8,7,3,,mem [x8+3] = x7
0x1F02,MUL,7,15,13,,x13 = x7 * x15
0x1F04,BEQ,13,11,12,,if (x13 == x11): PC = PC + 13
0x1F06,SH,1,5,8,,mem [x1+8] = x5
0x1F08,SH,14,10,15,,mem [x14+15] = x10
0x1F0A,SUB,12,8,7,,x7 = x12 - x8
0x1F0C,BEQ,11,9,6,,if (x11 == x9): PC = PC + 7
0x1F0E,LH,3,4,6,,x4 = mem [x3+6]
0x1F10,SH,8,12,-13,,mem [x8-13] = x12
0x1F12,SUB,5,3,8,,x8 = x5 - x3
0x1F14,LH,2,11,11,,x11 = mem [x2+11]
0x1F16,SH,12,11,8,,mem [x12+8] = x11
0x1F18,LH,8,8,-10,,x8 = mem [x8-10]
0x1F1A,LH,12,5,15,,x5 = mem [x12+15]
0x1F1C,SLT,12,11,12,,x12 = x12 < x11
0x1F1E,LH,1,2,-14,,x2 = mem [x1-14]
0x1F20,SLT,1,9,0,,x0 = x1 < x9
0x1F22,SH,12,10,15,,mem [x12+15] = x10
0x1F24,LH,14,3,0,,x3 = mem [x14+0]
0x1F26,SH,0,2,15,,mem [x0+15] = x2
0x1F28,SUB,9,5,5,,x5 = x9 - x5
0x1F2A,LH,2,14,2,,x14 = mem [x2+2]
0x1F2C,MUL,9,2,15,,x15 = x9 * x2
0x1F2E,SH,0,1,15,,mem [x0+15] = x1
0x1F30,BEQ,8,3,8,,if (x8 == x3): PC = PC + 9
0x1F32,BEQ,0,12,15,,if (x0 == x12): PC = PC + 16
0x1F34,LH,10,0,4,,x0 = mem [x10+4]
0x1F36,LH,2,15,-7,,x15 = mem [x2-7]
0x1F38,ADD,14,10,7,,x7 = x14 + x10
0x1F3A,LH,3,12,3,,x12 = mem [x3+3]
0x1F3C,SH,3,8,10,,mem [x3+10] = x8
0x1F3E,SH,1,2,-16,,mem [x1-16] = x2
0x1F40,BEQ,12,13,3,,if (x12 == x13): PC = PC + 4
0x1F42,SH,14,4,1,,mem [x14+1] = x4
0x1F44,ADD,12,1,6,,x6 = x12 + x1
0x1F46,LH,15,12,8,,x12 = mem [x15+8]
0x1F48,SH,10,8,0,,mem [x10+0] = x8
0x1F4A,SH,12,11,8,,mem [x12+8] = x11
0x1F4C,SH,9,9,15,,mem [x9+15] = x9
0x1F4E,SLT,12,0,3,,x3 = x12 < x0
0x1F50,BEQ,0,0,3,,if (x0 == x0): PC = PC + 4
0x1F52,SH,7,2,15,,mem [x7+15] = x2
0x1F54,LH,0,12,15,,x12 = mem [x0+15]
0x1F56,ADD,0,10,14,,x14 = x0 + x10
0x1F58,SUB,13,12,5,,x5 = x13 - x12
0x1F5A,SH,0,15,15,,mem [x0+15] = x15
0x1F5C,BEQ,8,7,11,,if (x8 == x7): PC = PC + 12
0x1F5E,LH,12,6,-2,,x6 = mem [x12-2]
0x1F60,SH,0,8,11,,mem [x0+11] = x8
0x1F62,SH,7,5,15,,mem [x7+15] = x5
0x1F64,LH,12,13,2,,x13 = mem [x12+2]
0x1F66,BEQ,7,12,2,,if (x7 == x12): PC = PC + 3
0x1F68,SH,12,1,9,,mem [x12+9] = x1
0x1F6A,ADD,4,5,5,,x5 = x4 + x5
0x1F6C,BEQ,7,15,15,,if (x7 == x15): PC = PC + 16
0x1F6E,LH,0,7,10,,x7 = mem [x0+10]
0x1F70,LH,0,8,12,,x8 = mem [x0+12]
0x1F72,MUL,4,13,1,,x1 = x4 * x13
0x1F74,ADD,7,2,6,,x6 = x7 + x2
0x1F76,LH,0,11,15,,x11 = mem [x0+15]
0x1F78,SH,0,6,15,,mem [x0+15] = x6
0x1F7A,SLT,2,13,1,,x1 = x2 < x13
0x1F7C,BEQ,1,10,4,,if (x1 == x10): PC = PC + 5
0x1F7E,SUB,2,14,8,,x8 = x2 - x14
0x1F80,LH,13,4,15,,x4 = mem [x13+15]
0x1F82,SLT,10,14,10,,x10 = x10 < x14
0x1F84,LH,6,7,-9,,x7 = mem [x6-9]
0x1F86,MUL,3,9,12,,x12 = x3 * x9
0x1F88,SH,10,2,15,,mem [x10+15] = x2
0x1F8A,ADD,14,11,0,,x0 = x14 + x11
0x1F8C,LH,13,7,1,,x7 = mem [x13+1]
0x1F8E,LH,13,6,15,,x6 = mem [x13+15]
0x1F90,LH,10,1,15,,x1 = mem [x10+15]
0x1F92,SH,10,9,15,,mem [x10+15] = x9
0x1F94,BEQ,14,15,11,,if (x14 == x15): PC = PC + 12
0x1F96,SH,1,1,7,,mem [x1+7] = x1
0x1F98,LH,10,9,15,,x9 = mem [x10+15]
0x1F9A,SH,2,6,15,,mem [x2+15] = x6
0x1F9C,SUB,12,4,1,,x1 = x12 - x4
0x1F9E,SH,2,1,15,,mem [x2+15] = x1
0x1FA0,SH,2,3,1,,mem [x2+1] = x3
0x1FA2,SH,10,6,15,,mem [x10+15] = x6
0x1FA4,LH,10,0,15,,x0 = mem [x10+15]
0x1FA6,BEQ,8,14,0,,if (x8 == x14): PC = PC + 1
0x1FA8,SH,10,13,10,,mem [x10+10] = x13
0x1FAA,LH,10,9,3,,x9 = mem [x10+3]
0x1FAC,LH,13,4,11,,x4 = mem [x13+11]
0x1FAE,SH,2,8,15,,mem [x2+15] = x8
0x1FB0,SUB,6,11,3,,x3 = x6 - x11
0x1FB2,BEQ,8,10,6,,if (x8 == x10): PC = PC + 7
0x1FB4,SLT,1,14,6,,x6 = x1 < x14
0x1FB6,SH,2,1,-2,,mem [x2-2] = x1
0x1FB8,ADD,4,2,0,,x0 = x4 + x2
0x1FBA,ADD,3,2,0,,x0 = x3 + x2
0x1FBC,ADD,10,12,13,,x13 = x10 + x12
0x1FBE,SH,4,12,9,,mem [x4+9] = x12
0x1FC0,LH,2,9,-15,,x9 = mem [x2-15]
0x1FC2,MUL,12,11,1,,x1 = x12 * x11
0x1FC4,BEQ,6,6,5,,if (x6 == x6): PC = PC + 6
0x1FC6,LH,4,0,-3,,x0 = mem [x4-3]
0x1FC8,SH,12,3,-16,,mem [x12-16] = x3
0x1FCA,LH,14,14,-12,,x14 = mem [x14-12]
0x1FCC,SLT,9,0,10,,x10 = x9 < x0
0x1FCE,BEQ,13,9,2,,if (x13 == x9): PC = PC + 3
0x1FD0,SH,9,7,15,,mem [x9+15] = x7
0x1FD2,SH,2,11,-16,,mem [x2-16] = x11
0x1FD4,LH,2,9,14,,x9 = mem [x2+14]
0x1FD6,SH,2,7,-9,,mem [x2-9] = x7
0x1FD8,ADD,1,0,8,,x8 = x1 + x0
0x1FDA,LH,2,8,8,,x8 = mem [x2+8]
0x1FDC,BEQ,14,1,7,,if (x14 == x1): PC = PC + 8
0x1FDE,SUB,3,11,9,,x9 = x3 - x11
0x1FE0,ADD,8,15,3,,x3 = x8 + x15
0x1FE2,LH,10,7,15,,x7 = mem [x10+15]
0x1FE4,ADD,13,14,4,,x4 = x13 + x14
0x1FE6,BEQ,4,2,9,,if (x4 == x2): PC = PC + 10
0x1FE8,LH,10,15,4,,x15 = mem [x10+4]
0x1FEA,LH,6,15,15,,x15 = mem [x6+15]
0x1FEC,ADD,6,3,5,,x5 = x6 + x3
0x1FEE,ADD,13,13,7,,x7 = x13 + x13
0x1FF0,SLT,14,10,0,,x0 = x14 < x10
0x1FF2,LH,0,12,11,,x12 = mem [x0+11]
0x1FF4,ADD,15,8,5,,x5 = x15 + x8
0x1FF6,LH,6,9,15,,x9 = mem [x6+15]
0x1FF8,SLT,1,14,12,,x12 = x1 < x14
0x1FFA,SH,8,11,15,,mem [x8+15] = x11
0x1FFC,MUL,0,2,5,,x5 = x0 * x2
0x1FFE,LH,0,7,15,,x7 = mem [x0+15]
0x2000,LH,10,0,12,,x0 = mem [x10+12]
0x2002,LH,0,2,15,,x2 = mem [x0+15]
0x2004,SH,12,4,14,,mem [x12+14] = x4
0x2006,SH,5,7,15,,mem [x5+15] = x7
0x2008,LH,0,1,15,,x1 = mem [x0+15]
0x200A,LH,5,9,15,,x9 = mem [x5+15]
0x200C,ADD,3,13,7,,x7 = x3 + x13
0x200E,SUB,6,9,0,,x0 = x6 - x9
0x2010,ADD,4,11,15,,x15 = x4 + x11
0x2012,SH,8,5,15,,mem [x8+15] = x5
0x2014,SH,5,12,15,,mem [x5+15] = x12
0x2016,SUB,0,2,15,,x15 = x0 - x2
0x2018,BEQ,3,1,4,,if (x3 == x1): PC = PC + 5
0x201A,ADD,6,0,10,,x10 = x6 + x0
0x201C,LH,5,15,15,,x15 = mem [x5+15]
0x201E,SH,5,4,0,,mem [x5+0] = x4
0x2020,SUB,3,7,3,,x3 = x3 - x7
0x2022,SH,5,14,15,,mem [x5+15] = x14
0x2024,SH,5,5,15,,mem [x5+15] = x5
0x2026,BEQ,11,6,15,,if (x11 == x6): PC = PC + 16
0x2028,LH,12,2,15,,x2 = mem [x12+15]
0x202A,LH,12,10,15,,x10 = mem [x12+15]
0x202C,ADD,4,0,14,,x14 = x4 + x0
0x202E,SH,10,9,15,,mem [x10+15] = x9
0x2030,LH,2,11,15,,x11 = mem [x2+15]
0x2032,LH,12,0,15,,x0 = mem [x12+15]
0x2034,LH,10,8,15,,x8 = mem [x10+15]
0x2036,BEQ,11,2,11,,if (x11 == x2): PC = PC + 12
0x2038,SH,5,3,15,,mem [x5+15] = x3
0x203A,BEQ,13,2,0,,if (x13 == x2): PC = PC + 1
0x203C,ADD,12,13,10,,x10 = x12 + x13
0x203E,BEQ,7,5,9,,if (x7 == x5): PC = PC + 10
0x2040,SH,12,9,15,,mem [x12+15] = x9
0x2042,MUL,2,4,0,,x0 = x2 * x4
0x2044,SH,15,10,1,,mem [x15+1] = x10
0x2046,MUL,13,5,11,,x11 = x13 * x5
0x2048,BEQ,14,8,15,,if (x14 == x8): PC = PC + 16
0x204A,LH,11,6,6,,x6 = mem [x11+6]
0x204C,SLT,0,15,6,,x6 = x0 < x15
0x204E,SLT,12,13,10,,x10 = x12 < x13
0x2050,LH,12,14,2,,x14 = mem [x12+2]
0x2052,LH,11,1,15,,x1 = mem [x11+15]
0x2054,SLT,5,13,9,,x9 = x5 < x13
0x2056,LH,9,5,15,,x5 = mem [x9+15]
0x2058,SLT,8,11,14,,x14 = x8 < x11
0x205A,SLT,14,6,2,,x2 = x14 < x6
0x205C,SH,6,3,15,,mem [x6+15] = x3
0x205E,LH,6,13,15,,x13 = mem [x6+15]
0x2060,MUL,0,13,5,,x5 = x0 * x13
0x2062,BEQ,10,10,2,,if (x10 == x10): PC = PC + 3
0x2064,SUB,13,9,6,,x6 = x13 - x9
0x2066,SH,11,14,-14,,mem [x11-14] = x14
0x2068,ADD,13,12,0,,x0 = x13 + x12
0x206A,SLT,0,0,3,,x3 = x0 < x0
0x206C,LH,9,3,14,,x3 = mem [x9+14]
0x206E,SLT,3,8,5,,x5 = x3 < x8
0x2070,SH,2,7,15,,mem [x2+15] = x7
0x2072,SH,2,10,4,,mem [x2+4] = x10
0x2074,LH,12,3,15,,x3 = mem [x12+15]
0x2076,LH,12,1,15,,x1 = mem [x12+15]
0x2078,BEQ,1,6,15,,if (x1 == x6): PC = PC + 16
0x207A,SUB,12,14,14,,x14 = x12 - x14
0x207C,SLT,2,14,0,,x0 = x2 < x14
0x207E,SUB,11,10,3,,x3 = x11 - x10
0x2080,LH,9,7,15,,x7 = mem [x9+15]
0x2082,SUB,0,12,5,,x5 = x0 - x12
0x2084,LH,3,11,15,,x11 = mem [x3+15]
0x2086,SLT,11,7,13,,x13 = x11 < x7
0x2088,SUB,7,7,1,,x1 = x7 - x7
0x208A,SH,9,5,15,,mem [x9+15] = x5
0x208C,LH,10,11,5,,x11 = mem [x10+5]
0x208E,LH,9,15,15,,x15 = mem [x9+15]
0x2090,LH,14,2,15,,x2 = mem [x14+15]
0x2092,LH,2,1,12,,x1 = mem [x2+12]
0x2094,SLT,3,15,7,,x7 = x3 < x15
0x2096,SUB,15,3,12,,x12 = x15 - x3
0x2098,SLT,7,5,9,,x9 = x7 < x5
0x209A,SH,5,13,15,,mem [x5+15] = x13
0x209C,BEQ,2,8,14,,if (x2 == x8): PC = PC + 15
0x209E,LH,9,2,12,,x2 = mem [x9+12]
0x20A0,LH,14,9,15,,x9 = mem [x14+15]
0x20A2,LH,9,0,15,,x0 = mem [x9+15]
0x20A4,LH,5,5,11,,x5 = mem [x5+11]
0x20A6,LH,15,12,15,,x12 = mem [x15+15]
0x20A8,SH,7,3,6,,mem [x7+6] = x3
0x20AA,LH,0,15,15,,x15 = mem [x0+15]
0x20AC,SH,10,5,9,,mem [x10+9] = x5
0x20AE,LH,10,11,15,,x11 = mem [x10+15]
0x20B0,LH,9,14,15,,x14 = mem [x9+15]
0x20B2,LH,5,8,1,,x8 = mem [x5+1]
0x20B4,SH,15,11,14,,mem [x15+14] = x11
0x20B6,SH,10,5,15,,mem [x10+15] = x5
0x20B8,ADD,7,4,3,,x3 = x7 + x4
0x20BA,SH,13,15,10,,mem [x13+10] = x15
0x20BC,SUB,1,15,0,,x0 = x1 - x15
0x20BE,SH,12,13,12,,mem [x12+12] = x13
0x20C0,LH,13,5,5,,x5 = mem [x13+5]
0x20C2,LH,12,6,2,,x6 = mem [x12+2]
0x20C4,BEQ,15,0,6,,if (x15 == x0): PC = PC + 7
0x20C6,SH,14,3,-5,,mem [x14-5] = x3
0x20C8,LH,4,3,-2,,x3 = mem [x4-2]
0x20CA,MUL,15,12,1,,x1 = x15 * x12
0x20CC,SH,7,10,-6,,mem [x7-6] = x10
0x20CE,LH,15,3,-15,,x3 = mem [x15-15]
0x20D0,SUB,11,4,7,,x7 = x11 - x4
0x20D2,MUL,2,8,0,,x0 = x2 * x8
0x20D4,SH,5,14,15,,mem [x5+15] = x14
0x20D6,SUB,12,9,1,,x1 = x12 - x9
0x20D8,SUB,0,10,10,,x10 = x0 - x10
0x20DA,SUB,14,4,6,,x6 = x14 - x4
0x20DC,SH,5,13,15,,mem [x5+15] = x13
0x20DE,LH,6,5,1,,x5 = mem [x6+1]
0x20E0,LH,12,2,15,,x2 = mem [x12+15]
0x20E2,SLT,4,15,2,,x2 = x4 < x15
0x20E4,LH,6,4,6,,x4 = mem [x6+6]
0x20E6,MUL,11,15,0,,x0 = x11 * x15
0x20E8,SH,13,7,15,,mem [x13+15] = x7
0x20EA,BEQ,11,1,6,,if (x11 == x1): PC = PC + 7
0x20EC,ADD,9,6,9,,x9 = x9 + x6
0x20EE,SH,3,9,14,,mem [x3+14] = x9
0x20F0,LH,4,0,-2,,x0 = mem [x4-2]
0x20F2,LH,3,11,13,,x11 = mem [x3+13]
0x20F4,SH,10,11,12,,mem [x10+12] = x11
0x20F6,SH,0,11,7,,mem [x0+7] = x11
0x20F8,LH,4,7,8,,x7 = mem [x4+8]
0x20FA,SH,6,3,-13,,mem [x6-13] = x3
0x20FC,SH,11,15,15,,mem [x11+15] = x15
0x20FE,ADD,1,3,15,,x15 = x1 + x3
0x2100,BEQ,5,2,4,,if (x5 == x2): PC = PC + 5
0x2102,LH,6,4,-10,,x4 = mem [x6-10]
0x2104,BEQ,11,15,15,,if (x11 == x15): PC = PC + 16
0x2106,SLT,3,3,6,,x6 = x3 < x3
0x2108,LH,14,3,15,,x3 = mem [x14+15]
0x210A,LH,1,13,15,,x13 = mem [x1+15]
0x210C,BEQ,15,4,8,,if (x15 == x4): PC = PC + 9
0x210E,LH,14,4,3,,x4 = mem [x14+3]
0x2110,BEQ,8,9,13,,if (x8 == x9): PC = PC + 14
0x2112,LH,7,5,14,,x5 = mem [x7+14]
0x2114,SUB,8,7,12,,x12 = x8 - x7
0x2116,BEQ,4,5,1,,if (x4 == x5): PC = PC + 2
0x2118,SLT,12,6,12,,x12 = x12 < x6
0x211A,SH,13,15,15,,mem [x13+15] = x15
0x211C,SLT,4,1,15,,x15 = x4 < x1
0x211E,SH,7,5,14,,mem [x7+14] = x5
0x2120,ADD,1,6,10,,x10 = x1 + x6
0x2122,SLT,10,9,15,,x15 = x10 < x9
0x2124,SLT,13,10,7,,x7 = x13 < x10
0x2126,SH,12,2,5,,mem [x12+5] = x2
0x2128,SLT,7,10,0,,x0 = x7 < x10
0x212A,SH,13,4,15,,mem [x13+15] = x4
0x212C,LH,15,5,15,,x5 = mem [x15+15]
0x212E,SLT,6,10,11,,x11 = x6 < x10
0x2130,LH,9,5,15,,x5 = mem [x9+15]
0x2132,LH,7,8,10,,x8 = mem [x7+10]
0x2134,ADD,11,11,1,,x1 = x11 + x11
0x2136,ADD,11,9,14,,x14 = x11 + x9
0x2138,SH,6,7,10,,mem [x6+10] = x7
0x213A,SH,6,2,5,,mem [x6+5] = x2
0x213C,SUB,2,10,15,,x15 = x2 - x10
0x213E,LH,6,14,15,,x14 = mem [x6+15]
0x2140,SH,6,6,15,,mem [x6+15] = x6
0x2142,SUB,2,8,3,,x3 = x2 - x8
0x2144,LH,7,9,3,,x9 = mem [x7+3]
0x2146,SUB,13,15,14,,x14 = x13 - x15
0x2148,LH,11,15,3,,x15 = mem [x11+3]
0x214A,SLT,11,10,5,,x5 = x11 < x10
0x214C,SH,1,14,5,,mem [x1+5] = x14
0x214E,SH,5,2,15,,mem [x5+15] = x2
0x2150,BEQ,5,0,0,,if (x5 == x0): PC = PC + 1
0x2152,SH,0,2,15,,mem [x0+15] = x2
0x2154,MUL,7,5,4,,x4 = x7 * x5
0x2156,SH,4,1,3,,mem [x4+3] = x1
0x2158,MUL,11,4,4,,x4 = x11 * x4
0x215A,SH,0,9,15,,mem [x0+15] = x9
0x215C,MUL,10,14,7,,x7 = x10 * x14
0x215E,SH,0,6,5,,mem [x0+5] = x6
0x2160,LH,13,3,15,,x3 = mem [x13+15]
0x2162,LH,0,11,15,,x11 = mem [x0+15]
0x2164,BEQ,1,7,0,,if (x1 == x7): PC = PC + 1
0x2166,MUL,0,7,2,,x2 = x0 * x7
0x2168,LH,10,13,15,,x13 = mem [x10+15]
0x216A,SH,14,11,15,,mem [x14+15] = x11
0x216C,SLT,6,15,3,,x3 = x6 < x15
0x216E,LH,14,15,6,,x15 = mem [x14+6]
0x2170,SLT,13,11,8,,x8 = x13 < x11
0x2172,SUB,6,4,4,,x4 = x6 - x4
0x2174,BEQ,7,10,2,,if (x7 == x10): PC = PC + 3
0x2176,ADD,3,6,1,,x1 = x3 + x6
0x2178,SLT,2,14,1,,x1 = x2 < x14
0x217A,LH,3,13,15,,x13 = mem [x3+15]
0x217C,SH,5,5,13,,mem [x5+13] = x5
0x217E,SLT,11,10,2,,x2 = x11 < x10
0x2180,SH,15,15,15,,mem [x15+15] = x15
0x2182,LH,12,5,11,,x5 = mem [x12+11]
0x2184,SUB,0,4,10,,x10 = x0 - x4
0x2186,SH,8,13,15,,mem [x8+15] = x13
0x2188,MUL,2,13,14,,x14 = x2 * x13
0x218A,SH,14,14,6,,mem [x14+6] = x14
0x218C,SUB,13,0,9,,x9 = x13 - x0
0x218E,BEQ,2,2,12,,if (x2 == x2): PC = PC + 13
0x2190,SLT,15,5,7,,x7 = x15 < x5
0x2192,LH,0,7,-11,,x7 = mem [x0-11]
0x2194,MUL,11,15,14,,x14 = x11 * x15
0x2196,LH,8,9,2,,x9 = mem [x8+2]
0x2198,SH,3,2,-2,,mem [x3-2] = x2
0x219A,SLT,15,12,7,,x7 = x15 < x12
0x219C,SUB,4,4,15,,x15 = x4 - x4
0x219E,BEQ,10,6,2,,if (x10 == x6): PC = PC + 3
0x21A0,MUL,9,3,4,,x4 = x9 * x3
0x21A2,LH,15,13,-3,,x13 = mem [x15-3]
0x21A4,LH,5,15,-3,,x15 = mem [x5-3]
0x21A6,SH,5,6,3,,mem [x5+3] = x6
0x21A8,SH,12,8,15,,mem [x12+15] = x8
0x21AA,BEQ,10,8,11,,if (x10 == x8): PC = PC + 12
0x21AC,LH,10,1,-13,,x1 = mem [x10-13]
0x21AE,SUB,0,6,13,,x13 = x0 - x6
0x21B0,LH,0,5,9,,x5 = mem [x0+9]
0x21B2,SLT,15,9,11,,x11 = x15 < x9
0x21B4,SH,5,12,-13,,mem [x5-13] = x12
0x21B6,LH,14,2,1,,x2 = mem [x14+1]
0x21B8,SH,10,5,-8,,mem [x10-8] = x5
0x21BA,SH,14,4,12,,mem [x14+12] = x4
0x21BC,SUB,11,10,10,,x10 = x11 - x10
0x21BE,SUB,10,11,6,,x6 = x10 - x11
0x21C0,SH,15,2,8,,mem [x15+8] = x2
0x21C2,LH,1,10,15,,x10 = mem [x1+15]
0x21C4,SLT,3,1,7,,x7 = x3 < x1
0x21C6,SLT,14,8,10,,x10 = x14 < x8
0x21C8,SH,2,3,15,,mem [x2+15] = x3
0x21CA,SH,12,0,11,,mem [x12+11] = x0
0x21CC,ADD,9,11,4,,x4 = x9 + x11
0x21CE,SUB,15,14,4,,x4 = x15 - x14
0x21D0,SUB,14,14,11,,x11 = x14 - x14
0x21D2,LH,8,7,15,,x7 = mem [x8+15]
0x21D4,SH,14,2,11,,mem [x14+11] = x2
0x21D6,BEQ,0,12,11,,if (x0 == x12): PC = PC + 12
0x21D8,BEQ,8,11,8,,if (x8 == x11): PC = PC + 9
0x21DA,LH,15,11,9,,x11 = mem [x15+9]
0x21DC,SUB,5,12,7,,x7 = x5 - x12
0x21DE,LH,7,11,-3,,x11 = mem [x7-3]
0x21E0,LH,3,2,-7,,x2 = mem [x3-7]
0x21E2,LH,4,3,11,,x3 = mem [x4+11]
0x21E4,SH,14,12,-4,,mem [x14-4] = x12
0x21E6,SLT,11,7,8,,x8 = x11 < x7
0x21E8,SH,15,2,5,,mem [x15+5] = x2
0x21EA,MUL,4,8,4,,x4 = x4 * x8
0x21EC,SLT,0,10,10,,x10 = x0 < x10
0x21EE,MUL,14,4,3,,x3 = x14 * x4
0x21F0,MUL,3,2,15,,x15 = x3 * x2
0x21F2,ADD,1,10,2,,x2 = x1 + x10
0x21F4,SH,14,7,1,,mem [x14+1] = x7
0x21F6,LH,2,3,8,,x3 = mem [x2+8]
0x21F8,SH,8,5,15,,mem [x8+15] = x5
0x21FA,SH,5,9,15,,mem [x5+15] = x9
0x21FC,SLT,2,9,11,,x11 = x2 < x9
0x21FE,SUB,4,1,5,,x5 = x4 - x1
0x2200,ADD,1,4,3,,x3 = x1 + x4
0x2202,LH,14,13,15,,x13 = mem [x14+15]
0x2204,BEQ,4,13,1,,if (x4 == x13): PC = PC + 2
0x2206,LH,10,13,15,,x13 = mem [x10+15]
0x2208,BEQ,4,13,12,,if (x4 == x13): PC = PC + 13
0x220A,LH,2,7,15,,x7 = mem [x2+15]
0x220C,SH,12,7,15,,mem [x12+15] = x7
0x220E,SLT,3,3,10,,x10 = x3 < x3
0x2210,SH,15,12,10,,mem [x15+10] = x12
0x2212,SUB,7,10,8,,x8 = x7 - x10
0x2214,SLT,3,1,12,,x12 = x3 < x1
0x2216,SH,4,15,15,,mem [x4+15] = x15
0x2218,LH,3,4,7,,x4 = mem [x3+7]
0x221A,MUL,6,5,4,,x4 = x6 * x5
0x221C,SUB,15,3,13,,x13 = x15 - x3
0x221E,SLT,15,0,1,,x1 = x15 < x0
0x2220,SH,13,0,8,,mem [x13+8] = x0
0x2222,BEQ,3,2,14,,if (x3 == x2): PC = PC + 15
0x2224,MUL,4,15,7,,x7 = x4 * x15
0x2226,LH,9,1,12,,x1 = mem [x9+12]
0x2228,ADD,12,9,7,,x7 = x12 + x9
0x222A,LH,14,6,14,,x6 = mem [x14+14]
0x222C,SH,10,14,11,,mem [x10+11] = x14
0x222E,MUL,9,14,5,,x5 = x9 * x14
0x2230,BEQ,4,5,0,,if (x4 == x5): PC = PC + 1
0x2232,SH,11,10,4,,mem [x11+4] = x10
0x2234,LH,0,8,-1,,x8 = mem [x0-1]
0x2236,LH,9,14,-3,,x14 = mem [x9-3]
0x2238,ADD,5,1,3,,x3 = x5 + x1
0x223A,MUL,4,6,7,,x7 = x4 * x6
0x223C,BEQ,11,11,15,,if (x11 == x11): PC = PC + 16
0x223E,LH,5,10,0,,x10 = mem [x5+0]
0x2240,MUL,2,12,14,,x14 = x2 * x12
0x2242,MUL,15,5,10,,x10 = x15 * x5
0x2244,SLT,15,10,15,,x15 = x15 < x10
0x2246,SLT,13,2,8,,x8 = x13 < x2
0x2248,SH,13,8,15,,mem [x13+15] = x8
0x224A,BEQ,2,7,13,,if (x2 == x7): PC = PC + 14
0x224C,ADD,11,4,14,,x14 = x11 + x4
0x224E,BEQ,13,1,1,,if (x13 == x1): PC = PC + 2
0x2250,LH,8,12,14,,x12 = mem [x8+14]
0x2252,LH,14,10,15,,x10 = mem [x14+15]
0x2254,SH,4,9,15,,mem [x4+15] = x9
0x2256,BEQ,5,8,7,,if (x5 == x8): PC = PC + 8
0x2258,SH,9,12,-10,,mem [x9-10] = x12
0x225A,LH,1,12,-9,,x12 = mem [x1-9]
0x225C,LH,1,13,-4,,x13 = mem [x1-4]
0x225E,LH,6,15,-16,,x15 = mem [x6-16]
0x2260,BEQ,4,4,8,,if (x4 == x4): PC = PC + 9
0x2262,LH,7,8,9,,x8 = mem [x7+9]
0x2264,SH,0,12,-4,,mem [x0-4] = x12
0x2266,SH,8,8,15,,mem [x8+15] = x8
0x2268,SUB,0,14,4,,x4 = x0 - x14
0x226A,MUL,8,10,4,,x4 = x8 * x10
0x226C,LH,15,2,15,,x2 = mem [x15+15]
0x226E,BEQ,7,12,15,,if (x7 == x12): PC = PC + 16
0x2270,SH,3,1,15,,mem [x3+15] = x1
0x2272,ADD,0,1,14,,x14 = x0 + x1
0x2274,SH,11,3,0,,mem [x11+0] = x3
0x2276,SH,11,9,15,,mem [x11+15] = x9
0x2278,LH,2,0,5,,x0 = mem [x2+5]
0x227A,ADD,1,11,7,,x7 = x1 + x11
0x227C,ADD,1,15,7,,x7 = x1 + x15
0x227E,SH,12,14,15,,mem [x12+15] = x14
0x2280,LH,8,15,8,,x15 = mem [x8+8]
0x2282,LH,11,14,15,,x14 = mem [x11+15]
0x2284,SUB,11,7,8,,x8 = x11 - x7
0x2286,SUB,11,15,10,,x10 = x11 - x15
0x2288,LH,11,3,0,,x3 = mem [x11+0]
0x228A,BEQ,4,1,3,,if (x4 == x1): PC = PC + 4
0x228C,SUB,9,7,7,,x7 = x9 - x7
0x228E,MUL,11,15,12,,x12 = x11 * x15
0x2290,ADD,8,6,4,,x4 = x8 + x6
0x2292,LH,7,14,11,,x14 = mem [x7+11]
0x2294,ADD,5,14,11,,x11 = x5 + x14
0x2296,SH,13,5,11,,mem [x13+11] = x5
0x2298,MUL,6,5,15,,x15 = x6 * x5
0x229A,MUL,7,8,3,,x3 = x7 * x8
0x229C,SH,10,1,15,,mem [x10+15] = x1
0x229E,LH,2,3,15,,x3 = mem [x2+15]
0x22A0,SLT,11,6,3,,x3 = x11 < x6
0x22A2,SH,14,3,15,,mem [x14+15] = x3
0x22A4,SLT,9,5,3,,x3 = x9 < x5
0x22A6,LH,8,6,4,,x6 = mem [x8+4]
0x22A8,SUB,5,3,7,,x7 = x5 - x3
0x22AA,MUL,2,5,4,,x4 = x2 * x5
0x22AC,SH,10,4,15,,mem [x10+15] = x4
0x22AE,SUB,6,3,9,,x9 = x6 - x3
0x22B0,LH,7,10,9,,x10 = mem [x7+9]
0x22B2,SH,6,4,8,,mem [x6+8] = x4
0x22B4,SUB,14,0,0,,x0 = x14 - x0
0x22B6,LH,2,0,12,,x0 = mem [x2+12]
0x22B8,ADD,6,3,6,,x6 = x6 + x3
0x22BA,LH,5,12,15,,x12 = mem [x5+15]
0x22BC,SH,3,15,15,,mem [x3+15] = x15
0x22BE,LH,11,2,1,,x2 = mem [x11+1]
0x22C0,SH,13,11,15,,mem [x13+15] = x11
0x22C2,SH,3,11,10,,mem [x3+10] = x11
0x22C4,ADD,10,2,8,,x8 = x10 + x2
0x22C6,SH,12,14,15,,mem [x12+15] = x14
0x22C8,SH,9,11,15,,mem [x9+15] = x11
0x22CA,SH,12,1,1,,mem [x12+1] = x1
0x22CC,LH,7,13,13,,x13 = mem [x7+13]
0x22CE,SLT,12,7,9,,x9 = x12 < x7
0x22D0,LH,8,7,15,,x7 = mem [x8+15]
0x22D2,LH,13,6,5,,x6 = mem [x13+5]
0x22D4,SH,1,7,15,,mem [x1+15] = x7
0x22D6,ADD,1,1,1,,x1 = x1 + x1
0x22D8,LH,15,14,15,,x14 = mem [x15+15]
0x22DA,SH,14,3,5,,mem [x14+5] = x3
0x22DC,BEQ,7,4,4,,if (x7 == x4): PC = PC + 5
0x22DE,ADD,11,10,10,,x10 = x11 + x10
0x22E0,SH,1,4,13,,mem [x1+13] = x4
0x22E2,LH,12,1,-12,,x1 = mem [x12-12]
0x22E4,LH,8,5,-1,,x5 = mem [x8-1]
0x22E6,LH,4,3,15,,x3 = mem [x4+15]
0x22E8,SH,6,0,3,,mem [x6+3] = x0
0x22EA,SH,8,7,7,,mem [x8+7] = x7
0x22EC,LH,14,0,8,,x0 = mem [x14+8]
0x22EE,LH,13,14,5,,x14 = mem [x13+5]
0x22F0,SH,4,14,15,,mem [x4+15] = x14
0x22F2,SUB,13,7,13,,x13 = x13 - x7
0x22F4,LH,9,15,15,,x15 = mem [x9+15]
0x22F6,LH,0,12,7,,x12 = mem [x0+7]
0x22F8,BEQ,5,3,13,,if (x5 == x3): PC = PC + 14
0x22FA,ADD,4,6,10,,x10 = x4 + x6
0x22FC,MUL,13,4,6,,x6 = x13 * x4
0x22FE,SH,7,15,3,,mem [x7+3] = x15
0x2300,SH,13,10,1,,mem [x13+1] = x10
0x2302,SH,4,6,14,,mem [x4+14] = x6
0x2304,LH,2,14,4,,x14 = mem [x2+4]
0x2306,LH,13,3,-5,,x3 = mem [x13-5]
0x2308,MUL,0,9,10,,x10 = x0 * x9
0x230A,LH,15,15,13,,x15 = mem [x15+13]
0x230C,MUL,6,10,14,,x14 = x6 * x10
0x230E,LH,5,5,6,,x5 = mem [x5+6]
0x2310,SUB,6,1,6,,x6 = x6 - x1
0x2312,MUL,11,15,14,,x14 = x11 * x15
0x2314,LH,9,7,15,,x7 = mem [x9+15]
0x2316,SH,1,0,4,,mem [x1+4] = x0
0x2318,SUB,7,4,10,,x10 = x7 - x4
0x231A,SH,9,10,10,,mem [x9+10] = x10
0x231C,ADD,0,9,11,,x11 = x0 + x9
0x231E,SH,1,3,9,,mem [x1+9] = x3
0x2320,SH,0,14,9,,mem [x0+9] = x14
0x2322,LH,11,13,10,,x13 = mem [x11+10]
0x2324,BEQ,15,9,12,,if (x15 == x9): PC = PC + 13
0x2326,SLT,12,3,14,,x14 = x12 < x3
0x2328,LH,3,1,-10,,x1 = mem [x3-10]
0x232A,MUL,3,8,4,,x4 = x3 * x8
0x232C,ADD,14,0,8,,x8 = x14 + x0
0x232E,SLT,10,1,5,,x5 = x10 < x1
0x2330,LH,14,11,2,,x11 = mem [x14+2]
0x2332,LH,2,13,12,,x13 = mem [x2+12]
0x2334,SH,14,11,5,,mem [x14+5] = x11
0x2336,SUB,0,9,13,,x13 = x0 - x9
0x2338,SUB,11,2,11,,x11 = x11 - x2
0x233A,LH,0,3,-12,,x3 = mem [x0-12]
0x233C,BEQ,2,15,2,,if (x2 == x15): PC = PC + 3
0x233E,SLT,10,1,3,,x3 = x10 < x1
0x2340,SH,12,0,15,,mem [x12+15] = x0
0x2342,LH,5,9,7,,x9 = mem [x5+7]
0x2344,SH,4,0,14,,mem [x4+14] = x0
0x2346,SH,3,6,5,,mem [x3+5] = x6
0x2348,SH,7,8,15,,mem [x7+15] = x8
0x234A,SH,9,13,7,,mem [x9+7] = x13
0x234C,MUL,7,14,3,,x3 = x7 * x14
0x234E,LH,4,6,15,,x6 = mem [x4+15]
0x2350,SUB,5,14,6,,x6 = x5 - x14
0x2352,LH,2,15,8,,x15 = mem [x2+8]
0x2354,SH,9,8,15,,mem [x9+15] = x8
0x2356,BEQ,4,4,3,,if (x4 == x4): PC = PC + 4
0x2358,LH,11,2,-15,,x2 = mem [x11-15]
0x235A,BEQ,15,2,13,,if (x15 == x2): PC = PC + 14
0x235C,LH,5,0,-13,,x0 = mem [x5-13]
0x235E,ADD,12,9,13,,x13 = x12 + x9
0x2360,LH,6,10,15,,x10 = mem [x6+15]
0x2362,LH,3,8,15,,x8 = mem [x3+15]
0x2364,SH,12,4,2,,mem [x12+2] = x4
0x2366,MUL,15,13,4,,x4 = x15 * x13
0x2368,LH,4,0,11,,x0 = mem [x4+11]
0x236A,LH,13,2,5,,x2 = mem [x13+5]
0x236C,MUL,7,4,3,,x3 = x7 * x4
0x236E,ADD,9,10,15,,x15 = x9 + x10
0x2370,MUL,10,6,11,,x11 = x10 * x6
0x2372,SH,13,7,9,,mem [x13+9] = x7
0x2374,SH,10,1,6,,mem [x10+6] = x1
0x2376,SH,12,10,13,,mem [x12+13] = x10
0x2378,SUB,5,7,9,,x9 = x5 - x7
0x237A,LH,3,4,5,,x4 = mem [x3+5]
0x237C,ADD,0,12,7,,x7 = x0 + x12
0x237E,SUB,9,10,2,,x2 = x9 - x10
0x2380,ADD,3,9,4,,x4 = x3 + x9
0x2382,MUL,5,5,9,,x9 = x5 * x5
0x2384,ADD,13,2,4,,x4 = x13 + x2
0x2386,SUB,2,14,4,,x4 = x2 - x14
0x2388,MUL,8,0,8,,x8 = x8 * x0
0x238A,ADD,6,12,13,,x13 = x6 + x12
0x238C,ADD,4,2,7,,x7 = x4 + x2
0x238E,SLT,2,5,11,,x11 = x2 < x5
0x2390,MUL,7,13,13,,x13 = x7 * x13
0x2392,SUB,0,9,15,,x15 = x0 - x9
0x2394,ADD,7,7,5,,x5 = x7 + x7
0x2396,BEQ,12,15,13,,if (x12 == x15): PC = PC + 14
0x2398,MUL,5,9,0,,x0 = x5 * x9
0x239A,SUB,15,3,7,,x7 = x15 - x3
0x239C,ADD,0,4,10,,x10 = x0 + x4
0x239E,LH,8,14,-15,,x14 = mem [x8-15]
0x23A0,LH,10,2,-8,,x2 = mem [x10-8]
0x23A2,LH,15,10,14,,x10 = mem [x15+14]
0x23A4,BEQ,13,0,2,,if (x13 == x0): PC = PC + 3
0x23A6,LH,3,14,13,,x14 = mem [x3+13]
0x23A8,SLT,13,1,11,,x11 = x13 < x1
0x23AA,MUL,1,3,10,,x10 = x1 * x3
0x23AC,SH,14,4,-15,,mem [x14-15] = x4
0x23AE,SUB,5,5,2,,x2 = x5 - x5
0x23B0,ADD,1,15,0,,x0 = x1 + x15
0x23B2,BEQ,5,0,7,,if (x5 == x0): PC = PC + 8
0x23B4,SLT,3,9,5,,x5 = x3 < x9
0x23B6,SH,6,2,7,,mem [x6+7] = x2
0x23B8,SH,0,6,5,,mem [x0+5] = x6
0x23BA,SLT,11,9,12,,x12 = x11 < x9
0x23BC,BEQ,8,9,4,,if (x8 == x9): PC = PC + 5
0x23BE,ADD,6,6,11,,x11 = x6 + x6
0x23C0,BEQ,7,10,3,,if (x7 == x10): PC = PC + 4
0x23C2,LH,4,1,15,,x1 = mem [x4+15]
0x23C4,LH,9,9,4,,x9 = mem [x9+4]
0x23C6,SUB,13,0,9,,x9 = x13 - x0
0x23C8,LH,4,2,11,,x2 = mem [x4+11]
0x23CA,LH,6,5,2,,x5 = mem [x6+2]
0x23CC,SUB,14,15,13,,x13 = x14 - x15
0x23CE,SH,0,9,15,,mem [x0+15] = x9
0x23D0,SH,14,10,15,,mem [x14+15] = x10
0x23D2,ADD,1,5,10,,x10 = x1 + x5
0x23D4,LH,14,6,6,,x6 = mem [x14+6]
0x23D6,SLT,3,9,8,,x8 = x3 < x9
0x23D8,ADD,6,5,14,,x14 = x6 + x5
0x23DA,ADD,5,0,9,,x9 = x5 + x0
0x23DC,ADD,7,7,2,,x2 = x7 + x7
0x23DE,SH,11,9,1,,mem [x11+1] = x9
0x23E0,ADD,13,11,2,,x2 = x13 + x11
0x23E2,ADD,6,2,1,,x1 = x6 + x2
0x23E4,SH,5,10,0,,mem [x5+0] = x10
0x23E6,SH,12,0,15,,mem [x12+15] = x0
0x23E8,SH,10,2,4,,mem [x10+4] = x2
0x23EA,SLT,4,15,11,,x11 = x4 < x15
0x23EC,SH,4,10,15,,mem [x4+15] = x10
0x23EE,LH,4,14,1,,x14 = mem [x4+1]
0x23F0,LH,0,3,15,,x3 = mem [x0+15]
0x23F2,SH,13,15,12,,mem [x13+12] = x15
0x23F4,SLT,11,6,3,,x3 = x11 < x6
0x23F6,MUL,5,7,10,,x10 = x5 * x7
0x23F8,LH,3,8,14,,x8 = mem [x3+14]
0x23FA,ADD,10,15,9,,x9 = x10 + x15
0x23FC,SH,13,3,0,,mem [x13+0] = x3
0x23FE,SH,8,0,3,,mem [x8+3] = x0
0x2400,SH,14,15,15,,mem [x14+15] = x15
0x2402,LH,7,8,1,,x8 = mem [x7+1]
0x2404,SH,3,4,0,,mem [x3+0] = x4
0x2406,LH,6,9,15,,x9 = mem [x6+15]
0x2408,MUL,12,0,4,,x4 = x12 * x0
0x240A,SH,2,14,4,,mem [x2+4] = x14
0x240C,MUL,13,3,4,,x4 = x13 * x3
0x240E,BEQ,3,5,9,,if (x3 == x5): PC = PC + 10
0x2410,SH,7,3,9,,mem [x7+9] = x3
0x2412,LH,12,8,-13,,x8 = mem [x12-13]
0x2414,LH,2,7,7,,x7 = mem [x2+7]
0x2416,LH,8,6,-14,,x6 = mem [x8-14]
0x2418,SH,3,13,13,,mem [x3+13] = x13
0x241A,SH,2,6,3,,mem [x2+3] = x6
0x241C,LH,6,1,12,,x1 = mem [x6+12]
0x241E,SH,14,13,-1,,mem [x14-1] = x13
0x2420,BEQ,4,13,8,,if (x4 == x13): PC = PC + 9
0x2422,BEQ,2,14,4,,if (x2 == x14): PC = PC + 5
0x2424,LH,8,4,-11,,x4 = mem [x8-11]
0x2426,SH,13,13,-5,,mem [x13-5] = x13
0x2428,SH,9,14,12,,mem [x9+12] = x14
0x242A,BEQ,7,4,2,,if (x7 == x4): PC = PC + 3
0x242C,BEQ,5,7,5,,if (x5 == x7): PC = PC + 6
0x242E,SH,2,7,1,,mem [x2+1] = x7
0x2430,BEQ,1,14,0,,if (x1 == x14): PC = PC + 1
0x2432,MUL,3,3,11,,x11 = x3 * x3
0x2434,LH,10,1,-11,,x1 = mem [x10-11]
0x2436,SLT,13,3,14,,x14 = x13 < x3
0x2438,LH,11,14,2,,x14 = mem [x11+2]
0x243A,LH,3,8,0,,x8 = mem [x3+0]
0x243C,BEQ,15,5,4,,if (x15 == x5): PC = PC + 5
0x243E,BEQ,6,11,5,,if (x6 == x11): PC = PC + 6
0x2440,SH,11,14,13,,mem [x11+13] = x14
0x2442,BEQ,9,2,7,,if (x9 == x2): PC = PC + 8
0x2444,SH,5,3,-3,,mem [x5-3] = x3
0x2446,LH,12,8,15,,x8 = mem [x12+15]
0x2448,SLT,6,13,12,,x12 = x6 < x13
0x244A,MUL,6,8,2,,x2 = x6 * x8
0x244C,BEQ,11,12,10,,if (x11 == x12): PC = PC + 11
0x244E,SH,3,10,-14,,mem [x3-14] = x10
0x2450,SUB,3,0,8,,x8 = x3 - x0
0x2452,SH,11,4,-8,,mem [x11-8] = x4
0x2454,MUL,12,3,11,,x11 = x12 * x3
0x2456,SUB,11,2,15,,x15 = x11 - x2
0x2458,BEQ,14,9,6,,if (x14 == x9): PC = PC + 7
0x245A,MUL,10,9,8,,x8 = x10 * x9
0x245C,LH,3,14,10,,x14 = mem [x3+10]
0x245E,SLT,7,2,6,,x6 = x7 < x2
0x2460,LH,5,4,8,,x4 = mem [x5+8]
0x2462,SLT,8,15,7,,x7 = x8 < x15
0x2464,SUB,11,0,0,,x0 = x11 - x0
0x2466,SH,5,6,15,,mem [x5+15] = x6
0x2468,LH,10,2,15,,x2 = mem [x10+15]
0x246A,SH,2,8,15,,mem [x2+15] = x8
0x246C,ADD,12,14,8,,x8 = x12 + x14
0x246E,MUL,10,9,14,,x14 = x10 * x9
0x2470,SUB,13,9,11,,x11 = x13 - x9
0x2472,MUL,4,13,15,,x15 = x4 * x13
0x2474,SLT,10,12,15,,x15 = x10 < x12
0x2476,LH,10,15,6,,x15 = mem [x10+6]
0x2478,BEQ,14,15,5,,if (x14 == x15): PC = PC + 6
0x247A,MUL,6,3,8,,x8 = x6 * x3
0x247C,SH,5,10,-2,,mem [x5-2] = x10
0x247E,ADD,2,10,8,,x8 = x2 + x10
0x2480,ADD,13,0,8,,x8 = x13 + x0
0x2482,LH,10,10,11,,x10 = mem [x10+11]
0x2484,LH,4,2,15,,x2 = mem [x4+15]
0x2486,LH,3,14,11,,x14 = mem [x3+11]
0x2488,ADD,0,11,10,,x10 = x0 + x11
0x248A,LH,1,4,15,,x4 = mem [x1+15]
0x248C,LH,2,3,15,,x3 = mem [x2+15]
0x248E,LH,12,11,7,,x11 = mem [x12+7]
0x2490,LH,7,6,15,,x6 = mem [x7+15]
0x2492,SH,4,0,15,,mem [x4+15] = x0
0x2494,BEQ,8,2,10,,if (x8 == x2): PC = PC + 11
0x2496,SLT,7,14,1,,x1 = x7 < x14
0x2498,ADD,13,12,11,,x11 = x13 + x12
0x249A,SH,13,6,11,,mem [x13+11] = x6
0x249C,BEQ,6,0,10,,if (x6 == x0): PC = PC + 11
0x249E,ADD,0,10,12,,x12 = x0 + x10
0x24A0,LH,7,11,-6,,x11 = mem [x7-6]
0x24A2,LH,6,3,-12,,x3 = mem [x6-12]
0x24A4,SUB,11,1,0,,x0 = x11 - x1
0x24A6,LH,4,2,11,,x2 = mem [x4+11]
0x24A8,LH,4,0,-5,,x0 = mem [x4-5]
0x24AA,LH,2,10,9,,x10 = mem [x2+9]
0x24AC,LH,0,13,15,,x13 = mem [x0+15]
0x24AE,SUB,3,5,13,,x13 = x3 - x5
0x24B0,SH,15,6,15,,mem [x15+15] = x6
0x24B2,LH,4,0,1,,x0 = mem [x4+1]
0x24B4,LH,11,9,15,,x9 = mem [x11+15]
0x24B6,SUB,2,8,6,,x6 = x2 - x8
0x24B8,BEQ,13,15,15,,if (x13 == x15): PC = PC + 16
0x24BA,LH,0,15,-6,,x15 = mem [x0-6]
0x24BC,MUL,4,0,2,,x2 = x4 * x0
0x24BE,SLT,9,4,10,,x10 = x9 < x4
0x24C0,BEQ,9,9,1,,if (x9 == x9): PC = PC + 2
0x24C2,BEQ,10,12,4,,if (x10 == x12): PC = PC + 5
0x24C4,LH,14,3,-4,,x3 = mem [x14-4]
0x24C6,ADD,4,3,0,,x0 = x4 + x3
0x24C8,LH,15,3,-10,,x3 = mem [x15-10]
0x24CA,MUL,15,5,9,,x9 = x15 * x5
0x24CC,LH,4,6,-2,,x6 = mem [x4-2]
0x24CE,LH,14,10,1,,x10 = mem [x14+1]
0x24D0,LH,8,5,2,,x5 = mem [x8+2]
0x24D2,SH,10,3,3,,mem [x10+3] = x3
0x24D4,LH,14,5,-4,,x5 = mem [x14-4]
0x24D6,BEQ,3,15,2,,if (x3 == x15): PC = PC + 3
0x24D8,SUB,10,8,9,,x9 = x10 - x8
0x24DA,LH,3,2,4,,x2 = mem [x3+4]
0x24DC,SH,11,3,14,,mem [x11+14] = x3
0x24DE,LH,14,3,15,,x3 = mem [x14+15]
0x24E0,SLT,1,0,14,,x14 = x1 < x0
0x24E2,MUL,0,8,9,,x9 = x0 * x8
0x24E4,BEQ,10,2,2,,if (x10 == x2): PC = PC + 3
0x24E6,SH,14,5,1,,mem [x14+1] = x5
0x24E8,SLT,2,4,8,,x8 = x2 < x4
0x24EA,SH,15,5,12,,mem [x15+12] = x5
0x24EC,BEQ,2,2,0,,if (x2 == x2): PC = PC + 1
0x24EE,LH,13,6,2,,x6 = mem [x13+2]
0x24F0,SH,12,11,15,,mem [x12+15] = x11
0x24F2,LH,12,7,8,,x7 = mem [x12+8]
0x24F4,BEQ,0,6,15,,if (x0 == x6): PC = PC + 16
0x24F6,BEQ,1,0,0,,if (x1 == x0): PC = PC + 1
0x24F8,LH,11,3,-6,,x3 = mem [x11-6]
0x24FA,LH,0,6,12,,x6 = mem [x0+12]
0x24FC,ADD,5,8,0,,x0 = x5 + x8
0x24FE,SH,3,2,-1,,mem [x3-1] = x2
0x2500,SUB,1,11,5,,x5 = x1 - x11
0x2502,MUL,11,10,9,,x9 = x11 * x10
0x2504,BEQ,14,15,11,,if (x14 == x15): PC = PC + 12
0x2506,MUL,11,0,10,,x10 = x11 * x0
0x2508,SH,12,15,1,,mem [x12+1] = x15
0x250A,SLT,9,4,2,,x2 = x9 < x4
0x250C,ADD,6,2,15,,x15 = x6 + x2
0x250E,SLT,9,6,0,,x0 = x9 < x6
0x2510,LH,2,1,-10,,x1 = mem [x2-10]
0x2512,SH,3,3,-3,,mem [x3-3] = x3
0x2514,MUL,12,13,0,,x0 = x12 * x13
0x2516,ADD,15,4,3,,x3 = x15 + x4
0x2518,LH,9,6,15,,x6 = mem [x9+15]
0x251A,LH,0,15,15,,x15 = mem [x0+15]
0x251C,SUB,7,4,1,,x1 = x7 - x4
0x251E,SUB,2,3,1,,x1 = x2 - x3
0x2520,ADD,6,5,11,,x11 = x6 + x5
0x2522,BEQ,2,6,2,,if (x2 == x6): PC = PC + 3
0x2524,ADD,10,4,5,,x5 = x10 + x4
0x2526,SH,11,2,14,,mem [x11+14] = x2
0x2528,LH,4,2,15,,x2 = mem [x4+15]
0x252A,SH,4,10,15,,mem [x4+15] = x10
0x252C,BEQ,6,0,13,,if (x6 == x0): PC = PC + 14
0x252E,SUB,13,1,4,,x4 = x13 - x1
0x2530,SUB,12,15,13,,x13 = x12 - x15
0x2532,LH,15,12,14,,x12 = mem [x15+14]
0x2534,SH,5,14,-1,,mem [x5-1] = x14
0x2536,LH,4,14,-15,,x14 = mem [x4-15]
0x2538,SUB,13,11,12,,x12 = x13 - x11
0x253A,LH,7,3,0,,x3 = mem [x7+0]
0x253C,BEQ,1,2,11,,if (x1 == x2): PC = PC + 12
0x253E,SUB,9,5,5,,x5 = x9 - x5
0x2540,MUL,0,2,0,,x0 = x0 * x2
0x2542,SLT,9,2,10,,x10 = x9 < x2
0x2544,LH,10,14,15,,x14 = mem [x10+15]
0x2546,BEQ,4,2,1,,if (x4 == x2): PC = PC + 2
0x2548,BEQ,0,13,6,,if (x0 == x13): PC = PC + 7
0x254A,SH,15,9,11,,mem [x15+11] = x9
0x254C,SH,10,12,15,,mem [x10+15] = x12
0x254E,LH,15,12,-16,,x12 = mem [x15-16]
0x2550,BEQ,2,3,1,,if (x2 == x3): PC = PC + 2
0x2552,SH,4,13,3,,mem [x4+3] = x13
0x2554,ADD,10,5,5,,x5 = x10 + x5
0x2556,MUL,3,5,3,,x3 = x3 * x5
0x2558,LH,15,11,15,,x11 = mem [x15+15]
0x255A,SLT,8,9,1,,x1 = x8 < x9
0x255C,SLT,7,13,13,,x13 = x7 < x13
0x255E,SH,0,6,15,,mem [x0+15] = x6
0x2560,LH,9,8,8,,x8 = mem [x9+8]
0x2562,MUL,8,15,7,,x7 = x8 * x15
0x2564,LH,9,9,15,,x9 = mem [x9+15]
0x2566,LH,12,7,13,,x7 = mem [x12+13]
0x2568,BEQ,0,0,5,,if (x0 == x0): PC = PC + 6
0x256A,BEQ,5,4,7,,if (x5 == x4): PC = PC + 8
0x256C,LH,2,12,2,,x12 = mem [x2+2]
0x256E,LH,12,7,7,,x7 = mem [x12+7]
0x2570,LH,4,9,1,,x9 = mem [x4+1]
0x2572,LH,8,9,-15,,x9 = mem [x8-15]
0x2574,SUB,6,9,5,,x5 = x6 - x9
0x2576,MUL,11,12,6,,x6 = x11 * x12
0x2578,BEQ,0,0,0,,if (x0 == x0): PC = PC + 1
0x257A,SH,14,3,5,,mem [x14+5] = x3
0x257C,LH,9,3,15,,x3 = mem [x9+15]
0x257E,MUL,0,13,3,,x3 = x0 * x13
0x2580,SH,14,8,8,,mem [x14+8] = x8
0x2582,LH,8,12,0,,x12 = mem [x8+0]
0x2584,LH,6,5,15,,x5 = mem [x6+15]
0x2586,LH,15,11,15,,x11 = mem [x15+15]
0x2588,LH,3,13,15,,x13 = mem [x3+15]
0x258A,BEQ,3,3,9,,if (x3 == x3): PC = PC + 10
0x258C,SH,14,10,14,,mem [x14+14] = x10
0x258E,SLT,8,12,0,,x0 = x8 < x12
0x2590,SH,5,0,14,,mem [x5+14] = x0
0x2592,LH,8,0,-14,,x0 = mem [x8-14]
0x2594,SH,10,13,9,,mem [x10+9] = x13
0x2596,ADD,3,9,5,,x5 = x3 + x9
0x2598,SH,13,5,8,,mem [x13+8] = x5
0x259A,MUL,7,8,4,,x4 = x7 * x8
0x259C,ADD,6,13,6,,x6 = x6 + x13
0x259E,SLT,0,12,3,,x3 = x0 < x12
0x25A0,ADD,9,5,7,,x7 = x9 + x5
0x25A2,LH,1,5,15,,x5 = mem [x1+15]
0x25A4,LH,3,9,15,,x9 = mem [x3+15]
0x25A6,SUB,4,6,12,,x12 = x4 - x6
0x25A8,BEQ,9,9,13,,if (x9 == x9): PC = PC + 14
0x25AA,SH,3,3,1,,mem [x3+1] = x3
0x25AC,ADD,2,8,3,,x3 = x2 + x8
0x25AE,SH,15,1,-11,,mem [x15-11] = x1
0x25B0,LH,11,11,3,,x11 = mem [x11+3]
0x25B2,LH,5,3,-5,,x3 = mem [x5-5]
0x25B4,SUB,3,7,15,,x15 = x3 - x7
0x25B6,BEQ,14,0,6,,if (x14 == x0): PC = PC + 7
0x25B8,LH,2,0,-11,,x0 = mem [x2-11]
0x25BA,MUL,0,3,6,,x6 = x0 * x3
0x25BC,MUL,13,8,3,,x3 = x13 * x8
0x25BE,SUB,11,0,14,,x14 = x11 - x0
0x25C0,LH,2,12,-6,,x12 = mem [x2-6]
0x25C2,MUL,0,12,1,,x1 = x0 * x12
0x25C4,SH,8,12,15,,mem [x8+15] = x12
0x25C6,SH,15,8,12,,mem [x15+12] = x8
0x25C8,MUL,14,11,13,,x13 = x14 * x11
0x25CA,MUL,4,6,3,,x3 = x4 * x6
0x25CC,LH,6,9,15,,x9 = mem [x6+15]
0x25CE,SH,6,4,13,,mem [x6+13] = x4
0x25D0,SLT,0,13,1,,x1 = x0 < x13
0x25D2,MUL,2,0,0,,x0 = x2 * x0
0x25D4,LH,5,4,10,,x4 = mem [x5+10]
0x25D6,ADD,7,5,4,,x4 = x7 + x5
0x25D8,LH,3,12,15,,x12 = mem [x3+15]
0x25DA,BEQ,10,13,8,,if (x10 == x13): PC = PC + 9
0x25DC,LH,1,15,7,,x15 = mem [x1+7]
0x25DE,LH,7,2,13,,x2 = mem [x7+13]
0x25E0,SUB,7,2,15,,x15 = x7 - x2
0x25E2,SH,5,7,8,,mem [x5+8] = x7
0x25E4,MUL,15,10,2,,x2 = x15 * x10
0x25E6,BEQ,2,0,15,,if (x2 == x0): PC = PC + 16
0x25E8,LH,8,13,8,,x13 = mem [x8+8]
0x25EA,ADD,10,4,2,,x2 = x10 + x4
0x25EC,SLT,1,10,0,,x0 = x1 < x10
0x25EE,SH,8,11,13,,mem [x8+13] = x11
0x25F0,SLT,9,13,11,,x11 = x9 < x13
0x25F2,SLT,1,2,7,,x7 = x1 < x2
0x25F4,SLT,4,3,11,,x11 = x4 < x3
0x25F6,LH,14,1,15,,x1 = mem [x14+15]
0x25F8,ADD,6,1,1,,x1 = x6 + x1
0x25FA,BEQ,9,2,9,,if (x9 == x2): PC = PC + 10
0x25FC,SUB,7,7,13,,x13 = x7 - x7
0x25FE,LH,15,7,6,,x7 = mem [x15+6]
0x2600,SH,4,1,-3,,mem [x4-3] = x1
0x2602,SUB,15,9,6,,x6 = x15 - x9
0x2604,SH,13,2,4,,mem [x13+4] = x2
0x2606,SUB,15,5,0,,x0 = x15 - x5
0x2608,SH,5,8,11,,mem [x5+11] = x8
0x260A,SH,2,4,-2,,mem [x2-2] = x4
0x260C,LH,3,10,-11,,x10 = mem [x3-11]
0x260E,ADD,9,13,8,,x8 = x9 + x13
0x2610,LH,11,15,15,,x15 = mem [x11+15]
0x2612,LH,5,13,15,,x13 = mem [x5+15]
0x2614,LH,7,0,15,,x0 = mem [x7+15]
0x2616,SH,6,0,10,,mem [x6+10] = x0
0x2618,LH,5,10,12,,x10 = mem [x5+12]
0x261A,SH,13,3,10,,mem [x13+10] = x3
0x261C,LH,9,3,15,,x3 = mem [x9+15]
0x261E,ADD,12,6,13,,x13 = x12 + x6
0x2620,SUB,0,0,4,,x4 = x0 - x0
0x2622,LH,7,15,5,,x15 = mem [x7+5]
0x2624,MUL,14,0,13,,x13 = x14 * x0
0x2626,LH,9,7,0,,x7 = mem [x9+0]
0x2628,LH,11,10,15,,x10 = mem [x11+15]
0x262A,SUB,14,10,14,,x14 = x14 - x10
0x262C,ADD,1,8,7,,x7 = x1 + x8
0x262E,LH,8,5,15,,x5 = mem [x8+15]
0x2630,SH,8,1,15,,mem [x8+15] = x1
0x2632,SUB,14,3,2,,x2 = x14 - x3
0x2634,LH,0,5,9,,x5 = mem [x0+9]
0x2636,LH,5,14,15,,x14 = mem [x5+15]
0x2638,SUB,0,0,13,,x13 = x0 - x0
0x263A,LH,0,0,15,,x0 = mem [x0+15]
0x263C,SH,9,9,15,,mem [x9+15] = x9
0x263E,LH,7,0,7,,x0 = mem [x7+7]
0x2640,SH,14,12,15,,mem [x14+15] = x12
0x2642,MUL,1,6,11,,x11 = x1 * x6
0x2644,LH,1,2,8,,x2 = mem [x1+8]
0x2646,LH,3,8,15,,x8 = mem [x3+15]
0x2648,SH,1,6,15,,mem [x1+15] = x6
0x264A,ADD,6,0,10,,x10 = x6 + x0
0x264C,SLT,12,0,2,,x2 = x12 < x0
0x264E,LH,9,7,8,,x7 = mem [x9+8]
0x2650,SH,2,7,15,,mem [x2+15] = x7
0x2652,BEQ,8,10,8,,if (x8 == x10): PC = PC + 9
0x2654,ADD,0,12,12,,x12 = x0 + x12
0x2656,SH,9,14,-3,,mem [x9-3] = x14
0x2658,SUB,5,4,1,,x1 = x5 - x4
0x265A,LH,1,13,-4,,x13 = mem [x1-4]
0x265C,SH,5,3,-13,,mem [x5-13] = x3
0x265E,MUL,10,2,0,,x0 = x10 * x2
0x2660,LH,14,7,5,,x7 = mem [x14+5]
0x2662,SUB,14,10,2,,x2 = x14 - x10
0x2664,SH,5,15,0,,mem [x5+0] = x15
0x2666,SUB,10,1,2,,x2 = x10 - x1
0x2668,SH,1,7,15,,mem [x1+15] = x7
0x266A,SUB,9,11,11,,x11 = x9 - x11
0x266C,ADD,12,12,8,,x8 = x12 + x12
0x266E,SH,1,4,15,,mem [x1+15] = x4
0x2670,SLT,11,1,1,,x1 = x11 < x1
0x2672,ADD,2,15,5,,x5 = x2 + x15
0x2674,ADD,10,14,3,,x3 = x10 + x14
0x2676,LH,1,10,0,,x10 = mem [x1+0]
0x2678,SH,3,12,15,,mem [x3+15] = x12
0x267A,SH,2,14,15,,mem [x2+15] = x14
0x267C,LH,4,0,0,,x0 = mem [x4+0]
0x267E,SH,11,13,8,,mem [x11+8] = x13
0x2680,SH,0,15,9,,mem [x0+9] = x15
0x2682,MUL,2,14,5,,x5 = x2 * x14
0x2684,SLT,8,10,2,,x2 = x8 < x10
0x2686,LH,7,13,3,,x13 = mem [x7+3]
0x2688,ADD,15,1,9,,x9 = x15 + x1
0x268A,LH,5,13,13,,x13 = mem [x5+13]
0x268C,LH,3,2,5,,x2 = mem [x3+5]
0x268E,ADD,7,4,2,,x2 = x7 + x4
0x2690,LH,9,1,1,,x1 = mem [x9+1]
0x2692,LH,6,6,14,,x6 = mem [x6+14]
0x2694,MUL,6,12,8,,x8 = x6 * x12
0x2696,BEQ,10,0,1,,if (x10 == x0): PC = PC + 2
0x2698,LH,14,15,14,,x15 = mem [x14+14]
0x269A,SH,6,6,2,,mem [x6+2] = x6
0x269C,LH,11,13,15,,x13 = mem [x11+15]
0x269E,SH,9,4,15,,mem [x9+15] = x4
0x26A0,ADD,4,9,0,,x0 = x4 + x9
0x26A2,LH,15,5,5,,x5 = mem [x15+5]
0x26A4,BEQ,4,13,11,,if (x4 == x13): PC = PC + 12
0x26A6,SH,2,5,-7,,mem [x2-7] = x5
0x26A8,LH,1,14,4,,x14 = mem [x1+4]
0x26AA,LH,5,6,10,,x6 = mem [x5+10]
0x26AC,SLT,5,2,7,,x7 = x5 < x2
0x26AE,SLT,7,10,11,,x11 = x7 < x10
0x26B0,SLT,15,7,5,,x5 = x15 < x7
0x26B2,LH,13,11,3,,x11 = mem [x13+3]
0x26B4,LH,1,12,-16,,x12 = mem [x1-16]
0x26B6,SLT,6,15,11,,x11 = x6 < x15
0x26B8,MUL,12,9,13,,x13 = x12 * x9
0x26BA,LH,15,13,-9,,x13 = mem [x15-9]
0x26BC,LH,6,9,15,,x9 = mem [x6+15]
0x26BE,LH,9,14,15,,x14 = mem [x9+15]
0x26C0,SH,3,12,15,,mem [x3+15] = x12
0x26C2,SH,10,6,13,,mem [x10+13] = x6
0x26C4,LH,3,5,15,,x5 = mem [x3+15]
0x26C6,BEQ,12,4,10,,if (x12 == x4): PC = PC + 11
0x26C8,SLT,5,6,6,,x6 = x5 < x6
0x26CA,SH,6,14,-5,,mem [x6-5] = x14
0x26CC,ADD,7,15,9,,x9 = x7 + x15
0x26CE,SUB,7,7,9,,x9 = x7 - x7
0x26D0,LH,7,14,-5,,x14 = mem [x7-5]
0x26D2,LH,5,15,-7,,x15 = mem [x5-7]
0x26D4,SLT,8,2,10,,x10 = x8 < x2
0x26D6,LH,12,2,-11,,x2 = mem [x12-11]
0x26D8,ADD,0,2,3,,x3 = x0 + x2
0x26DA,LH,11,5,-10,,x5 = mem [x11-10]
0x26DC,SH,11,6,9,,mem [x11+9] = x6
0x26DE,SUB,3,4,13,,x13 = x3 - x4
0x26E0,SH,12,13,15,,mem [x12+15] = x13
0x26E2,LH,4,12,15,,x12 = mem [x4+15]
0x26E4,SH,11,15,15,,mem [x11+15] = x15
0x26E6,LH,0,3,5,,x3 = mem [x0+5]
0x26E8,SH,14,14,15,,mem [x14+15] = x14
0x26EA,LH,0,2,15,,x2 = mem [x0+15]
0x26EC,LH,6,8,15,,x8 = mem [x6+15]
0x26EE,LH,5,8,15,,x8 = mem [x5+15]
0x26F0,LH,7,5,6,,x5 = mem [x7+6]
0x26F2,LH,0,8,14,,x8 = mem [x0+14]
0x26F4,SH,0,6,15,,mem [x0+15] = x6
0x26F6,LH,7,8,11,,x8 = mem [x7+11]
0x26F8,ADD,12,15,0,,x0 = x12 + x15
0x26FA,SH,3,11,12,,mem [x3+12] = x11
0x26FC,LH,7,1,9,,x1 = mem [x7+9]
0x26FE,SH,12,4,0,,mem [x12+0] = x4
0x2700,LH,2,9,15,,x9 = mem [x2+15]
0x2702,LH,4,8,6,,x8 = mem [x4+6]
0x2704,LH,1,6,15,,x6 = mem [x1+15]
0x2706,SH,14,3,11,,mem [x14+11] = x3
0x2708,BEQ,4,1,6,,if (x4 == x1): PC = PC + 7
0x270A,SLT,1,1,2,,x2 = x1 < x1
0x270C,SLT,5,7,12,,x12 = x5 < x7
0x270E,LH,11,15,-4,,x15 = mem [x11-4]
0x2710,SH,15,6,0,,mem [x15+0] = x6
0x2712,BEQ,12,5,12,,if (x12 == x5): PC = PC + 13
0x2714,SH,0,12,2,,mem [x0+2] = x12
0x2716,BEQ,9,7,3,,if (x9 == x7): PC = PC + 4
0x2718,SLT,10,8,15,,x15 = x10 < x8
0x271A,BEQ,8,3,6,,if (x8 == x3): PC = PC + 7
0x271C,SUB,4,5,5,,x5 = x4 - x5
0x271E,SLT,9,7,13,,x13 = x9 < x7
0x2720,ADD,2,3,1,,x1 = x2 + x3
0x2722,ADD,14,3,11,,x11 = x14 + x3
0x2724,LH,10,1,4,,x1 = mem [x10+4]
0x2726,LH,0,12,9,,x12 = mem [x0+9]
0x2728,LH,4,7,15,,x7 = mem [x4+15]
0x272A,SH,3,10,0,,mem [x3+0] = x10
0x272C,LH,5,12,14,,x12 = mem [x5+14]
0x272E,LH,9,5,15,,x5 = mem [x9+15]
0x2730,MUL,9,1,3,,x3 = x9 * x1
0x2732,LH,6,14,14,,x14 = mem [x6+14]
0x2734,ADD,3,14,1,,x1 = x3 + x14
0x2736,SH,1,15,15,,mem [x1+15] = x15
0x2738,SH,14,0,15,,mem [x14+15] = x0
0x273A,BEQ,5,8,9,,if (x5 == x8): PC = PC + 10
0x273C,SH,1,5,14,,mem [x1+14] = x5
0x273E,ADD,11,12,1,,x1 = x11 + x12
0x2740,LH,5,2,-15,,x2 = mem [x5-15]
0x2742,SH,2,2,-8,,mem [x2-8] = x2
0x2744,ADD,0,0,15,,x15 = x0 + x0
0x2746,SH,12,12,-5,,mem [x12-5] = x12
0x2748,ADD,10,14,9,,x9 = x10 + x14
0x274A,MUL,5,11,11,,x11 = x5 * x11
0x274C,LH,9,7,14,,x7 = mem [x9+14]
0x274E,SLT,11,7,12,,x12 = x11 < x7
0x2750,MUL,6,3,7,,x7 = x6 * x3
0x2752,LH,8,7,15,,x7 = mem [x8+15]
0x2754,SUB,9,1,3,,x3 = x9 - x1
0x2756,BEQ,15,15,6,,if (x15 == x15): PC = PC + 7
0x2758,SLT,0,0,6,,x6 = x0 < x0
0x275A,ADD,3,6,14,,x14 = x3 + x6
0x275C,LH,7,14,12,,x14 = mem [x7+12]
0x275E,LH,12,7,4,,x7 = mem [x12+4]
0x2760,SH,10,5,-3,,mem [x10-3] = x5
0x2762,LH,4,2,13,,x2 = mem [x4+13]
0x2764,SLT,2,14,9,,x9 = x2 < x14
0x2766,LH,8,4,11,,x4 = mem [x8+11]
0x2768,SH,14,7,3,,mem [x14+3] = x7
0x276A,SUB,6,14,13,,x13 = x6 - x14
0x276C,BEQ,7,7,9,,if (x7 == x7): PC = PC + 10
0x276E,LH,11,12,1,,x12 = mem [x11+1]
0x2770,SLT,11,11,12,,x12 = x11 < x11
0x2772,ADD,5,8,6,,x6 = x5 + x8
0x2774,SH,10,14,1,,mem [x10+1] = x14
0x2776,SH,14,6,10,,mem [x14+10] = x6
0x2778,BEQ,9,7,11,,if (x9 == x7): PC = PC + 12
0x277A,SLT,15,5,8,,x8 = x15 < x5
0x277C,SH,12,14,-11,,mem [x12-11] = x14
0x277E,BEQ,9,6,15,,if (x9 == x6): PC = PC + 16
0x2780,SLT,14,11,15,,x15 = x14 < x11
0x2782,ADD,14,4,0,,x0 = x14 + x4
0x2784,LH,3,7,12,,x7 = mem [x3+12]
0x2786,SH,10,2,15,,mem [x10+15] = x2
0x2788,SLT,12,0,0,,x0 = x12 < x0
0x278A,BEQ,4,15,6,,if (x4 == x15): PC = PC + 7
0x278C,SH,14,9,13,,mem [x14+13] = x9
0x278E,LH,14,14,-7,,x14 = mem [x14-7]
0x2790,MUL,8,6,3,,x3 = x8 * x6
0x2792,LH,1,12,-15,,x12 = mem [x1-15]
0x2794,LH,8,4,-15,,x4 = mem [x8-15]
0x2796,LH,6,9,14,,x9 = mem [x6+14]
0x2798,LH,3,5,15,,x5 = mem [x3+15]
0x279A,ADD,1,5,14,,x14 = x1 + x5
0x279C,SUB,1,3,9,,x9 = x1 - x3
0x279E,SH,7,15,6,,mem [x7+6] = x15
0x27A0,SLT,15,7,10,,x10 = x15 < x7
0x27A2,SH,6,0,15,,mem [x6+15] = x0
0x27A4,LH,15,6,15,,x6 = mem [x15+15]
0x27A6,LH,11,13,5,,x13 = mem [x11+5]
0x27A8,MUL,2,15,7,,x7 = x2 * x15
0x27AA,SUB,12,2,10,,x10 = x12 - x2
0x27AC,SLT,11,8,5,,x5 = x11 < x8
0x27AE,LH,1,3,2,,x3 = mem [x1+2]
0x27B0,ADD,10,13,8,,x8 = x10 + x13
0x27B2,SLT,0,7,12,,x12 = x0 < x7
0x27B4,SH,1,15,7,,mem [x1+7] = x15
0x27B6,SH,12,1,0,,mem [x12+0] = x1
0x27B8,SUB,0,7,12,,x12 = x0 - x7
0x27BA,SH,12,11,14,,mem [x12+14] = x11
0x27BC,SH,3,1,15,,mem [x3+15] = x1
0x27BE,SH,12,12,8,,mem [x12+8] = x12
0x27C0,ADD,5,13,9,,x9 = x5 + x13
0x27C2,SH,9,1,15,,mem [x9+15] = x1
0x27C4,BEQ,8,4,4,,if (x8 == x4): PC = PC + 5
0x27C6,SUB,3,5,2,,x2 = x3 - x5
0x27C8,BEQ,13,0,3,,if (x13 == x0): PC = PC + 4
0x27CA,SH,7,10,-1,,mem [x7-1] = x10
0x27CC,SUB,10,4,13,,x13 = x10 - x4
0x27CE,ADD,8,9,1,,x1 = x8 + x9
0x27D0,SUB,10,14,7,,x7 = x10 - x14
0x27D2,SUB,2,8,9,,x9 = x2 - x8
0x27D4,SLT,12,0,6,,x6 = x12 < x0
0x27D6,SH,9,4,11,,mem [x9+11] = x4
0x27D8,LH,2,11,5,,x11 = mem [x2+5]
0x27DA,BEQ,6,6,13,,if (x6 == x6): PC = PC + 14
0x27DC,SLT,8,3,12,,x12 = x8 < x3
0x27DE,SH,10,4,-2,,mem [x10-2] = x4
0x27E0,BEQ,6,7,15,,if (x6 == x7): PC = PC + 16
0x27E2,SLT,7,6,3,,x3 = x7 < x6
0x27E4,ADD,0,13,7,,x7 = x0 + x13
0x27E6,LH,11,11,-3,,x11 = mem [x11-3]
0x27E8,LH,14,5,14,,x5 = mem [x14+14]
0x27EA,LH,3,8,6,,x8 = mem [x3+6]
0x27EC,SH,10,7,5,,mem [x10+5] = x7
0x27EE,SH,4,5,7,,mem [x4+7] = x5
0x27F0,BEQ,4,7,15,,if (x4 == x7): PC = PC + 16
0x27F2,SH,5,6,-3,,mem [x5-3] = x6
0x27F4,LH,14,5,-6,,x5 = mem [x14-6]
0x27F6,ADD,0,15,5,,x5 = x0 + x15
0x27F8,ADD,13,0,7,,x7 = x13 + x0
0x27FA,ADD,7,14,13,,x13 = x7 + x14
0x27FC,MUL,2,3,0,,x0 = x2 * x3
0x27FE,SH,14,9,15,,mem [x14+15] = x9
0x2800,ADD,5,9,8,,x8 = x5 + x9
0x2802,LH,10,4,13,,x4 = mem [x10+13]
0x2804,SH,13,2,15,,mem [x13+15] = x2
0x2806,SLT,0,3,7,,x7 = x0 < x3
0x2808,MUL,14,6,6,,x6 = x14 * x6
0x280A,LH,4,8,15,,x8 = mem [x4+15]
0x280C,SH,3,8,14,,mem [x3+14] = x8
0x280E,BEQ,6,2,6,,if (x6 == x2): PC = PC + 7
0x2810,SH,8,0,3,,mem [x8+3] = x0
0x2812,LH,4,0,-2,,x0 = mem [x4-2]
0x2814,SLT,12,14,13,,x13 = x12 < x14
0x2816,LH,14,6,-2,,x6 = mem [x14-2]
0x2818,SUB,3,5,10,,x10 = x3 - x5
0x281A,SUB,14,11,1,,x1 = x14 - x11
0x281C,MUL,0,10,9,,x9 = x0 * x10
0x281E,SH,12,7,15,,mem [x12+15] = x7
0x2820,SLT,1,5,2,,x2 = x1 < x5
0x2822,LH,10,2,1,,x2 = mem [x10+1]
0x2824,BEQ,0,12,7,,if (x0 == x12): PC = PC + 8
0x2826,LH,6,1,15,,x1 = mem [x6+15]
0x2828,LH,7,10,4,,x10 = mem [x7+4]
0x282A,SH,2,7,-4,,mem [x2-4] = x7
0x282C,LH,3,0,3,,x0 = mem [x3+3]
0x282E,LH,8,10,-14,,x10 = mem [x8-14]
0x2830,SLT,15,10,5,,x5 = x15 < x10
0x2832,LH,10,12,-11,,x12 = mem [x10-11]
0x2834,SH,7,15,15,,mem [x7+15] = x15
0x2836,BEQ,6,10,8,,if (x6 == x10): PC = PC + 9
0x2838,SUB,11,11,4,,x4 = x11 - x11
0x283A,LH,10,0,13,,x0 = mem [x10+13]
0x283C,LH,6,12,15,,x12 = mem [x6+15]
0x283E,SH,10,3,5,,mem [x10+5] = x3
0x2840,SH,10,1,0,,mem [x10+0] = x1
0x2842,SH,8,14,3,,mem [x8+3] = x14
0x2844,SUB,1,9,3,,x3 = x1 - x9
0x2846,ADD,11,1,1,,x1 = x11 + x1
0x2848,SH,11,4,15,,mem [x11+15] = x4
0x284A,LH,6,0,15,,x0 = mem [x6+15]
0x284C,BEQ,15,14,10,,if (x15 == x14): PC = PC + 11
0x284E,SH,2,8,9,,mem [x2+9] = x8
0x2850,BEQ,7,14,14,,if (x7 == x14): PC = PC + 15
0x2852,MUL,2,14,4,,x4 = x2 * x14
0x2854,LH,7,12,14,,x12 = mem [x7+14]
0x2856,MUL,10,11,15,,x15 = x10 * x11
0x2858,SLT,8,8,5,,x5 = x8 < x8
0x285A,SH,7,10,-11,,mem [x7-11] = x10
0x285C,LH,6,1,0,,x1 = mem [x6+0]
0x285E,SH,14,4,15,,mem [x14+15] = x4
0x2860,MUL,11,10,4,,x4 = x11 * x10
0x2862,BEQ,14,12,15,,if (x14 == x12): PC = PC + 16
0x2864,SH,5,12,-10,,mem [x5-10] = x12
0x2866,SLT,15,14,3,,x3 = x15 < x14
0x2868,SH,0,2,0,,mem [x0+0] = x2
0x286A,SH,5,4,-2,,mem [x5-2] = x4
0x286C,LH,5,2,-11,,x2 = mem [x5-11]
0x286E,ADD,10,3,15,,x15 = x10 + x3
0x2870,SLT,5,8,5,,x5 = x5 < x8
0x2872,SH,13,3,-13,,mem [x13-13] = x3
0x2874,LH,13,8,3,,x8 = mem [x13+3]
0x2876,SH,6,9,2,,mem [x6+2] = x9
0x2878,BEQ,11,12,4,,if (x11 == x12): PC = PC + 5
0x287A,SH,10,7,-9,,mem [x10-9] = x7
0x287C,SUB,13,6,14,,x14 = x13 - x6
0x287E,LH,13,7,-7,,x7 = mem [x13-7]
0x2880,SH,2,7,-1,,mem [x2-1] = x7
0x2882,SUB,9,9,11,,x11 = x9 - x9
0x2884,SH,6,11,12,,mem [x6+12] = x11
0x2886,SUB,14,7,0,,x0 = x14 - x7
0x2888,MUL,2,0,8,,x8 = x2 * x0
0x288A,SH,10,1,15,,mem [x10+15] = x1
0x288C,SUB,1,5,2,,x2 = x1 - x5
0x288E,SLT,12,7,5,,x5 = x12 < x7
0x2890,LH,0,5,13,,x5 = mem [x0+13]
0x2892,BEQ,12,12,14,,if (x12 == x12): PC = PC + 15
0x2894,SH,13,11,-1,,mem [x13-1] = x11
0x2896,SH,10,12,-1,,mem [x10-1] = x12
0x2898,ADD,15,12,8,,x8 = x15 + x12
0x289A,ADD,2,12,3,,x3 = x2 + x12
0x289C,SH,14,14,-12,,mem [x14-12] = x14
0x289E,ADD,13,5,15,,x15 = x13 + x5
0x28A0,SH,11,5,-2,,mem [x11-2] = x5
0x28A2,LH,14,3,-4,,x3 = mem [x14-4]
0x28A4,SLT,10,15,10,,x10 = x10 < x15
0x28A6,LH,11,2,-14,,x2 = mem [x11-14]
0x28A8,SLT,3,1,13,,x13 = x3 < x1
0x28AA,SH,11,8,-12,,mem [x11-12] = x8
0x28AC,SH,14,13,-3,,mem [x14-3] = x13
0x28AE,SH,9,10,-9,,mem [x9-9] = x10
0x28B0,MUL,13,11,5,,x5 = x13 * x11
0x28B2,SH,15,13,15,,mem [x15+15] = x13
0x28B4,MUL,10,12,10,,x10 = x10 * x12
0x28B6,SH,8,0,15,,mem [x8+15] = x0
0x28B8,LH,12,12,2,,x12 = mem [x12+2]
0x28BA,LH,15,4,15,,x4 = mem [x15+15]
0x28BC,SUB,7,3,14,,x14 = x7 - x3
0x28BE,BEQ,3,10,3,,if (x3 == x10): PC = PC + 4
0x28C0,SH,15,6,9,,mem [x15+9] = x6
0x28C2,LH,7,0,5,,x0 = mem [x7+5]
0x28C4,MUL,15,5,15,,x15 = x15 * x5
0x28C6,SH,9,4,15,,mem [x9+15] = x4
0x28C8,SH,15,2,15,,mem [x15+15] = x2
0x28CA,SH,3,0,15,,mem [x3+15] = x0
0x28CC,LH,1,14,15,,x14 = mem [x1+15]
0x28CE,LH,8,8,15,,x8 = mem [x8+15]
0x28D0,MUL,8,14,4,,x4 = x8 * x14
0x28D2,BEQ,11,3,9,,if (x11 == x3): PC = PC + 10
0x28D4,SH,12,5,-10,,mem [x12-10] = x5
0x28D6,BEQ,4,5,12,,if (x4 == x5): PC = PC + 13
0x28D8,LH,13,9,-16,,x9 = mem [x13-16]
0x28DA,SLT,2,14,12,,x12 = x2 < x14
0x28DC,SH,6,3,6,,mem [x6+6] = x3
0x28DE,SH,9,5,4,,mem [x9+4] = x5
0x28E0,LH,1,15,6,,x15 = mem [x1+6]
0x28E2,LH,15,8,-3,,x8 = mem [x15-3]
0x28E4,LH,14,10,-9,,x10 = mem [x14-9]
0x28E6,LH,13,0,4,,x0 = mem [x13+4]
0x28E8,SLT,8,10,10,,x10 = x8 < x10
0x28EA,LH,1,14,15,,x14 = mem [x1+15]
0x28EC,LH,7,5,15,,x5 = mem [x7+15]
0x28EE,MUL,7,8,5,,x5 = x7 * x8
0x28F0,MUL,1,3,7,,x7 = x1 * x3
0x28F2,LH,6,2,15,,x2 = mem [x6+15]
0x28F4,BEQ,4,5,2,,if (x4 == x5): PC = PC + 3
0x28F6,LH,3,1,8,,x1 = mem [x3+8]
0x28F8,SUB,1,10,13,,x13 = x1 - x10
0x28FA,LH,6,8,15,,x8 = mem [x6+15]
0x28FC,SH,5,4,15,,mem [x5+15] = x4
0x28FE,BEQ,0,1,12,,if (x0 == x1): PC = PC + 13
0x2900,SH,1,6,-14,,mem [x1-14] = x6
0x2902,BEQ,10,14,1,,if (x10 == x14): PC = PC + 2
0x2904,SLT,8,15,7,,x7 = x8 < x15
0x2906,LH,7,2,-6,,x2 = mem [x7-6]
0x2908,LH,0,9,1,,x9 = mem [x0+1]
0x290A,LH,10,15,-13,,x15 = mem [x10-13]
0x290C,SH,9,8,13,,mem [x9+13] = x8
0x290E,LH,2,5,-16,,x5 = mem [x2-16]
0x2910,LH,14,8,-5,,x8 = mem [x14-5]
0x2912,MUL,12,9,0,,x0 = x12 * x9
0x2914,SH,2,1,-6,,mem [x2-6] = x1
0x2916,SH,4,6,9,,mem [x4+9] = x6
0x2918,SLT,12,5,12,,x12 = x12 < x5
0x291A,SLT,1,4,14,,x14 = x1 < x4
0x291C,LH,13,8,15,,x8 = mem [x13+15]
0x291E,SH,10,13,15,,mem [x10+15] = x13
0x2920,SLT,0,13,8,,x8 = x0 < x13
0x2922,SUB,14,8,9,,x9 = x14 - x8
0x2924,SH,6,0,15,,mem [x6+15] = x0
0x2926,BEQ,6,10,6,,if (x6 == x10): PC = PC + 7
0x2928,SH,5,2,0,,mem [x5+0] = x2
0x292A,SH,0,3,-15,,mem [x0-15] = x3
0x292C,LH,6,7,8,,x7 = mem [x6+8]
0x292E,LH,5,13,4,,x13 = mem [x5+4]
0x2930,LH,15,3,0,,x3 = mem [x15+0]
0x2932,SH,0,8,-10,,mem [x0-10] = x8
0x2934,BEQ,11,5,4,,if (x11 == x5): PC = PC + 5
0x2936,BEQ,13,3,7,,if (x13 == x3): PC = PC + 8
0x2938,SH,11,2,8,,mem [x11+8] = x2
0x293A,ADD,9,10,9,,x9 = x9 + x10
0x293C,BEQ,14,14,7,,if (x14 == x14): PC = PC + 8
0x293E,SH,0,4,15,,mem [x0+15] = x4
0x2940,LH,4,9,15,,x9 = mem [x4+15]
0x2942,SH,6,4,15,,mem [x6+15] = x4
0x2944,SH,4,9,15,,mem [x4+15] = x9
0x2946,SH,7,12,15,,mem [x7+15] = x12
0x2948,MUL,13,2,12,,x12 = x13 * x2
0x294A,LH,13,12,13,,x12 = mem [x13+13]
0x294C,MUL,11,3,3,,x3 = x11 * x3
0x294E,SH,8,3,7,,mem [x8+7] = x3
0x2950,SH,5,4,7,,mem [x5+7] = x4
0x2952,SH,0,4,11,,mem [x0+11] = x4
0x2954,SH,0,6,15,,mem [x0+15] = x6
0x2956,MUL,6,13,7,,x7 = x6 * x13
0x2958,LH,5,10,10,,x10 = mem [x5+10]
0x295A,LH,2,3,4,,x3 = mem [x2+4]
0x295C,SH,10,12,15,,mem [x10+15] = x12
0x295E,SLT,12,1,3,,x3 = x12 < x1
0x2960,ADD,14,8,10,,x10 = x14 + x8
0x2962,ADD,9,7,7,,x7 = x9 + x7
0x2964,LH,11,9,15,,x9 = mem [x11+15]
0x2966,LH,5,12,15,,x12 = mem [x5+15]
0x2968,MUL,8,14,7,,x7 = x8 * x14
0x296A,SH,5,9,15,,mem [x5+15] = x9
0x296C,SH,12,12,15,,mem [x12+15] = x12
0x296E,LH,13,15,8,,x15 = mem [x13+8]
0x2970,BEQ,9,6,10,,if (x9 == x6): PC = PC + 11
0x2972,SH,0,6,-2,,mem [x0-2] = x6
0x2974,BEQ,8,4,3,,if (x8 == x4): PC = PC + 4
0x2976,LH,4,13,-3,,x13 = mem [x4-3]
0x2978,SH,8,5,4,,mem [x8+4] = x5
0x297A,SH,6,9,-10,,mem [x6-10] = x9
0x297C,SUB,4,1,11,,x11 = x4 - x1
0x297E,SH,15,7,12,,mem [x15+12] = x7
0x2980,SLT,5,3,1,,x1 = x5 < x3
0x2982,ADD,14,10,8,,x8 = x14 + x10
0x2984,SH,11,14,1,,mem [x11+1] = x14
0x2986,SH,11,2,15,,mem [x11+15] = x2
0x2988,SUB,10,15,0,,x0 = x10 - x15
0x298A,SH,15,11,6,,mem [x15+6] = x11
0x298C,SLT,10,0,1,,x1 = x10 < x0
0x298E,MUL,15,3,10,,x10 = x15 * x3
0x2990,SH,3,12,15,,mem [x3+15] = x12
0x2992,LH,0,0,15,,x0 = mem [x0+15]
0x2994,SH,12,4,14,,mem [x12+14] = x4
0x2996,SH,6,10,15,,mem [x6+15] = x10
0x2998,SUB,3,9,5,,x5 = x3 - x9
0x299A,LH,14,10,15,,x10 = mem [x14+15]
0x299C,BEQ,10,10,5,,if (x10 == x10): PC = PC + 6
0x299E,BEQ,10,3,10,,if (x10 == x3): PC = PC + 11
0x29A0,BEQ,12,13,11,,if (x12 == x13): PC = PC + 12
0x29A2,SH,9,0,12,,mem [x9+12] = x0
0x29A4,LH,8,8,-3,,x8 = mem [x8-3]
0x29A6,SH,13,9,3,,mem [x13+3] = x9
0x29A8,SH,10,7,15,,mem [x10+15] = x7
0x29AA,SUB,7,11,0,,x0 = x7 - x11
0x29AC,LH,2,14,15,,x14 = mem [x2+15]
0x29AE,LH,13,9,15,,x9 = mem [x13+15]
0x29B0,LH,2,9,15,,x9 = mem [x2+15]
0x29B2,SLT,14,13,14,,x14 = x14 < x13
0x29B4,SH,14,3,13,,mem [x14+13] = x3
0x29B6,SH,0,14,12,,mem [x0+12] = x14
0x29B8,LH,4,13,15,,x13 = mem [x4+15]
0x29BA,SH,2,7,8,,mem [x2+8] = x7
0x29BC,LH,5,7,15,,x7 = mem [x5+15]
0x29BE,LH,4,9,15,,x9 = mem [x4+15]
0x29C0,SH,15,4,15,,mem [x15+15] = x4
0x29C2,LH,12,6,15,,x6 = mem [x12+15]
0x29C4,ADD,8,0,2,,x2 = x8 + x0
0x29C6,LH,0,10,15,,x10 = mem [x0+15]
0x29C8,BEQ,3,15,11,,if (x3 == x15): PC = PC + 12
0x29CA,SLT,1,1,9,,x9 = x1 < x1
0x29CC,SH,5,12,-14,,mem [x5-14] = x12
0x29CE,LH,14,15,-1,,x15 = mem [x14-1]
0x29D0,LH,13,5,2,,x5 = mem [x13+2]
0x29D2,SLT,3,11,14,,x14 = x3 < x11
0x29D4,SH,9,10,-9,,mem [x9-9] = x10
0x29D6,SH,5,14,-7,,mem [x5-7] = x14
0x29D8,SUB,3,8,6,,x6 = x3 - x8
0x29DA,LH,11,8,-9,,x8 = mem [x11-9]
0x29DC,SH,14,15,4,,mem [x14+4] = x15
0x29DE,MUL,10,1,15,,x15 = x10 * x1
0x29E0,SH,9,15,15,,mem [x9+15] = x15
0x29E2,BEQ,1,3,8,,if (x1 == x3): PC = PC + 9
0x29E4,SH,9,15,-15,,mem [x9-15] = x15
0x29E6,SLT,13,9,0,,x0 = x13 < x9
0x29E8,SUB,15,0,15,,x15 = x15 - x0
0x29EA,BEQ,0,11,2,,if (x0 == x11): PC = PC + 3
0x29EC,SUB,15,4,8,,x8 = x15 - x4
0x29EE,SH,14,12,7,,mem [x14+7] = x12
0x29F0,MUL,5,8,1,,x1 = x5 * x8
0x29F2,SLT,5,12,2,,x2 = x5 < x12
0x29F4,MUL,9,9,13,,x13 = x9 * x9
0x29F6,MUL,1,1,8,,x8 = x1 * x1
0x29F8,SH,15,5,3,,mem [x15+3] = x5
0x29FA,ADD,12,11,8,,x8 = x12 + x11
0x29FC,LH,7,10,6,,x10 = mem [x7+6]
0x29FE,SH,7,6,15,,mem [x7+15] = x6
0x2A00,LH,5,6,10,,x6 = mem [x5+10]
0x2A02,ADD,5,8,13,,x13 = x5 + x8
0x2A04,LH,9,4,15,,x4 = mem [x9+15]
0x2A06,SH,2,7,15,,mem [x2+15] = x7
0x2A08,ADD,9,5,0,,x0 = x9 + x5
0x2A0A,LH,12,0,15,,x0 = mem [x12+15]
0x2A0C,SUB,12,5,9,,x9 = x12 - x5
0x2A0E,LH,15,10,2,,x10 = mem [x15+2]
0x2A10,SH,5,5,10,,mem [x5+10] = x5
0x2A12,BEQ,2,10,1,,if (x2 == x10): PC = PC + 2
0x2A14,SUB,1,4,4,,x4 = x1 - x4
0x2A16,SH,4,6,15,,mem [x4+15] = x6
0x2A18,SH,9,5,15,,mem [x9+15] = x5
0x2A1A,LH,2,5,3,,x5 = mem [x2+3]
0x2A1C,LH,12,13,9,,x13 = mem [x12+9]
0x2A1E,MUL,10,8,13,,x13 = x10 * x8
0x2A20,MUL,12,6,5,,x5 = x12 * x6
0x2A22,SUB,12,6,3,,x3 = x12 - x6
0x2A24,SUB,12,7,15,,x15 = x12 - x7
0x2A26,SH,4,14,9,,mem [x4+9] = x14
0x2A28,SH,0,1,15,,mem [x0+15] = x1
0x2A2A,MUL,4,11,10,,x10 = x4 * x11
0x2A2C,SH,9,4,15,,mem [x9+15] = x4
0x2A2E,LH,12,8,15,,x8 = mem [x12+15]
0x2A30,SUB,2,3,7,,x7 = x2 - x3
0x2A32,SH,13,11,7,,mem [x13+7] = x11
0x2A34,LH,10,2,15,,x2 = mem [x10+15]
0x2A36,SH,7,3,14,,mem [x7+14] = x3
0x2A38,LH,0,4,8,,x4 = mem [x0+8]
0x2A3A,SH,0,3,15,,mem [x0+15] = x3
0x2A3C,ADD,11,14,7,,x7 = x11 + x14
0x2A3E,LH,10,12,15,,x12 = mem [x10+15]
0x2A40,LH,6,7,15,,x7 = mem [x6+15]
0x2A42,LH,6,6,11,,x6 = mem [x6+11]
0x2A44,LH,3,13,15,,x13 = mem [x3+15]
0x2A46,SH,0,11,6,,mem [x0+6] = x11
0x2A48,SH,13,8,15,,mem [x13+15] = x8
0x2A4A,LH,8,12,1,,x12 = mem [x8+1]
0x2A4C,MUL,3,14,15,,x15 = x3 * x14
0x2A4E,SH,5,10,10,,mem [x5+10] = x10
0x2A50,LH,12,8,9,,x8 = mem [x12+9]
0x2A52,SH,4,2,2,,mem [x4+2] = x2
0x2A54,SH,14,13,5,,mem [x14+5] = x13
0x2A56,LH,4,1,15,,x1 = mem [x4+15]
0x2A58,LH,11,6,15,,x6 = mem [x11+15]
0x2A5A,SH,14,0,15,,mem [x14+15] = x0
0x2A5C,SH,0,1,15,,mem [x0+15] = x1
0x2A5E,LH,15,1,15,,x1 = mem [x15+15]
0x2A60,BEQ,5,5,0,,if (x5 == x5): PC = PC + 1
0x2A62,LH,4,1,13,,x1 = mem [x4+13]
0x2A64,SH,14,8,14,,mem [x14+14] = x8
0x2A66,SUB,0,7,1,,x1 = x0 - x7
0x2A68,LH,4,7,4,,x7 = mem [x4+4]
0x2A6A,LH,0,13,10,,x13 = mem [x0+10]
0x2A6C,SLT,0,5,14,,x14 = x0 < x5
0x2A6E,SH,0,12,13,,mem [x0+13] = x12
0x2A70,LH,13,2,8,,x2 = mem [x13+8]
0x2A72,MUL,9,3,6,,x6 = x9 * x3
0x2A74,SLT,15,3,2,,x2 = x15 < x3
0x2A76,MUL,5,2,4,,x4 = x5 * x2
0x2A78,BEQ,2,11,2,,if (x2 == x11): PC = PC + 3
0x2A7A,ADD,1,12,4,,x4 = x1 + x12
0x2A7C,LH,1,7,12,,x7 = mem [x1+12]
0x2A7E,BEQ,2,8,8,,if (x2 == x8): PC = PC + 9
0x2A80,LH,10,12,-6,,x12 = mem [x10-6]
0x2A82,LH,13,12,14,,x12 = mem [x13+14]
0x2A84,SUB,3,9,11,,x11 = x3 - x9
0x2A86,SLT,9,4,2,,x2 = x9 < x4
0x2A88,LH,4,1,-16,,x1 = mem [x4-16]
0x2A8A,SH,7,14,-8,,mem [x7-8] = x14
0x2A8C,SH,7,1,-13,,mem [x7-13] = x1
0x2A8E,SLT,15,7,12,,x12 = x15 < x7
0x2A90,SH,4,7,15,,mem [x4+15] = x7
0x2A92,MUL,1,10,7,,x7 = x1 * x10
0x2A94,SUB,15,1,9,,x9 = x15 - x1
0x2A96,LH,11,11,15,,x11 = mem [x11+15]
0x2A98,SUB,2,10,11,,x11 = x2 - x10
0x2A9A,SH,9,0,15,,mem [x9+15] = x0
0x2A9C,SUB,7,0,9,,x9 = x7 - x0
0x2A9E,SH,12,4,13,,mem [x12+13] = x4
0x2AA0,LH,6,9,15,,x9 = mem [x6+15]
0x2AA2,SH,3,14,7,,mem [x3+7] = x14
0x2AA4,SH,6,10,1,,mem [x6+1] = x10
0x2AA6,BEQ,2,5,0,,if (x2 == x5): PC = PC + 1
0x2AA8,LH,7,1,1,,x1 = mem [x7+1]
0x2AAA,LH,15,14,9,,x14 = mem [x15+9]
0x2AAC,LH,4,1,15,,x1 = mem [x4+15]
0x2AAE,ADD,6,12,13,,x13 = x6 + x12
0x2AB0,LH,14,1,15,,x1 = mem [x14+15]
0x2AB2,SLT,8,10,1,,x1 = x8 < x10
0x2AB4,BEQ,11,11,11,,if (x11 == x11): PC = PC + 12
0x2AB6,SH,6,6,15,,mem [x6+15] = x6
0x2AB8,LH,14,7,1,,x7 = mem [x14+1]
0x2ABA,SH,11,11,0,,mem [x11+0] = x11
0x2ABC,LH,13,12,-15,,x12 = mem [x13-15]
0x2ABE,SH,9,14,8,,mem [x9+8] = x14
0x2AC0,MUL,7,1,11,,x11 = x7 * x1
0x2AC2,LH,5,11,11,,x11 = mem [x5+11]
0x2AC4,SH,9,13,-5,,mem [x9-5] = x13
0x2AC6,SLT,4,12,11,,x11 = x4 < x12
0x2AC8,LH,8,1,-7,,x1 = mem [x8-7]
0x2ACA,LH,1,4,12,,x4 = mem [x1+12]
0x2ACC,SUB,12,6,12,,x12 = x12 - x6
0x2ACE,SUB,15,11,0,,x0 = x15 - x11
0x2AD0,SUB,2,0,4,,x4 = x2 - x0
0x2AD2,SH,12,2,11,,mem [x12+11] = x2
0x2AD4,LH,15,9,15,,x9 = mem [x15+15]
0x2AD6,BEQ,15,9,9,,if (x15 == x9): PC = PC + 10
0x2AD8,SUB,13,7,2,,x2 = x13 - x7
0x2ADA,LH,6,12,3,,x12 = mem [x6+3]
0x2ADC,ADD,14,15,6,,x6 = x14 + x15
0x2ADE,SUB,0,5,10,,x10 = x0 - x5
0x2AE0,ADD,0,12,0,,x0 = x0 + x12
0x2AE2,LH,9,6,8,,x6 = mem [x9+8]
0x2AE4,BEQ,3,0,1,,if (x3 == x0): PC = PC + 2
0x2AE6,BEQ,8,13,2,,if (x8 == x13): PC = PC + 3
0x2AE8,LH,8,7,3,,x7 = mem [x8+3]
0x2AEA,SUB,1,9,7,,x7 = x1 - x9
0x2AEC,SUB,14,9,2,,x2 = x14 - x9
0x2AEE,MUL,13,0,8,,x8 = x13 * x0
0x2AF0,LH,12,11,15,,x11 = mem [x12+15]
0x2AF2,ADD,12,7,10,,x10 = x12 + x7
0x2AF4,ADD,12,12,9,,x9 = x12 + x12
0x2AF6,SH,12,4,9,,mem [x12+9] = x4
0x2AF8,SH,11,14,15,,mem [x11+15] = x14
0x2AFA,LH,12,15,12,,x15 = mem [x12+12]
0x2AFC,LH,15,9,13,,x9 = mem [x15+13]
0x2AFE,LH,7,7,15,,x7 = mem [x7+15]
0x2B00,SLT,5,4,12,,x12 = x5 < x4
0x2B02,ADD,4,7,11,,x11 = x4 + x7
0x2B04,SLT,6,9,8,,x8 = x6 < x9
0x2B06,SUB,13,0,4,,x4 = x13 - x0
0x2B08,SH,4,7,15,,mem [x4+15] = x7
0x2B0A,SH,5,5,15,,mem [x5+15] = x5
0x2B0C,SLT,7,5,15,,x15 = x7 < x5
0x2B0E,LH,5,11,7,,x11 = mem [x5+7]
0x2B10,SH,15,4,15,,mem [x15+15] = x4
0x2B12,SH,14,11,13,,mem [x14+13] = x11
0x2B14,SH,15,0,1,,mem [x15+1] = x0
0x2B16,SH,10,9,15,,mem [x10+15] = x9
0x2B18,LH,9,11,8,,x11 = mem [x9+8]
0x2B1A,SLT,4,15,6,,x6 = x4 < x15
0x2B1C,LH,1,4,0,,x4 = mem [x1+0]
0x2B1E,SH,13,11,15,,mem [x13+15] = x11
0x2B20,ADD,1,14,7,,x7 = x1 + x14
0x2B22,LH,3,11,11,,x11 = mem [x3+11]
0x2B24,LH,6,11,1,,x11 = mem [x6+1]
0x2B26,SLT,8,9,6,,x6 = x8 < x9
0x2B28,LH,15,3,3,,x3 = mem [x15+3]
0x2B2A,SUB,7,14,9,,x9 = x7 - x14
0x2B2C,LH,5,1,7,,x1 = mem [x5+7]
0x2B2E,SH,12,11,1,,mem [x12+1] = x11
0x2B30,LH,5,0,3,,x0 = mem [x5+3]
0x2B32,BEQ,14,12,13,,if (x14 == x12): PC = PC + 14
0x2B34,BEQ,6,7,6,,if (x6 == x7): PC = PC + 7
0x2B36,ADD,7,14,5,,x5 = x7 + x14
0x2B38,MUL,5,5,0,,x0 = x5 * x5
0x2B3A,MUL,1,6,3,,x3 = x1 * x6
0x2B3C,MUL,12,15,4,,x4 = x12 * x15
0x2B3E,SUB,12,6,15,,x15 = x12 - x6
0x2B40,SH,4,0,0,,mem [x4+0] = x0
0x2B42,SH,15,1,-12,,mem [x15-12] = x1
0x2B44,MUL,8,2,12,,x12 = x8 * x2
0x2B46,SH,4,2,-4,,mem [x4-4] = x2
0x2B48,SUB,5,2,10,,x10 = x5 - x2
0x2B4A,LH,11,13,-11,,x13 = mem [x11-11]
0x2B4C,LH,15,4,-16,,x4 = mem [x15-16]
0x2B4E,BEQ,6,12,2,,if (x6 == x12): PC = PC + 3
0x2B50,LH,1,8,-9,,x8 = mem [x1-9]
0x2B52,BEQ,0,0,12,,if (x0 == x0): PC = PC + 13
0x2B54,SH,13,6,12,,mem [x13+12] = x6
0x2B56,LH,14,11,15,,x11 = mem [x14+15]
0x2B58,SH,7,7,1,,mem [x7+1] = x7
0x2B5A,LH,10,9,13,,x9 = mem [x10+13]
0x2B5C,SH,2,8,8,,mem [x2+8] = x8
0x2B5E,SH,5,11,6,,mem [x5+6] = x11
0x2B60,LH,2,2,15,,x2 = mem [x2+15]
0x2B62,LH,7,5,14,,x5 = mem [x7+14]
0x2B64,LH,12,11,15,,x11 = mem [x12+15]
0x2B66,SH,10,5,15,,mem [x10+15] = x5
0x2B68,SH,8,8,8,,mem [x8+8] = x8
0x2B6A,SH,11,3,15,,mem [x11+15] = x3
0x2B6C,MUL,8,8,11,,x11 = x8 * x8
0x2B6E,SUB,14,4,7,,x7 = x14 - x4
0x2B70,SH,5,3,2,,mem [x5+2] = x3
0x2B72,ADD,5,5,1,,x1 = x5 + x5
0x2B74,LH,5,12,11,,x12 = mem [x5+11]
0x2B76,SH,0,9,15,,mem [x0+15] = x9
0x2B78,BEQ,7,6,7,,if (x7 == x6): PC = PC + 8
0x2B7A,MUL,15,10,15,,x15 = x15 * x10
0x2B7C,SLT,5,1,9,,x9 = x5 < x1
0x2B7E,BEQ,3,2,13,,if (x3 == x2): PC = PC + 14
0x2B80,MUL,12,0,13,,x13 = x12 * x0
0x2B82,SH,1,0,12,,mem [x1+12] = x0
0x2B84,LH,11,15,-4,,x15 = mem [x11-4]
0x2B86,LH,12,5,-12,,x5 = mem [x12-12]
0x2B88,LH,7,2,15,,x2 = mem [x7+15]
0x2B8A,LH,0,12,15,,x12 = mem [x0+15]
0x2B8C,LH,9,1,1,,x1 = mem [x9+1]
0x2B8E,SH,14,5,6,,mem [x14+6] = x5
0x2B90,LH,12,9,8,,x9 = mem [x12+8]
0x2B92,SH,7,6,10,,mem [x7+10] = x6
0x2B94,SLT,12,12,9,,x9 = x12 < x12
0x2B96,LH,1,12,13,,x12 = mem [x1+13]
0x2B98,MUL,0,8,14,,x14 = x0 * x8
0x2B9A,SH,15,8,15,,mem [x15+15] = x8
0x2B9C,BEQ,9,7,0,,if (x9 == x7): PC = PC + 1
0x2B9E,MUL,4,10,13,,x13 = x4 * x10
0x2BA0,LH,2,10,15,,x10 = mem [x2+15]
0x2BA2,LH,1,10,15,,x10 = mem [x1+15]
0x2BA4,MUL,2,11,0,,x0 = x2 * x11
0x2BA6,LH,6,7,10,,x7 = mem [x6+10]
0x2BA8,LH,7,8,5,,x8 = mem [x7+5]
0x2BAA,BEQ,9,15,4,,if (x9 == x15): PC = PC + 5
0x2BAC,SH,6,3,-8,,mem [x6-8] = x3
0x2BAE,SUB,4,12,11,,x11 = x4 - x12
0x2BB0,BEQ,13,13,7,,if (x13 == x13): PC = PC + 8
0x2BB2,ADD,6,15,5,,x5 = x6 + x15
0x2BB4,BEQ,15,5,11,,if (x15 == x5): PC = PC + 12
0x2BB6,SH,8,2,1,,mem [x8+1] = x2
0x2BB8,SUB,3,14,10,,x10 = x3 - x14
0x2BBA,ADD,6,5,9,,x9 = x6 + x5
0x2BBC,LH,9,3,14,,x3 = mem [x9+14]
0x2BBE,SUB,13,13,1,,x1 = x13 - x13
0x2BC0,BEQ,5,5,8,,if (x5 == x5): PC = PC + 9
0x2BC2,BEQ,8,7,12,,if (x8 == x7): PC = PC + 13
0x2BC4,LH,5,4,-6,,x4 = mem [x5-6]
0x2BC6,SH,15,11,3,,mem [x15+3] = x11
0x2BC8,BEQ,7,3,2,,if (x7 == x3): PC = PC + 3
0x2BCA,SH,8,3,-4,,mem [x8-4] = x3
0x2BCC,SH,0,11,15,,mem [x0+15] = x11
0x2BCE,LH,15,9,15,,x9 = mem [x15+15]
0x2BD0,BEQ,0,7,13,,if (x0 == x7): PC = PC + 14
0x2BD2,LH,11,1,-15,,x1 = mem [x11-15]
0x2BD4,LH,0,4,-10,,x4 = mem [x0-10]
0x2BD6,MUL,15,14,14,,x14 = x15 * x14
0x2BD8,SH,15,13,2,,mem [x15+2] = x13
0x2BDA,SH,13,11,-1,,mem [x13-1] = x11
0x2BDC,SH,6,15,-7,,mem [x6-7] = x15
0x2BDE,SUB,6,6,8,,x8 = x6 - x6
0x2BE0,MUL,14,8,2,,x2 = x14 * x8
0x2BE2,ADD,13,12,9,,x9 = x13 + x12
0x2BE4,ADD,4,3,15,,x15 = x4 + x3
0x2BE6,LH,12,8,-11,,x8 = mem [x12-11]
0x2BE8,SH,14,9,12,,mem [x14+12] = x9
0x2BEA,LH,8,12,13,,x12 = mem [x8+13]
0x2BEC,LH,5,5,15,,x5 = mem [x5+15]
0x2BEE,LH,14,15,15,,x15 = mem [x14+15]
0x2BF0,SH,4,1,15,,mem [x4+15] = x1
0x2BF2,BEQ,12,14,0,,if (x12 == x14): PC = PC + 1
0x2BF4,SH,5,3,11,,mem [x5+11] = x3
0x2BF6,MUL,1,12,12,,x12 = x1 * x12
0x2BF8,LH,11,5,6,,x5 = mem [x11+6]
0x2BFA,BEQ,14,1,3,,if (x14 == x1): PC = PC + 4
0x2BFC,ADD,15,0,10,,x10 = x15 + x0
0x2BFE,ADD,11,11,5,,x5 = x11 + x11
0x2C00,SH,11,8,-7,,mem [x11-7] = x8
0x2C02,ADD,0,7,14,,x14 = x0 + x7
0x2C04,LH,12,12,15,,x12 = mem [x12+15]
0x2C06,LH,15,15,15,,x15 = mem [x15+15]
0x2C08,SH,4,5,2,,mem [x4+2] = x5
0x2C0A,BEQ,3,10,7,,if (x3 == x10): PC = PC + 8
0x2C0C,LH,0,4,-11,,x4 = mem [x0-11]
0x2C0E,SLT,12,10,3,,x3 = x12 < x10
0x2C10,SH,7,0,-11,,mem [x7-11] = x0
0x2C12,LH,6,4,-4,,x4 = mem [x6-4]
0x2C14,LH,12,9,14,,x9 = mem [x12+14]
0x2C16,SLT,6,15,11,,x11 = x6 < x15
0x2C18,SH,8,2,15,,mem [x8+15] = x2
0x2C1A,SH,7,9,0,,mem [x7+0] = x9
0x2C1C,MUL,14,11,8,,x8 = x14 * x11
0x2C1E,MUL,13,13,6,,x6 = x13 * x13
0x2C20,SH,14,14,8,,mem [x14+8] = x14
0x2C22,MUL,13,14,5,,x5 = x13 * x14
0x2C24,LH,8,6,15,,x6 = mem [x8+15]
0x2C26,LH,7,3,15,,x3 = mem [x7+15]
0x2C28,SH,15,13,15,,mem [x15+15] = x13
0x2C2A,LH,2,1,15,,x1 = mem [x2+15]
0x2C2C,LH,4,14,15,,x14 = mem [x4+15]
0x2C2E,LH,8,6,15,,x6 = mem [x8+15]
0x2C30,ADD,3,6,9,,x9 = x3 + x6
0x2C32,SLT,1,10,13,,x13 = x1 < x10
0x2C34,SLT,5,0,6,,x6 = x5 < x0
0x2C36,LH,4,3,15,,x3 = mem [x4+15]
0x2C38,BEQ,15,7,8,,if (x15 == x7): PC = PC + 9
0x2C3A,LH,4,12,-6,,x12 = mem [x4-6]
0x2C3C,SH,11,14,-2,,mem [x11-2] = x14
0x2C3E,MUL,5,8,10,,x10 = x5 * x8
0x2C40,LH,14,6,7,,x6 = mem [x14+7]
0x2C42,LH,8,8,2,,x8 = mem [x8+2]
0x2C44,SH,6,1,13,,mem [x6+13] = x1
0x2C46,MUL,6,7,8,,x8 = x6 * x7
0x2C48,ADD,1,11,0,,x0 = x1 + x11
0x2C4A,MUL,5,10,3,,x3 = x5 * x10
0x2C4C,SH,1,4,15,,mem [x1+15] = x4
0x2C4E,LH,1,0,3,,x0 = mem [x1+3]
0x2C50,SUB,10,9,10,,x10 = x10 - x9
0x2C52,MUL,13,10,2,,x2 = x13 * x10
0x2C54,LH,8,14,15,,x14 = mem [x8+15]
0x2C56,SUB,2,14,4,,x4 = x2 - x14
0x2C58,BEQ,13,1,14,,if (x13 == x1): PC = PC + 15
0x2C5A,LH,8,4,-8,,x4 = mem [x8-8]
0x2C5C,LH,13,2,-6,,x2 = mem [x13-6]
0x2C5E,LH,10,13,-10,,x13 = mem [x10-10]
0x2C60,ADD,15,6,2,,x2 = x15 + x6
0x2C62,MUL,12,3,9,,x9 = x12 * x3
0x2C64,ADD,15,14,5,,x5 = x15 + x14
0x2C66,LH,12,13,10,,x13 = mem [x12+10]
0x2C68,SH,11,13,-4,,mem [x11-4] = x13
0x2C6A,SH,11,3,7,,mem [x11+7] = x3
0x2C6C,SH,13,10,10,,mem [x13+10] = x10
0x2C6E,SH,4,1,-7,,mem [x4-7] = x1
0x2C70,SUB,15,9,3,,x3 = x15 - x9
0x2C72,LH,9,2,-11,,x2 = mem [x9-11]
0x2C74,SLT,0,2,11,,x11 = x0 < x2
0x2C76,LH,14,7,9,,x7 = mem [x14+9]
0x2C78,LH,0,10,11,,x10 = mem [x0+11]
0x2C7A,SH,8,9,15,,mem [x8+15] = x9
0x2C7C,LH,4,7,15,,x7 = mem [x4+15]
0x2C7E,LH,6,8,15,,x8 = mem [x6+15]
0x2C80,MUL,9,4,2,,x2 = x9 * x4
0x2C82,SH,8,6,8,,mem [x8+8] = x6
0x2C84,SH,6,1,15,,mem [x6+15] = x1
0x2C86,SH,4,14,15,,mem [x4+15] = x14
0x2C88,LH,11,1,13,,x1 = mem [x11+13]
0x2C8A,SH,8,3,15,,mem [x8+15] = x3
0x2C8C,LH,12,5,15,,x5 = mem [x12+15]
0x2C8E,LH,1,3,15,,x3 = mem [x1+15]
0x2C90,SUB,15,3,10,,x10 = x15 - x3
0x2C92,BEQ,10,9,9,,if (x10 == x9): PC = PC + 10
0x2C94,SH,1,9,9,,mem [x1+9] = x9
0x2C96,LH,15,7,-12,,x7 = mem [x15-12]
0x2C98,LH,0,6,12,,x6 = mem [x0+12]
0x2C9A,LH,9,8,12,,x8 = mem [x9+12]
0x2C9C,SLT,15,0,6,,x6 = x15 < x0
0x2C9E,SH,2,8,9,,mem [x2+9] = x8
0x2CA0,ADD,4,0,14,,x14 = x4 + x0
0x2CA2,BEQ,5,3,6,,if (x5 == x3): PC = PC + 7
0x2CA4,LH,12,11,6,,x11 = mem [x12+6]
0x2CA6,LH,12,2,1,,x2 = mem [x12+1]
0x2CA8,SH,9,9,2,,mem [x9+2] = x9
0x2CAA,SLT,1,10,0,,x0 = x1 < x10
0x2CAC,SH,8,1,14,,mem [x8+14] = x1
0x2CAE,MUL,9,9,11,,x11 = x9 * x9
0x2CB0,SH,3,15,15,,mem [x3+15] = x15
0x2CB2,LH,10,8,5,,x8 = mem [x10+5]
0x2CB4,LH,4,13,4,,x13 = mem [x4+4]
0x2CB6,SH,0,3,15,,mem [x0+15] = x3
0x2CB8,MUL,4,12,1,,x1 = x4 * x12
0x2CBA,LH,11,14,13,,x14 = mem [x11+13]
0x2CBC,LH,6,9,15,,x9 = mem [x6+15]
0x2CBE,LH,8,2,15,,x2 = mem [x8+15]
0x2CC0,ADD,3,8,11,,x11 = x3 + x8
0x2CC2,LH,7,11,15,,x11 = mem [x7+15]
0x2CC4,ADD,13,10,7,,x7 = x13 + x10
0x2CC6,SH,13,0,15,,mem [x13+15] = x0
0x2CC8,SLT,14,12,10,,x10 = x14 < x12
0x2CCA,SLT,2,4,5,,x5 = x2 < x4
0x2CCC,SH,7,4,0,,mem [x7+0] = x4
0x2CCE,SUB,11,12,1,,x1 = x11 - x12
0x2CD0,MUL,1,3,12,,x12 = x1 * x3
0x2CD2,SUB,8,14,0,,x0 = x8 - x14
0x2CD4,SH,8,4,2,,mem [x8+2] = x4
0x2CD6,MUL,14,7,12,,x12 = x14 * x7
0x2CD8,SUB,15,4,7,,x7 = x15 - x4
0x2CDA,LH,8,1,13,,x1 = mem [x8+13]
0x2CDC,SUB,9,15,2,,x2 = x9 - x15
0x2CDE,SH,8,3,15,,mem [x8+15] = x3
0x2CE0,BEQ,5,5,5,,if (x5 == x5): PC = PC + 6
0x2CE2,SUB,8,14,14,,x14 = x8 - x14
0x2CE4,MUL,6,0,14,,x14 = x6 * x0
0x2CE6,SH,6,10,-14,,mem [x6-14] = x10
0x2CE8,MUL,10,6,6,,x6 = x10 * x6
0x2CEA,SH,10,15,-6,,mem [x10-6] = x15
0x2CEC,ADD,11,15,4,,x4 = x11 + x15
0x2CEE,SUB,5,15,4,,x4 = x5 - x15
0x2CF0,BEQ,15,5,6,,if (x15 == x5): PC = PC + 7
0x2CF2,ADD,2,6,10,,x10 = x2 + x6
0x2CF4,SH,14,1,13,,mem [x14+13] = x1
0x2CF6,SH,0,13,-12,,mem [x0-12] = x13
0x2CF8,SUB,4,11,10,,x10 = x4 - x11
0x2CFA,BEQ,0,13,5,,if (x0 == x13): PC = PC + 6
0x2CFC,SH,1,12,-10,,mem [x1-10] = x12
0x2CFE,LH,15,15,15,,x15 = mem [x15+15]
0x2D00,LH,8,0,8,,x0 = mem [x8+8]
0x2D02,SUB,7,13,7,,x7 = x7 - x13
0x2D04,SH,10,10,2,,mem [x10+2] = x10
0x2D06,SH,4,2,15,,mem [x4+15] = x2
0x2D08,SH,10,2,15,,mem [x10+15] = x2
0x2D0A,SUB,7,7,10,,x10 = x7 - x7
0x2D0C,LH,10,11,15,,x11 = mem [x10+15]
0x2D0E,MUL,0,13,6,,x6 = x0 * x13
0x2D10,SLT,11,13,3,,x3 = x11 < x13
0x2D12,SH,7,13,15,,mem [x7+15] = x13
0x2D14,SLT,15,13,6,,x6 = x15 < x13
0x2D16,SLT,0,14,11,,x11 = x0 < x14
0x2D18,SH,2,13,15,,mem [x2+15] = x13
0x2D1A,SUB,2,11,0,,x0 = x2 - x11
0x2D1C,LH,0,6,12,,x6 = mem [x0+12]
0x2D1E,LH,10,3,15,,x3 = mem [x10+15]
0x2D20,LH,11,9,15,,x9 = mem [x11+15]
0x2D22,MUL,12,0,5,,x5 = x12 * x0
0x2D24,LH,13,13,15,,x13 = mem [x13+15]
0x2D26,ADD,5,11,1,,x1 = x5 + x11
0x2D28,SH,9,13,9,,mem [x9+9] = x13
0x2D2A,LH,8,4,15,,x4 = mem [x8+15]
0x2D2C,ADD,10,6,3,,x3 = x10 + x6
0x2D2E,BEQ,13,10,2,,if (x13 == x10): PC = PC + 3
0x2D30,SUB,2,14,9,,x9 = x2 - x14
0x2D32,LH,0,1,14,,x1 = mem [x0+14]
0x2D34,MUL,14,0,1,,x1 = x14 * x0
0x2D36,SH,6,7,7,,mem [x6+7] = x7
0x2D38,SLT,11,6,9,,x9 = x11 < x6
0x2D3A,ADD,2,14,3,,x3 = x2 + x14
0x2D3C,SLT,13,6,15,,x15 = x13 < x6
0x2D3E,LH,8,6,15,,x6 = mem [x8+15]
0x2D40,LH,6,9,2,,x9 = mem [x6+2]
0x2D42,BEQ,3,9,13,,if (x3 == x9): PC = PC + 14
0x2D44,LH,11,15,14,,x15 = mem [x11+14]
0x2D46,MUL,2,2,7,,x7 = x2 * x2
0x2D48,LH,1,6,2,,x6 = mem [x1+2]
0x2D4A,ADD,6,9,1,,x1 = x6 + x9
0x2D4C,SUB,2,2,11,,x11 = x2 - x2
0x2D4E,MUL,10,12,14,,x14 = x10 * x12
0x2D50,SLT,11,11,9,,x9 = x11 < x11
0x2D52,LH,15,7,-13,,x7 = mem [x15-13]
0x2D54,SH,6,7,-3,,mem [x6-3] = x7
0x2D56,MUL,4,15,2,,x2 = x4 * x15
0x2D58,ADD,4,15,8,,x8 = x4 + x15
0x2D5A,SH,5,4,7,,mem [x5+7] = x4
0x2D5C,LH,6,2,2,,x2 = mem [x6+2]
0x2D5E,SH,4,7,15,,mem [x4+15] = x7
0x2D60,LH,10,6,15,,x6 = mem [x10+15]
0x2D62,SH,0,2,8,,mem [x0+8] = x2
0x2D64,SH,14,14,3,,mem [x14+3] = x14
0x2D66,SH,1,9,1,,mem [x1+1] = x9
0x2D68,BEQ,3,9,12,,if (x3 == x9): PC = PC + 13
0x2D6A,SUB,10,1,9,,x9 = x10 - x1
0x2D6C,LH,13,6,14,,x6 = mem [x13+14]
0x2D6E,SLT,9,14,3,,x3 = x9 < x14
0x2D70,SLT,15,11,0,,x0 = x15 < x11
0x2D72,SLT,15,8,8,,x8 = x15 < x8
0x2D74,SH,7,7,14,,mem [x7+14] = x7
0x2D76,SH,8,11,7,,mem [x8+7] = x11
0x2D78,LH,6,11,15,,x11 = mem [x6+15]
0x2D7A,ADD,2,8,5,,x5 = x2 + x8
0x2D7C,LH,4,6,-16,,x6 = mem [x4-16]
0x2D7E,SH,3,0,-3,,mem [x3-3] = x0
0x2D80,LH,11,0,9,,x0 = mem [x11+9]
0x2D82,LH,2,13,9,,x13 = mem [x2+9]
0x2D84,SLT,14,2,8,,x8 = x14 < x2
0x2D86,MUL,13,6,15,,x15 = x13 * x6
0x2D88,SLT,2,15,15,,x15 = x2 < x15
0x2D8A,SH,10,4,15,,mem [x10+15] = x4
0x2D8C,SLT,7,13,4,,x4 = x7 < x13
0x2D8E,LH,9,3,15,,x3 = mem [x9+15]
0x2D90,ADD,10,13,0,,x0 = x10 + x13
0x2D92,ADD,2,14,12,,x12 = x2 + x14
0x2D94,SH,8,1,15,,mem [x8+15] = x1
0x2D96,SH,2,5,14,,mem [x2+14] = x5
0x2D98,BEQ,15,8,1,,if (x15 == x8): PC = PC + 2
0x2D9A,LH,4,5,14,,x5 = mem [x4+14]
0x2D9C,SH,8,11,15,,mem [x8+15] = x11
0x2D9E,LH,3,11,15,,x11 = mem [x3+15]
0x2DA0,ADD,1,15,9,,x9 = x1 + x15
0x2DA2,SH,2,3,15,,mem [x2+15] = x3
0x2DA4,LH,5,5,15,,x5 = mem [x5+15]
0x2DA6,SH,15,15,15,,mem [x15+15] = x15
0x2DA8,BEQ,11,14,11,,if (x11 == x14): PC = PC + 12
0x2DAA,SUB,7,0,9,,x9 = x7 - x0
0x2DAC,SH,3,9,12,,mem [x3+12] = x9
0x2DAE,SH,12,1,1,,mem [x12+1] = x1
0x2DB0,SH,6,4,-10,,mem [x6-10] = x4
0x2DB2,LH,8,7,-7,,x7 = mem [x8-7]
0x2DB4,ADD,5,3,0,,x0 = x5 + x3
0x2DB6,SH,2,8,-15,,mem [x2-15] = x8
0x2DB8,SH,0,1,1,,mem [x0+1] = x1
0x2DBA,SH,0,15,-8,,mem [x0-8] = x15
0x2DBC,ADD,11,4,5,,x5 = x11 + x4
0x2DBE,SLT,13,12,13,,x13 = x13 < x12
0x2DC0,SH,10,4,6,,mem [x10+6] = x4
0x2DC2,LH,13,11,3,,x11 = mem [x13+3]
0x2DC4,BEQ,8,15,11,,if (x8 == x15): PC = PC + 12
0x2DC6,MUL,9,8,5,,x5 = x9 * x8
0x2DC8,LH,5,4,11,,x4 = mem [x5+11]
0x2DCA,SLT,1,1,1,,x1 = x1 < x1
0x2DCC,SH,13,14,-9,,mem [x13-9] = x14
0x2DCE,SUB,0,11,6,,x6 = x0 - x11
0x2DD0,LH,2,11,-12,,x11 = mem [x2-12]
0x2DD2,SLT,6,13,14,,x14 = x6 < x13
0x2DD4,LH,5,5,3,,x5 = mem [x5+3]
0x2DD6,SH,13,2,-1,,mem [x13-1] = x2
0x2DD8,MUL,10,4,15,,x15 = x10 * x4
0x2DDA,LH,8,9,-11,,x9 = mem [x8-11]
0x2DDC,LH,5,15,15,,x15 = mem [x5+15]
0x2DDE,SLT,15,13,7,,x7 = x15 < x13
0x2DE0,SLT,4,12,1,,x1 = x4 < x12
0x2DE2,SH,15,6,12,,mem [x15+12] = x6
0x2DE4,ADD,15,9,0,,x0 = x15 + x9
0x2DE6,SUB,15,2,12,,x12 = x15 - x2
0x2DE8,LH,15,12,15,,x12 = mem [x15+15]
0x2DEA,SLT,9,6,14,,x14 = x9 < x6
0x2DEC,LH,2,12,15,,x12 = mem [x2+15]
0x2DEE,LH,7,14,2,,x14 = mem [x7+2]
0x2DF0,LH,5,10,4,,x10 = mem [x5+4]
0x2DF2,BEQ,6,0,3,,if (x6 == x0): PC = PC + 4
0x2DF4,SH,15,8,7,,mem [x15+7] = x8
0x2DF6,LH,13,7,1,,x7 = mem [x13+1]
0x2DF8,SH,11,11,10,,mem [x11+10] = x11
0x2DFA,LH,4,10,0,,x10 = mem [x4+0]
0x2DFC,SH,11,12,15,,mem [x11+15] = x12
0x2DFE,SLT,3,15,1,,x1 = x3 < x15
0x2E00,SH,4,5,15,,mem [x4+15] = x5
0x2E02,SH,9,2,15,,mem [x9+15] = x2
0x2E04,LH,0,9,15,,x9 = mem [x0+15]
0x2E06,SH,12,4,15,,mem [x12+15] = x4
0x2E08,LH,13,6,15,,x6 = mem [x13+15]
0x2E0A,SH,2,5,13,,mem [x2+13] = x5
0x2E0C,LH,1,3,3,,x3 = mem [x1+3]
0x2E0E,MUL,13,9,6,,x6 = x13 * x9
0x2E10,SH,11,6,15,,mem [x11+15] = x6
0x2E12,LH,12,8,15,,x8 = mem [x12+15]
0x2E14,SH,2,1,15,,mem [x2+15] = x1
0x2E16,SLT,2,4,2,,x2 = x2 < x4
0x2E18,SUB,10,5,2,,x2 = x10 - x5
0x2E1A,SH,10,14,11,,mem [x10+11] = x14
0x2E1C,MUL,5,2,14,,x14 = x5 * x2
0x2E1E,LH,13,10,5,,x10 = mem [x13+5]
0x2E20,MUL,11,10,0,,x0 = x11 * x10
0x2E22,BEQ,5,2,13,,if (x5 == x2): PC = PC + 14
0x2E24,MUL,11,11,10,,x10 = x11 * x11
0x2E26,MUL,5,7,10,,x10 = x5 * x7
0x2E28,SLT,13,3,0,,x0 = x13 < x3
0x2E2A,ADD,4,13,4,,x4 = x4 + x13
0x2E2C,LH,6,9,-1,,x9 = mem [x6-1]
0x2E2E,LH,12,6,-15,,x6 = mem [x12-15]
0x2E30,LH,1,3,-6,,x3 = mem [x1-6]
0x2E32,SH,11,14,-9,,mem [x11-9] = x14
0x2E34,BEQ,11,7,9,,if (x11 == x7): PC = PC + 10
0x2E36,SUB,10,5,12,,x12 = x10 - x5
0x2E38,LH,5,2,-12,,x2 = mem [x5-12]
0x2E3A,LH,6,3,5,,x3 = mem [x6+5]
0x2E3C,ADD,2,6,2,,x2 = x2 + x6
0x2E3E,ADD,11,13,2,,x2 = x11 + x13
0x2E40,ADD,6,5,15,,x15 = x6 + x5
0x2E42,LH,12,4,15,,x4 = mem [x12+15]
0x2E44,LH,0,6,7,,x6 = mem [x0+7]
0x2E46,SH,9,0,6,,mem [x9+6] = x0
0x2E48,SH,12,12,3,,mem [x12+3] = x12
0x2E4A,BEQ,4,1,12,,if (x4 == x1): PC = PC + 13
0x2E4C,SH,13,10,-7,,mem [x13-7] = x10
0x2E4E,BEQ,7,9,0,,if (x7 == x9): PC = PC + 1
0x2E50,SH,4,13,11,,mem [x4+11] = x13
0x2E52,ADD,2,2,13,,x13 = x2 + x2
0x2E54,SH,8,15,2,,mem [x8+2] = x15
0x2E56,SLT,0,10,11,,x11 = x0 < x10
0x2E58,MUL,5,2,1,,x1 = x5 * x2
0x2E5A,SH,7,12,13,,mem [x7+13] = x12
0x2E5C,ADD,5,2,5,,x5 = x5 + x2
0x2E5E,LH,4,12,3,,x12 = mem [x4+3]
0x2E60,SUB,0,14,14,,x14 = x0 - x14
0x2E62,MUL,12,0,13,,x13 = x12 * x0
0x2E64,LH,6,1,15,,x1 = mem [x6+15]
0x2E66,SH,4,9,15,,mem [x4+15] = x9
0x2E68,SH,11,2,4,,mem [x11+4] = x2
0x2E6A,SH,2,1,15,,mem [x2+15] = x1
0x2E6C,MUL,10,8,14,,x14 = x10 * x8
0x2E6E,ADD,4,0,7,,x7 = x4 + x0
0x2E70,SUB,1,3,12,,x12 = x1 - x3
0x2E72,SH,7,11,15,,mem [x7+15] = x11
0x2E74,SH,13,13,2,,mem [x13+2] = x13
0x2E76,SH,11,3,15,,mem [x11+15] = x3
0x2E78,SH,2,12,15,,mem [x2+15] = x12
0x2E7A,SH,4,0,15,,mem [x4+15] = x0
0x2E7C,ADD,7,11,15,,x15 = x7 + x11
0x2E7E,LH,12,13,15,,x13 = mem [x12+15]
0x2E80,LH,13,8,15,,x8 = mem [x13+15]
0x2E82,LH,7,14,15,,x14 = mem [x7+15]
0x2E84,LH,7,7,14,,x7 = mem [x7+14]
0x2E86,SLT,13,2,13,,x13 = x13 < x2
0x2E88,SH,7,12,12,,mem [x7+12] = x12
0x2E8A,SH,1,10,15,,mem [x1+15] = x10
0x2E8C,BEQ,0,8,7,,if (x0 == x8): PC = PC + 8
0x2E8E,SUB,7,6,1,,x1 = x7 - x6
0x2E90,LH,1,8,-10,,x8 = mem [x1-10]
0x2E92,SLT,13,8,2,,x2 = x13 < x8
0x2E94,BEQ,0,15,12,,if (x0 == x15): PC = PC + 13
0x2E96,SLT,14,8,3,,x3 = x14 < x8
0x2E98,SH,13,11,11,,mem [x13+11] = x11
0x2E9A,SLT,7,9,8,,x8 = x7 < x9
0x2E9C,LH,14,15,8,,x15 = mem [x14+8]
0x2E9E,SLT,13,13,12,,x12 = x13 < x13
0x2EA0,BEQ,4,1,11,,if (x4 == x1): PC = PC + 12
0x2EA2,LH,3,7,1,,x7 = mem [x3+1]
0x2EA4,LH,3,11,4,,x11 = mem [x3+4]
0x2EA6,SH,13,0,11,,mem [x13+11] = x0
0x2EA8,SUB,6,3,1,,x1 = x6 - x3
0x2EAA,LH,12,5,5,,x5 = mem [x12+5]
0x2EAC,LH,14,1,6,,x1 = mem [x14+6]
0x2EAE,LH,14,6,-15,,x6 = mem [x14-15]
0x2EB0,SLT,1,7,12,,x12 = x1 < x7
0x2EB2,SH,4,0,-7,,mem [x4-7] = x0
0x2EB4,BEQ,0,11,12,,if (x0 == x11): PC = PC + 13
0x2EB6,BEQ,5,15,1,,if (x5 == x15): PC = PC + 2
0x2EB8,LH,12,14,15,,x14 = mem [x12+15]
0x2EBA,SH,3,3,15,,mem [x3+15] = x3
0x2EBC,SUB,0,14,6,,x6 = x0 - x14
0x2EBE,LH,4,9,15,,x9 = mem [x4+15]
0x2EC0,BEQ,3,15,13,,if (x3 == x15): PC = PC + 14
0x2EC2,LH,13,8,-14,,x8 = mem [x13-14]
0x2EC4,SUB,8,5,4,,x4 = x8 - x5
0x2EC6,LH,9,14,-3,,x14 = mem [x9-3]
0x2EC8,SLT,3,8,5,,x5 = x3 < x8
0x2ECA,LH,11,5,-4,,x5 = mem [x11-4]
0x2ECC,MUL,4,5,2,,x2 = x4 * x5
0x2ECE,MUL,12,2,8,,x8 = x12 * x2
0x2ED0,LH,15,7,11,,x7 = mem [x15+11]
0x2ED2,LH,5,14,-13,,x14 = mem [x5-13]
0x2ED4,SLT,2,2,10,,x10 = x2 < x2
0x2ED6,BEQ,7,9,1,,if (x7 == x9): PC = PC + 2
0x2ED8,SH,6,5,0,,mem [x6+0] = x5
0x2EDA,LH,13,10,11,,x10 = mem [x13+11]
0x2EDC,SH,0,3,15,,mem [x0+15] = x3
0x2EDE,BEQ,10,13,11,,if (x10 == x13): PC = PC + 12
0x2EE0,SH,6,0,2,,mem [x6+2] = x0
0x2EE2,SH,13,14,-15,,mem [x13-15] = x14
0x2EE4,SH,0,3,-1,,mem [x0-1] = x3
0x2EE6,SLT,5,2,13,,x13 = x5 < x2
0x2EE8,LH,9,9,7,,x9 = mem [x9+7]
0x2EEA,SH,4,2,-16,,mem [x4-16] = x2
0x2EEC,SLT,7,13,10,,x10 = x7 < x13
0x2EEE,SH,4,2,-9,,mem [x4-9] = x2
0x2EF0,SH,7,1,14,,mem [x7+14] = x1
0x2EF2,SUB,0,11,2,,x2 = x0 - x11
0x2EF4,LH,9,2,-5,,x2 = mem [x9-5]
0x2EF6,LH,3,11,4,,x11 = mem [x3+4]
0x2EF8,MUL,3,2,2,,x2 = x3 * x2
0x2EFA,SLT,12,4,10,,x10 = x12 < x4
0x2EFC,SUB,3,4,2,,x2 = x3 - x4
0x2EFE,LH,14,9,15,,x9 = mem [x14+15]
0x2F00,LH,11,2,15,,x2 = mem [x11+15]
0x2F02,SUB,15,2,5,,x5 = x15 - x2
0x2F04,LH,5,10,12,,x10 = mem [x5+12]
0x2F06,ADD,10,0,11,,x11 = x10 + x0
0x2F08,LH,1,14,15,,x14 = mem [x1+15]
0x2F0A,ADD,12,0,3,,x3 = x12 + x0
0x2F0C,ADD,13,8,15,,x15 = x13 + x8
0x2F0E,LH,15,8,0,,x8 = mem [x15+0]
0x2F10,LH,13,1,4,,x1 = mem [x13+4]
0x2F12,SUB,8,0,9,,x9 = x8 - x0
0x2F14,LH,11,11,2,,x11 = mem [x11+2]
0x2F16,ADD,1,1,9,,x9 = x1 + x1
0x2F18,SH,14,15,15,,mem [x14+15] = x15
0x2F1A,LH,5,8,15,,x8 = mem [x5+15]
0x2F1C,LH,6,2,15,,x2 = mem [x6+15]
0x2F1E,SH,9,15,15,,mem [x9+15] = x15
0x2F20,SUB,8,13,11,,x11 = x8 - x13
0x2F22,SH,8,6,8,,mem [x8+8] = x6
0x2F24,SLT,10,4,3,,x3 = x10 < x4
0x2F26,LH,15,3,3,,x3 = mem [x15+3]
0x2F28,BEQ,6,15,2,,if (x6 == x15): PC = PC + 3
0x2F2A,SLT,13,0,10,,x10 = x13 < x0
0x2F2C,ADD,10,13,4,,x4 = x10 + x13
0x2F2E,LH,8,5,15,,x5 = mem [x8+15]
0x2F30,LH,10,12,2,,x12 = mem [x10+2]
0x2F32,SH,7,13,15,,mem [x7+15] = x13
0x2F34,SH,3,1,15,,mem [x3+15] = x1
0x2F36,SH,0,7,15,,mem [x0+15] = x7
0x2F38,LH,5,2,15,,x2 = mem [x5+15]
0x2F3A,ADD,8,10,14,,x14 = x8 + x10
0x2F3C,BEQ,14,2,3,,if (x14 == x2): PC = PC + 4
0x2F3E,SLT,0,15,12,,x12 = x0 < x15
0x2F40,SUB,11,13,2,,x2 = x11 - x13
0x2F42,ADD,5,7,14,,x14 = x5 + x7
0x2F44,ADD,6,8,6,,x6 = x6 + x8
0x2F46,SH,5,0,13,,mem [x5+13] = x0
0x2F48,SUB,0,7,4,,x4 = x0 - x7
0x2F4A,ADD,6,12,9,,x9 = x6 + x12
0x2F4C,SLT,10,6,11,,x11 = x10 < x6
0x2F4E,SH,1,15,4,,mem [x1+4] = x15
0x2F50,SLT,8,4,1,,x1 = x8 < x4
0x2F52,SLT,15,10,15,,x15 = x15 < x10
0x2F54,LH,5,4,6,,x4 = mem [x5+6]
0x2F56,LH,5,11,15,,x11 = mem [x5+15]
0x2F58,SH,10,5,15,,mem [x10+15] = x5
0x2F5A,MUL,1,12,8,,x8 = x1 * x12
0x2F5C,BEQ,1,4,11,,if (x1 == x4): PC = PC + 12
0x2F5E,SH,2,7,-8,,mem [x2-8] = x7
0x2F60,LH,1,13,-4,,x13 = mem [x1-4]
0x2F62,ADD,8,14,10,,x10 = x8 + x14
0x2F64,SUB,0,14,5,,x5 = x0 - x14
0x2F66,LH,10,9,-11,,x9 = mem [x10-11]
0x2F68,SH,3,13,-5,,mem [x3-5] = x13
0x2F6A,SH,1,0,-12,,mem [x1-12] = x0
0x2F6C,SLT,15,0,14,,x14 = x15 < x0
0x2F6E,SH,3,12,-3,,mem [x3-3] = x12
0x2F70,LH,13,8,9,,x8 = mem [x13+9]
0x2F72,SLT,12,1,2,,x2 = x12 < x1
0x2F74,SH,3,0,4,,mem [x3+4] = x0
0x2F76,SH,3,3,15,,mem [x3+15] = x3
0x2F78,LH,7,14,10,,x14 = mem [x7+10]
0x2F7A,LH,6,14,9,,x14 = mem [x6+9]
0x2F7C,SUB,4,2,1,,x1 = x4 - x2
0x2F7E,SH,9,11,8,,mem [x9+8] = x11
0x2F80,SH,2,13,15,,mem [x2+15] = x13
0x2F82,MUL,6,4,15,,x15 = x6 * x4
0x2F84,ADD,2,11,9,,x9 = x2 + x11
0x2F86,SUB,4,5,14,,x14 = x4 - x5
0x2F88,SH,2,9,15,,mem [x2+15] = x9
0x2F8A,LH,14,15,7,,x15 = mem [x14+7]
0x2F8C,LH,11,8,0,,x8 = mem [x11+0]
0x2F8E,SH,3,9,15,,mem [x3+15] = x9
0x2F90,SH,2,11,15,,mem [x2+15] = x11
0x2F92,LH,13,5,8,,x5 = mem [x13+8]
0x2F94,MUL,15,11,15,,x15 = x15 * x11
0x2F96,MUL,11,14,4,,x4 = x11 * x14
0x2F98,LH,6,3,7,,x3 = mem [x6+7]
0x2F9A,SLT,0,7,14,,x14 = x0 < x7
0x2F9C,SLT,10,10,14,,x14 = x10 < x10
0x2F9E,LH,4,7,10,,x7 = mem [x4+10]
0x2FA0,BEQ,0,8,8,,if (x0 == x8): PC = PC + 9
0x2FA2,SUB,3,15,7,,x7 = x3 - x15
0x2FA4,MUL,11,1,11,,x11 = x11 * x1
0x2FA6,LH,4,3,7,,x3 = mem [x4+7]
0x2FA8,LH,2,6,-14,,x6 = mem [x2-14]
0x2FAA,LH,12,4,9,,x4 = mem [x12+9]
0x2FAC,SUB,2,13,12,,x12 = x2 - x13
0x2FAE,SH,10,8,2,,mem [x10+2] = x8
0x2FB0,SH,8,5,6,,mem [x8+6] = x5
0x2FB2,SUB,15,3,1,,x1 = x15 - x3
0x2FB4,SH,10,8,11,,mem [x10+11] = x8
0x2FB6,SH,4,8,14,,mem [x4+14] = x8
0x2FB8,SUB,5,12,14,,x14 = x5 - x12
0x2FBA,MUL,2,11,3,,x3 = x2 * x11
0x2FBC,SH,9,14,1,,mem [x9+1] = x14
0x2FBE,SLT,13,1,3,,x3 = x13 < x1
0x2FC0,SH,7,7,15,,mem [x7+15] = x7
0x2FC2,MUL,11,15,9,,x9 = x11 * x15
0x2FC4,SH,14,3,15,,mem [x14+15] = x3
0x2FC6,SH,0,0,15,,mem [x0+15] = x0
0x2FC8,SUB,9,8,8,,x8 = x9 - x8
0x2FCA,LH,6,15,15,,x15 = mem [x6+15]
0x2FCC,SLT,9,9,0,,x0 = x9 < x9
0x2FCE,LH,0,8,14,,x8 = mem [x0+14]
0x2FD0,LH,15,11,10,,x11 = mem [x15+10]
0x2FD2,SH,12,9,11,,mem [x12+11] = x9
0x2FD4,LH,5,3,15,,x3 = mem [x5+15]
0x2FD6,SLT,0,10,11,,x11 = x0 < x10
0x2FD8,SH,2,15,6,,mem [x2+6] = x15
0x2FDA,SH,11,15,15,,mem [x11+15] = x15
0x2FDC,LH,1,6,6,,x6 = mem [x1+6]
0x2FDE,SH,7,3,12,,mem [x7+12] = x3
