cycle,PC,func,mem,x0,x1,x2,x3,x4,x5,x6,x7,x8,x9,x10,x11,x12,x13,x14,x15
0,0,LH,,0,6,0,0,0,0,0,0,0,0,0,0,0,0,0,0
1,1,LH,,0,6,0,8,0,0,0,0,0,0,0,0,0,0,0,0
2,2,ADD,,0,6,14,8,0,0,0,0,0,0,0,0,0,0,0,0
3,3,LH,,0,6,14,8,3,0,0,0,0,0,0,0,0,0,0,0
4,4,ADD,,0,6,14,8,3,17,0,0,0,0,0,0,0,0,0,0
5,5,LH,,0,6,14,8,3,17,0,0,0,0,0,0,0,0,2,0
6,6,LH,,0,6,14,8,3,17,0,0,0,0,0,0,0,0,2,1
7,7,SUB,,0,6,14,8,3,17,5,0,0,0,0,0,0,0,2,1
8,8,ADD,,0,6,14,8,3,17,6,0,0,0,0,0,0,0,2,1
9,9,ADD,,0,6,14,8,3,17,6,0,0,0,0,0,0,0,2,1
10,10,ADD,,0,6,14,8,3,17,6,0,0,0,0,0,0,0,2,1
11,11,ADD,,0,6,14,8,3,17,6,0,0,0,0,0,0,0,2,1
12,12,SLT,,0,6,14,8,3,17,6,0,0,0,1,0,0,0,2,1
13,13,BEQ,,0,6,14,8,3,17,6,0,0,0,1,0,0,0,2,1
14,14,LH,,0,6,14,8,3,17,6,0,0,0,1,47,0,0,2,1
15,15,LH,,0,6,14,8,3,17,6,0,0,0,1,47,20,0,2,1
16,16,MUL,,0,6,14,8,3,17,6,0,0,0,1,47,20,940,2,1
17,17,ADD,,0,6,14,8,3,17,6,0,0,940,1,47,20,940,2,1
18,18,ADD,,0,6,14,8,3,17,6,0,1,940,1,47,20,940,2,1
19,19,ADD,,0,7,14,8,3,17,6,0,1,940,1,47,20,940,2,1
20,20,ADD,,0,7,15,8,3,17,6,0,1,940,1,47,20,940,2,1
21,21,J,,0,7,15,8,3,17,6,0,1,940,1,47,20,940,2,1
22,12,SLT,,0,7,15,8,3,17,6,0,1,940,1,47,20,940,2,1
23,13,BEQ,,0,7,15,8,3,17,6,0,1,940,1,47,20,940,2,1
24,14,LH,,0,7,15,8,3,17,6,0,1,940,1,-76,20,940,2,1
25,15,LH,,0,7,15,8,3,17,6,0,1,940,1,-76,80,940,2,1
26,16,MUL,,0,7,15,8,3,17,6,0,1,940,1,-76,80,-6080,2,1
27,17,ADD,,0,7,15,8,3,17,6,0,1,-5140,1,-76,80,-6080,2,1
28,18,ADD,,0,7,15,8,3,17,6,0,2,-5140,1,-76,80,-6080,2,1
29,19,ADD,,0,8,15,8,3,17,6,0,2,-5140,1,-76,80,-6080,2,1
30,20,ADD,,0,8,16,8,3,17,6,0,2,-5140,1,-76,80,-6080,2,1
31,21,J,,0,8,16,8,3,17,6,0,2,-5140,1,-76,80,-6080,2,1
32,12,SLT,,0,8,16,8,3,17,6,0,2,-5140,1,-76,80,-6080,2,1
33,13,BEQ,,0,8,16,8,3,17,6,0,2,-5140,1,-76,80,-6080,2,1
34,14,LH,,0,8,16,8,3,17,6,0,2,-5140,1,-92,80,-6080,2,1
35,15,LH,,0,8,16,8,3,17,6,0,2,-5140,1,-92,-13,-6080,2,1
36,16,MUL,,0,8,16,8,3,17,6,0,2,-5140,1,-92,-13,1196,2,1
37,17,ADD,,0,8,16,8,3,17,6,0,2,-3944,1,-92,-13,1196,2,1
38,18,ADD,,0,8,16,8,3,17,6,0,3,-3944,1,-92,-13,1196,2,1
39,19,ADD,,0,9,16,8,3,17,6,0,3,-3944,1,-92,-13,1196,2,1
40,20,ADD,,0,9,17,8,3,17,6,0,3,-3944,1,-92,-13,1196,2,1
41,21,J,,0,9,17,8,3,17,6,0,3,-3944,1,-92,-13,1196,2,1
42,12,SLT,,0,9,17,8,3,17,6,0,3,-3944,0,-92,-13,1196,2,1
43,13,BEQ,,0,9,17,8,3,17,6,0,3,-3944,0,-92,-13,1196,2,1
44,22,SH,mem[17] = -3944,0,9,17,8,3,17,6,0,3,-3944,0,-92,-13,1196,2,1
45,23,ADD,,0,9,17,8,3,17,6,1,3,-3944,0,-92,-13,1196,2,1
46,24,ADD,,0,9,17,8,3,18,6,1,3,-3944,0,-92,-13,1196,2,1
47,25,SLT,,0,9,17,8,3,18,6,1,3,-3944,0,-92,-13,1196,1,1
48,26,BEQ,,0,9,17,8,3,18,6,1,3,-3944,0,-92,-13,1196,1,1
49,27,LH,,0,9,17,8,3,18,6,1,3,-3944,0,-92,-13,1196,3,1
50,28,SUB,,0,9,14,8,3,18,6,1,3,-3944,0,-92,-13,1196,3,1
51,29,SUB,,0,6,14,8,3,18,6,1,3,-3944,0,-92,-13,1196,3,1
52,30,MUL,,0,6,14,8,3,18,6,1,3,-3944,0,-92,-13,1196,84,1
53,31,ADD,,0,7,14,8,3,18,6,1,3,-3944,0,-92,-13,1196,84,1
54,32,J,,0,7,14,8,3,18,6,1,3,-3944,0,-92,-13,1196,84,1
55,10,ADD,,0,7,14,8,3,18,6,1,0,-3944,0,-92,-13,1196,84,1
56,11,ADD,,0,7,14,8,3,18,6,1,0,0,0,-92,-13,1196,84,1
57,12,SLT,,0,7,14,8,3,18,6,1,0,0,1,-92,-13,1196,84,1
58,13,BEQ,,0,7,14,8,3,18,6,1,0,0,1,-92,-13,1196,84,1
59,14,LH,,0,7,14,8,3,18,6,1,0,0,1,-76,-13,1196,84,1
60,15,LH,,0,7,14,8,3,18,6,1,0,0,1,-76,20,1196,84,1
61,16,MUL,,0,7,14,8,3,18,6,1,0,0,1,-76,20,-1520,84,1
62,17,ADD,,0,7,14,8,3,18,6,1,0,-1520,1,-76,20,-1520,84,1
63,18,ADD,,0,7,14,8,3,18,6,1,1,-1520,1,-76,20,-1520,84,1
64,19,ADD,,0,8,14,8,3,18,6,1,1,-1520,1,-76,20,-1520,84,1
65,20,ADD,,0,8,15,8,3,18,6,1,1,-1520,1,-76,20,-1520,84,1
66,21,J,,0,8,15,8,3,18,6,1,1,-1520,1,-76,20,-1520,84,1
67,12,SLT,,0,8,15,8,3,18,6,1,1,-1520,1,-76,20,-1520,84,1
68,13,BEQ,,0,8,15,8,3,18,6,1,1,-1520,1,-76,20,-1520,84,1
69,14,LH,,0,8,15,8,3,18,6,1,1,-1520,1,-92,20,-1520,84,1
70,15,LH,,0,8,15,8,3,18,6,1,1,-1520,1,-92,80,-1520,84,1
71,16,MUL,,0,8,15,8,3,18,6,1,1,-1520,1,-92,80,-7360,84,1
72,17,ADD,,0,8,15,8,3,18,6,1,1,-8880,1,-92,80,-7360,84,1
73,18,ADD,,0,8,15,8,3,18,6,1,2,-8880,1,-92,80,-7360,84,1
74,19,ADD,,0,9,15,8,3,18,6,1,2,-8880,1,-92,80,-7360,84,1
75,20,ADD,,0,9,16,8,3,18,6,1,2,-8880,1,-92,80,-7360,84,1
76,21,J,,0,9,16,8,3,18,6,1,2,-8880,1,-92,80,-7360,84,1
77,12,SLT,,0,9,16,8,3,18,6,1,2,-8880,1,-92,80,-7360,84,1
78,13,BEQ,,0,9,16,8,3,18,6,1,2,-8880,1,-92,80,-7360,84,1
79,14,LH,,0,9,16,8,3,18,6,1,2,-8880,1,69,80,-7360,84,1
80,15,LH,,0,9,16,8,3,18,6,1,2,-8880,1,69,-13,-7360,84,1
81,16,MUL,,0,9,16,8,3,18,6,1,2,-8880,1,69,-13,-897,84,1
82,17,ADD,,0,9,16,8,3,18,6,1,2,-9777,1,69,-13,-897,84,1
83,18,ADD,,0,9,16,8,3,18,6,1,3,-9777,1,69,-13,-897,84,1
84,19,ADD,,0,10,16,8,3,18,6,1,3,-9777,1,69,-13,-897,84,1
85,20,ADD,,0,10,17,8,3,18,6,1,3,-9777,1,69,-13,-897,84,1
86,21,J,,0,10,17,8,3,18,6,1,3,-9777,1,69,-13,-897,84,1
87,12,SLT,,0,10,17,8,3,18,6,1,3,-9777,0,69,-13,-897,84,1
88,13,BEQ,,0,10,17,8,3,18,6,1,3,-9777,0,69,-13,-897,84,1
89,22,SH,mem[18] = -9777,0,10,17,8,3,18,6,1,3,-9777,0,69,-13,-897,84,1
90,23,ADD,,0,10,17,8,3,18,6,2,3,-9777,0,69,-13,-897,84,1
91,24,ADD,,0,10,17,8,3,19,6,2,3,-9777,0,69,-13,-897,84,1
92,25,SLT,,0,10,17,8,3,19,6,2,3,-9777,0,69,-13,-897,1,1
93,26,BEQ,,0,10,17,8,3,19,6,2,3,-9777,0,69,-13,-897,1,1
94,27,LH,,0,10,17,8,3,19,6,2,3,-9777,0,69,-13,-897,3,1
95,28,SUB,,0,10,14,8,3,19,6,2,3,-9777,0,69,-13,-897,3,1
96,29,SUB,,0,7,14,8,3,19,6,2,3,-9777,0,69,-13,-897,3,1
97,30,MUL,,0,7,14,8,3,19,6,2,3,-9777,0,69,-13,-897,98,1
98,31,ADD,,0,8,14,8,3,19,6,2,3,-9777,0,69,-13,-897,98,1
99,32,J,,0,8,14,8,3,19,6,2,3,-9777,0,69,-13,-897,98,1
100,10,ADD,,0,8,14,8,3,19,6,2,0,-9777,0,69,-13,-897,98,1
101,11,ADD,,0,8,14,8,3,19,6,2,0,0,0,69,-13,-897,98,1
102,12,SLT,,0,8,14,8,3,19,6,2,0,0,1,69,-13,-897,98,1
103,13,BEQ,,0,8,14,8,3,19,6,2,0,0,1,69,-13,-897,98,1
104,14,LH,,0,8,14,8,3,19,6,2,0,0,1,-92,-13,-897,98,1
105,15,LH,,0,8,14,8,3,19,6,2,0,0,1,-92,20,-897,98,1
106,16,MUL,,0,8,14,8,3,19,6,2,0,0,1,-92,20,-1840,98,1
107,17,ADD,,0,8,14,8,3,19,6,2,0,-1840,1,-92,20,-1840,98,1
108,18,ADD,,0,8,14,8,3,19,6,2,1,-1840,1,-92,20,-1840,98,1
109,19,ADD,,0,9,14,8,3,19,6,2,1,-1840,1,-92,20,-1840,98,1
110,20,ADD,,0,9,15,8,3,19,6,2,1,-1840,1,-92,20,-1840,98,1
111,21,J,,0,9,15,8,3,19,6,2,1,-1840,1,-92,20,-1840,98,1
112,12,SLT,,0,9,15,8,3,19,6,2,1,-1840,1,-92,20,-1840,98,1
113,13,BEQ,,0,9,15,8,3,19,6,2,1,-1840,1,-92,20,-1840,98,1
114,14,LH,,0,9,15,8,3,19,6,2,1,-1840,1,69,20,-1840,98,1
115,15,LH,,0,9,15,8,3,19,6,2,1,-1840,1,69,80,-1840,98,1
116,16,MUL,,0,9,15,8,3,19,6,2,1,-1840,1,69,80,5520,98,1
117,17,ADD,,0,9,15,8,3,19,6,2,1,3680,1,69,80,5520,98,1
118,18,ADD,,0,9,15,8,3,19,6,2,2,3680,1,69,80,5520,98,1
119,19,ADD,,0,10,15,8,3,19,6,2,2,3680,1,69,80,5520,98,1
120,20,ADD,,0,10,16,8,3,19,6,2,2,3680,1,69,80,5520,98,1
121,21,J,,0,10,16,8,3,19,6,2,2,3680,1,69,80,5520,98,1
122,12,SLT,,0,10,16,8,3,19,6,2,2,3680,1,69,80,5520,98,1
123,13,BEQ,,0,10,16,8,3,19,6,2,2,3680,1,69,80,5520,98,1
124,14,LH,,0,10,16,8,3,19,6,2,2,3680,1,-18,80,5520,98,1
125,15,LH,,0,10,16,8,3,19,6,2,2,3680,1,-18,-13,5520,98,1
126,16,MUL,,0,10,16,8,3,19,6,2,2,3680,1,-18,-13,234,98,1
127,17,ADD,,0,10,16,8,3,19,6,2,2,3914,1,-18,-13,234,98,1
128,18,ADD,,0,10,16,8,3,19,6,2,3,3914,1,-18,-13,234,98,1
129,19,ADD,,0,11,16,8,3,19,6,2,3,3914,1,-18,-13,234,98,1
130,20,ADD,,0,11,17,8,3,19,6,2,3,3914,1,-18,-13,234,98,1
131,21,J,,0,11,17,8,3,19,6,2,3,3914,1,-18,-13,234,98,1
132,12,SLT,,0,11,17,8,3,19,6,2,3,3914,0,-18,-13,234,98,1
133,13,BEQ,,0,11,17,8,3,19,6,2,3,3914,0,-18,-13,234,98,1
134,22,SH,mem[19] = 3914,0,11,17,8,3,19,6,2,3,3914,0,-18,-13,234,98,1
135,23,ADD,,0,11,17,8,3,19,6,3,3,3914,0,-18,-13,234,98,1
136,24,ADD,,0,11,17,8,3,20,6,3,3,3914,0,-18,-13,234,98,1
137,25,SLT,,0,11,17,8,3,20,6,3,3,3914,0,-18,-13,234,1,1
138,26,BEQ,,0,11,17,8,3,20,6,3,3,3914,0,-18,-13,234,1,1
139,27,LH,,0,11,17,8,3,20,6,3,3,3914,0,-18,-13,234,3,1
140,28,SUB,,0,11,14,8,3,20,6,3,3,3914,0,-18,-13,234,3,1
141,29,SUB,,0,8,14,8,3,20,6,3,3,3914,0,-18,-13,234,3,1
142,30,MUL,,0,8,14,8,3,20,6,3,3,3914,0,-18,-13,234,112,1
143,31,ADD,,0,9,14,8,3,20,6,3,3,3914,0,-18,-13,234,112,1
144,32,J,,0,9,14,8,3,20,6,3,3,3914,0,-18,-13,234,112,1
145,10,ADD,,0,9,14,8,3,20,6,3,0,3914,0,-18,-13,234,112,1
146,11,ADD,,0,9,14,8,3,20,6,3,0,0,0,-18,-13,234,112,1
147,12,SLT,,0,9,14,8,3,20,6,3,0,0,1,-18,-13,234,112,1
148,13,BEQ,,0,9,14,8,3,20,6,3,0,0,1,-18,-13,234,112,1
149,14,LH,,0,9,14,8,3,20,6,3,0,0,1,69,-13,234,112,1
150,15,LH,,0,9,14,8,3,20,6,3,0,0,1,69,20,234,112,1
151,16,MUL,,0,9,14,8,3,20,6,3,0,0,1,69,20,1380,112,1
152,17,ADD,,0,9,14,8,3,20,6,3,0,1380,1,69,20,1380,112,1
153,18,ADD,,0,9,14,8,3,20,6,3,1,1380,1,69,20,1380,112,1
154,19,ADD,,0,10,14,8,3,20,6,3,1,1380,1,69,20,1380,112,1
155,20,ADD,,0,10,15,8,3,20,6,3,1,1380,1,69,20,1380,112,1
156,21,J,,0,10,15,8,3,20,6,3,1,1380,1,69,20,1380,112,1
157,12,SLT,,0,10,15,8,3,20,6,3,1,1380,1,69,20,1380,112,1
158,13,BEQ,,0,10,15,8,3,20,6,3,1,1380,1,69,20,1380,112,1
159,14,LH,,0,10,15,8,3,20,6,3,1,1380,1,-18,20,1380,112,1
160,15,LH,,0,10,15,8,3,20,6,3,1,1380,1,-18,80,1380,112,1
161,16,MUL,,0,10,15,8,3,20,6,3,1,1380,1,-18,80,-1440,112,1
162,17,ADD,,0,10,15,8,3,20,6,3,1,-60,1,-18,80,-1440,112,1
163,18,ADD,,0,10,15,8,3,20,6,3,2,-60,1,-18,80,-1440,112,1
164,19,ADD,,0,11,15,8,3,20,6,3,2,-60,1,-18,80,-1440,112,1
165,20,ADD,,0,11,16,8,3,20,6,3,2,-60,1,-18,80,-1440,112,1
166,21,J,,0,11,16,8,3,20,6,3,2,-60,1,-18,80,-1440,112,1
167,12,SLT,,0,11,16,8,3,20,6,3,2,-60,1,-18,80,-1440,112,1
168,13,BEQ,,0,11,16,8,3,20,6,3,2,-60,1,-18,80,-1440,112,1
169,14,LH,,0,11,16,8,3,20,6,3,2,-60,1,-63,80,-1440,112,1
170,15,LH,,0,11,16,8,3,20,6,3,2,-60,1,-63,-13,-1440,112,1
171,16,MUL,,0,11,16,8,3,20,6,3,2,-60,1,-63,-13,819,112,1
172,17,ADD,,0,11,16,8,3,20,6,3,2,759,1,-63,-13,819,112,1
173,18,ADD,,0,11,16,8,3,20,6,3,3,759,1,-63,-13,819,112,1
174,19,ADD,,0,12,16,8,3,20,6,3,3,759,1,-63,-13,819,112,1
175,20,ADD,,0,12,17,8,3,20,6,3,3,759,1,-63,-13,819,112,1
176,21,J,,0,12,17,8,3,20,6,3,3,759,1,-63,-13,819,112,1
177,12,SLT,,0,12,17,8,3,20,6,3,3,759,0,-63,-13,819,112,1
178,13,BEQ,,0,12,17,8,3,20,6,3,3,759,0,-63,-13,819,112,1
179,22,SH,mem[20] = 759,0,12,17,8,3,20,6,3,3,759,0,-63,-13,819,112,1
180,23,ADD,,0,12,17,8,3,20,6,4,3,759,0,-63,-13,819,112,1
181,24,ADD,,0,12,17,8,3,21,6,4,3,759,0,-63,-13,819,112,1
182,25,SLT,,0,12,17,8,3,21,6,4,3,759,0,-63,-13,819,1,1
183,26,BEQ,,0,12,17,8,3,21,6,4,3,759,0,-63,-13,819,1,1
184,27,LH,,0,12,17,8,3,21,6,4,3,759,0,-63,-13,819,3,1
185,28,SUB,,0,12,14,8,3,21,6,4,3,759,0,-63,-13,819,3,1
186,29,SUB,,0,9,14,8,3,21,6,4,3,759,0,-63,-13,819,3,1
187,30,MUL,,0,9,14,8,3,21,6,4,3,759,0,-63,-13,819,126,1
188,31,ADD,,0,10,14,8,3,21,6,4,3,759,0,-63,-13,819,126,1
189,32,J,,0,10,14,8,3,21,6,4,3,759,0,-63,-13,819,126,1
190,10,ADD,,0,10,14,8,3,21,6,4,0,759,0,-63,-13,819,126,1
191,11,ADD,,0,10,14,8,3,21,6,4,0,0,0,-63,-13,819,126,1
192,12,SLT,,0,10,14,8,3,21,6,4,0,0,1,-63,-13,819,126,1
193,13,BEQ,,0,10,14,8,3,21,6,4,0,0,1,-63,-13,819,126,1
194,14,LH,,0,10,14,8,3,21,6,4,0,0,1,-18,-13,819,126,1
195,15,LH,,0,10,14,8,3,21,6,4,0,0,1,-18,20,819,126,1
196,16,MUL,,0,10,14,8,3,21,6,4,0,0,1,-18,20,-360,126,1
197,17,ADD,,0,10,14,8,3,21,6,4,0,-360,1,-18,20,-360,126,1
198,18,ADD,,0,10,14,8,3,21,6,4,1,-360,1,-18,20,-360,126,1
199,19,ADD,,0,11,14,8,3,21,6,4,1,-360,1,-18,20,-360,126,1
200,20,ADD,,0,11,15,8,3,21,6,4,1,-360,1,-18,20,-360,126,1
201,21,J,,0,11,15,8,3,21,6,4,1,-360,1,-18,20,-360,126,1
202,12,SLT,,0,11,15,8,3,21,6,4,1,-360,1,-18,20,-360,126,1
203,13,BEQ,,0,11,15,8,3,21,6,4,1,-360,1,-18,20,-360,126,1
204,14,LH,,0,11,15,8,3,21,6,4,1,-360,1,-63,20,-360,126,1
205,15,LH,,0,11,15,8,3,21,6,4,1,-360,1,-63,80,-360,126,1
206,16,MUL,,0,11,15,8,3,21,6,4,1,-360,1,-63,80,-5040,126,1
207,17,ADD,,0,11,15,8,3,21,6,4,1,-5400,1,-63,80,-5040,126,1
208,18,ADD,,0,11,15,8,3,21,6,4,2,-5400,1,-63,80,-5040,126,1
209,19,ADD,,0,12,15,8,3,21,6,4,2,-5400,1,-63,80,-5040,126,1
210,20,ADD,,0,12,16,8,3,21,6,4,2,-5400,1,-63,80,-5040,126,1
211,21,J,,0,12,16,8,3,21,6,4,2,-5400,1,-63,80,-5040,126,1
212,12,SLT,,0,12,16,8,3,21,6,4,2,-5400,1,-63,80,-5040,126,1
213,13,BEQ,,0,12,16,8,3,21,6,4,2,-5400,1,-63,80,-5040,126,1
214,14,LH,,0,12,16,8,3,21,6,4,2,-5400,1,-23,80,-5040,126,1
215,15,LH,,0,12,16,8,3,21,6,4,2,-5400,1,-23,-13,-5040,126,1
216,16,MUL,,0,12,16,8,3,21,6,4,2,-5400,1,-23,-13,299,126,1
217,17,ADD,,0,12,16,8,3,21,6,4,2,-5101,1,-23,-13,299,126,1
218,18,ADD,,0,12,16,8,3,21,6,4,3,-5101,1,-23,-13,299,126,1
219,19,ADD,,0,13,16,8,3,21,6,4,3,-5101,1,-23,-13,299,126,1
220,20,ADD,,0,13,17,8,3,21,6,4,3,-5101,1,-23,-13,299,126,1
221,21,J,,0,13,17,8,3,21,6,4,3,-5101,1,-23,-13,299,126,1
222,12,SLT,,0,13,17,8,3,21,6,4,3,-5101,0,-23,-13,299,126,1
223,13,BEQ,,0,13,17,8,3,21,6,4,3,-5101,0,-23,-13,299,126,1
224,22,SH,mem[21] = -5101,0,13,17,8,3,21,6,4,3,-5101,0,-23,-13,299,126,1
225,23,ADD,,0,13,17,8,3,21,6,5,3,-5101,0,-23,-13,299,126,1
226,24,ADD,,0,13,17,8,3,22,6,5,3,-5101,0,-23,-13,299,126,1
227,25,SLT,,0,13,17,8,3,22,6,5,3,-5101,0,-23,-13,299,1,1
228,26,BEQ,,0,13,17,8,3,22,6,5,3,-5101,0,-23,-13,299,1,1
229,27,LH,,0,13,17,8,3,22,6,5,3,-5101,0,-23,-13,299,3,1
230,28,SUB,,0,13,14,8,3,22,6,5,3,-5101,0,-23,-13,299,3,1
231,29,SUB,,0,10,14,8,3,22,6,5,3,-5101,0,-23,-13,299,3,1
232,30,MUL,,0,10,14,8,3,22,6,5,3,-5101,0,-23,-13,299,140,1
233,31,ADD,,0,11,14,8,3,22,6,5,3,-5101,0,-23,-13,299,140,1
234,32,J,,0,11,14,8,3,22,6,5,3,-5101,0,-23,-13,299,140,1
235,10,ADD,,0,11,14,8,3,22,6,5,0,-5101,0,-23,-13,299,140,1
236,11,ADD,,0,11,14,8,3,22,6,5,0,0,0,-23,-13,299,140,1
237,12,SLT,,0,11,14,8,3,22,6,5,0,0,1,-23,-13,299,140,1
238,13,BEQ,,0,11,14,8,3,22,6,5,0,0,1,-23,-13,299,140,1
239,14,LH,,0,11,14,8,3,22,6,5,0,0,1,-63,-13,299,140,1
240,15,LH,,0,11,14,8,3,22,6,5,0,0,1,-63,20,299,140,1
241,16,MUL,,0,11,14,8,3,22,6,5,0,0,1,-63,20,-1260,140,1
242,17,ADD,,0,11,14,8,3,22,6,5,0,-1260,1,-63,20,-1260,140,1
243,18,ADD,,0,11,14,8,3,22,6,5,1,-1260,1,-63,20,-1260,140,1
244,19,ADD,,0,12,14,8,3,22,6,5,1,-1260,1,-63,20,-1260,140,1
245,20,ADD,,0,12,15,8,3,22,6,5,1,-1260,1,-63,20,-1260,140,1
246,21,J,,0,12,15,8,3,22,6,5,1,-1260,1,-63,20,-1260,140,1
247,12,SLT,,0,12,15,8,3,22,6,5,1,-1260,1,-63,20,-1260,140,1
248,13,BEQ,,0,12,15,8,3,22,6,5,1,-1260,1,-63,20,-1260,140,1
249,14,LH,,0,12,15,8,3,22,6,5,1,-1260,1,-23,20,-1260,140,1
250,15,LH,,0,12,15,8,3,22,6,5,1,-1260,1,-23,80,-1260,140,1
251,16,MUL,,0,12,15,8,3,22,6,5,1,-1260,1,-23,80,-1840,140,1
252,17,ADD,,0,12,15,8,3,22,6,5,1,-3100,1,-23,80,-1840,140,1
253,18,ADD,,0,12,15,8,3,22,6,5,2,-3100,1,-23,80,-1840,140,1
254,19,ADD,,0,13,15,8,3,22,6,5,2,-3100,1,-23,80,-1840,140,1
255,20,ADD,,0,13,16,8,3,22,6,5,2,-3100,1,-23,80,-1840,140,1
256,21,J,,0,13,16,8,3,22,6,5,2,-3100,1,-23,80,-1840,140,1
257,12,SLT,,0,13,16,8,3,22,6,5,2,-3100,1,-23,80,-1840,140,1
258,13,BEQ,,0,13,16,8,3,22,6,5,2,-3100,1,-23,80,-1840,140,1
259,14,LH,,0,13,16,8,3,22,6,5,2,-3100,1,-59,80,-1840,140,1
260,15,LH,,0,13,16,8,3,22,6,5,2,-3100,1,-59,-13,-1840,140,1
261,16,MUL,,0,13,16,8,3,22,6,5,2,-3100,1,-59,-13,767,140,1
262,17,ADD,,0,13,16,8,3,22,6,5,2,-2333,1,-59,-13,767,140,1
263,18,ADD,,0,13,16,8,3,22,6,5,3,-2333,1,-59,-13,767,140,1
264,19,ADD,,0,14,16,8,3,22,6,5,3,-2333,1,-59,-13,767,140,1
265,20,ADD,,0,14,17,8,3,22,6,5,3,-2333,1,-59,-13,767,140,1
266,21,J,,0,14,17,8,3,22,6,5,3,-2333,1,-59,-13,767,140,1
267,12,SLT,,0,14,17,8,3,22,6,5,3,-2333,0,-59,-13,767,140,1
268,13,BEQ,,0,14,17,8,3,22,6,5,3,-2333,0,-59,-13,767,140,1
269,22,SH,mem[22] = -2333,0,14,17,8,3,22,6,5,3,-2333,0,-59,-13,767,140,1
270,23,ADD,,0,14,17,8,3,22,6,6,3,-2333,0,-59,-13,767,140,1
271,24,ADD,,0,14,17,8,3,23,6,6,3,-2333,0,-59,-13,767,140,1
272,25,SLT,,0,14,17,8,3,23,6,6,3,-2333,0,-59,-13,767,0,1
273,26,BEQ,,0,14,17,8,3,23,6,6,3,-2333,0,-59,-13,767,0,1
274,33,LH,,0,14,17,8,3,23,6,6,3,-2333,0,-59,-13,767,32,1
275,34,ADD,,0,32,17,8,3,23,6,6,3,-2333,0,-59,-13,767,32,1
276,35,LH,,0,32,10,8,3,23,6,6,3,-2333,0,-59,-13,767,32,1
277,36,ADD,,0,32,10,0,3,23,6,6,3,-2333,0,-59,-13,767,32,1
278,37,ADD,,0,32,10,0,0,23,6,6,3,-2333,0,-59,-13,767,32,1
279,38,ADD,,0,32,10,0,0,1,6,6,3,-2333,0,-59,-13,767,32,1
280,39,LH,,0,32,10,0,0,1,6,6,3,-2333,0,-59,-13,2,32,1
281,40,BEQ,,0,32,10,0,0,1,6,6,3,-2333,0,-59,-13,2,32,1
282,41,ADD,,0,32,10,2,0,1,6,6,3,-2333,0,-59,-13,2,32,1
283,42,ADD,,0,32,10,2,0,1,1,6,3,-2333,0,-59,-13,2,32,1
284,43,ADD,,0,32,10,3,0,1,1,6,3,-2333,0,-59,-13,2,32,1
285,44,BEQ,,0,32,10,3,0,1,1,6,3,-2333,0,-59,-13,2,32,1
286,45,ADD,,0,32,10,3,1,1,1,6,3,-2333,0,-59,-13,2,32,1
287,46,ADD,,0,32,10,3,1,1,1,6,3,-2333,0,-59,-13,2,32,1
288,47,J,,0,32,10,3,1,1,1,6,3,-2333,0,-59,-13,2,32,1
289,42,ADD,,0,32,10,3,1,1,2,6,3,-2333,0,-59,-13,2,32,1
290,43,ADD,,0,32,10,4,1,1,2,6,3,-2333,0,-59,-13,2,32,1
291,44,BEQ,,0,32,10,4,1,1,2,6,3,-2333,0,-59,-13,2,32,1
292,45,ADD,,0,32,10,4,1,1,2,6,3,-2333,0,-59,-13,2,32,1
293,46,ADD,,0,32,10,4,1,2,2,6,3,-2333,0,-59,-13,2,32,1
294,47,J,,0,32,10,4,1,2,2,6,3,-2333,0,-59,-13,2,32,1
295,42,ADD,,0,32,10,4,1,2,3,6,3,-2333,0,-59,-13,2,32,1
296,43,ADD,,0,32,10,5,1,2,3,6,3,-2333,0,-59,-13,2,32,1
297,44,BEQ,,0,32,10,5,1,2,3,6,3,-2333,0,-59,-13,2,32,1
298,45,ADD,,0,32,10,5,2,2,3,6,3,-2333,0,-59,-13,2,32,1
299,46,ADD,,0,32,10,5,2,3,3,6,3,-2333,0,-59,-13,2,32,1
300,47,J,,0,32,10,5,2,3,3,6,3,-2333,0,-59,-13,2,32,1
301,42,ADD,,0,32,10,5,2,3,5,6,3,-2333,0,-59,-13,2,32,1
302,43,ADD,,0,32,10,6,2,3,5,6,3,-2333,0,-59,-13,2,32,1
303,44,BEQ,,0,32,10,6,2,3,5,6,3,-2333,0,-59,-13,2,32,1
304,45,ADD,,0,32,10,6,3,3,5,6,3,-2333,0,-59,-13,2,32,1
305,46,ADD,,0,32,10,6,3,5,5,6,3,-2333,0,-59,-13,2,32,1
306,47,J,,0,32,10,6,3,5,5,6,3,-2333,0,-59,-13,2,32,1
307,42,ADD,,0,32,10,6,3,5,8,6,3,-2333,0,-59,-13,2,32,1
308,43,ADD,,0,32,10,7,3,5,8,6,3,-2333,0,-59,-13,2,32,1
309,44,BEQ,,0,32,10,7,3,5,8,6,3,-2333,0,-59,-13,2,32,1
310,45,ADD,,0,32,10,7,5,5,8,6,3,-2333,0,-59,-13,2,32,1
311,46,ADD,,0,32,10,7,5,8,8,6,3,-2333,0,-59,-13,2,32,1
312,47,J,,0,32,10,7,5,8,8,6,3,-2333,0,-59,-13,2,32,1
313,42,ADD,,0,32,10,7,5,8,13,6,3,-2333,0,-59,-13,2,32,1
314,43,ADD,,0,32,10,8,5,8,13,6,3,-2333,0,-59,-13,2,32,1
315,44,BEQ,,0,32,10,8,5,8,13,6,3,-2333,0,-59,-13,2,32,1
316,45,ADD,,0,32,10,8,8,8,13,6,3,-2333,0,-59,-13,2,32,1
317,46,ADD,,0,32,10,8,8,13,13,6,3,-2333,0,-59,-13,2,32,1
318,47,J,,0,32,10,8,8,13,13,6,3,-2333,0,-59,-13,2,32,1
319,42,ADD,,0,32,10,8,8,13,21,6,3,-2333,0,-59,-13,2,32,1
320,43,ADD,,0,32,10,9,8,13,21,6,3,-2333,0,-59,-13,2,32,1
321,44,BEQ,,0,32,10,9,8,13,21,6,3,-2333,0,-59,-13,2,32,1
322,45,ADD,,0,32,10,9,13,13,21,6,3,-2333,0,-59,-13,2,32,1
323,46,ADD,,0,32,10,9,13,21,21,6,3,-2333,0,-59,-13,2,32,1
324,47,J,,0,32,10,9,13,21,21,6,3,-2333,0,-59,-13,2,32,1
325,42,ADD,,0,32,10,9,13,21,34,6,3,-2333,0,-59,-13,2,32,1
326,43,ADD,,0,32,10,10,13,21,34,6,3,-2333,0,-59,-13,2,32,1
327,44,BEQ,,0,32,10,10,13,21,34,6,3,-2333,0,-59,-13,2,32,1
328,48,SH,mem[32] = 34,0,32,10,10,13,21,34,6,3,-2333,0,-59,-13,2,32,1
329,49,SUB,,0,32,10,10,13,21,34,6,3,-2333,0,-59,-13,-32,32,1
330,50,SUB,,0,32,10,10,13,21,34,6,3,-2333,0,-59,-13,-32,64,1
331,51,SUB,,0,32,10,10,13,21,34,6,3,-2333,0,-59,-13,-32,63,1
332,52,ADD,,0,64,10,10,13,21,34,6,3,-2333,0,-59,-13,-32,63,1
333,53,LH,,0,64,9,10,13,21,34,6,3,-2333,0,-59,-13,-32,63,1
334,54,LH,,0,64,9,10,13,21,34,6,3,-2333,0,-59,-13,2,63,1
335,55,MUL,,0,64,9,1,13,21,34,6,3,-2333,0,-59,-13,2,63,1
336,56,ADD,,0,64,9,1,1,21,34,6,3,-2333,0,-59,-13,2,63,1
337,57,ADD,,0,64,9,1,1,64,34,6,3,-2333,0,-59,-13,2,63,1
338,58,SLT,,0,64,9,1,1,64,1,6,3,-2333,0,-59,-13,2,63,1
339,59,BEQ,,0,64,9,1,1,64,1,6,3,-2333,0,-59,-13,2,63,1
340,60,LH,,0,64,9,1,1,64,1,-94,3,-2333,0,-59,-13,2,63,1
341,61,LH,,0,64,9,1,1,64,1,-94,77,-2333,0,-59,-13,2,63,1
342,62,SLT,,0,64,9,1,1,64,1,-94,77,0,0,-59,-13,2,63,1
343,63,BEQ,,0,64,9,1,1,64,1,-94,77,0,0,-59,-13,2,63,1
344,66,ADD,,0,64,9,1,2,64,1,-94,77,0,0,-59,-13,2,63,1
345,67,ADD,,0,64,9,1,2,65,1,-94,77,0,0,-59,-13,2,63,1
346,68,J,,0,64,9,1,2,65,1,-94,77,0,0,-59,-13,2,63,1
347,58,SLT,,0,64,9,1,2,65,1,-94,77,0,0,-59,-13,2,63,1
348,59,BEQ,,0,64,9,1,2,65,1,-94,77,0,0,-59,-13,2,63,1
349,60,LH,,0,64,9,1,2,65,1,77,77,0,0,-59,-13,2,63,1
350,61,LH,,0,64,9,1,2,65,1,77,50,0,0,-59,-13,2,63,1
351,62,SLT,,0,64,9,1,2,65,1,77,50,1,0,-59,-13,2,63,1
352,63,BEQ,,0,64,9,1,2,65,1,77,50,1,0,-59,-13,2,63,1
353,64,SH,mem[65] = 50,0,64,9,1,2,65,1,77,50,1,0,-59,-13,2,63,1
354,65,SH,mem[66] = 77,0,64,9,1,2,65,1,77,50,1,0,-59,-13,2,63,1
355,66,ADD,,0,64,9,1,3,65,1,77,50,1,0,-59,-13,2,63,1
356,67,ADD,,0,64,9,1,3,66,1,77,50,1,0,-59,-13,2,63,1
357,68,J,,0,64,9,1,3,66,1,77,50,1,0,-59,-13,2,63,1
358,58,SLT,,0,64,9,1,3,66,1,77,50,1,0,-59,-13,2,63,1
359,59,BEQ,,0,64,9,1,3,66,1,77,50,1,0,-59,-13,2,63,1
360,60,LH,,0,64,9,1,3,66,1,77,50,1,0,-59,-13,2,63,1
361,61,LH,,0,64,9,1,3,66,1,77,5,1,0,-59,-13,2,63,1
362,62,SLT,,0,64,9,1,3,66,1,77,5,1,0,-59,-13,2,63,1
363,63,BEQ,,0,64,9,1,3,66,1,77,5,1,0,-59,-13,2,63,1
364,64,SH,mem[66] = 5,0,64,9,1,3,66,1,77,5,1,0,-59,-13,2,63,1
365,65,SH,mem[67] = 77,0,64,9,1,3,66,1,77,5,1,0,-59,-13,2,63,1
366,66,ADD,,0,64,9,1,4,66,1,77,5,1,0,-59,-13,2,63,1
367,67,ADD,,0,64,9,1,4,67,1,77,5,1,0,-59,-13,2,63,1
368,68,J,,0,64,9,1,4,67,1,77,5,1,0,-59,-13,2,63,1
369,58,SLT,,0,64,9,1,4,67,1,77,5,1,0,-59,-13,2,63,1
370,59,BEQ,,0,64,9,1,4,67,1,77,5,1,0,-59,-13,2,63,1
371,60,LH,,0,64,9,1,4,67,1,77,5,1,0,-59,-13,2,63,1
372,61,LH,,0,64,9,1,4,67,1,77,-19,1,0,-59,-13,2,63,1
373,62,SLT,,0,64,9,1,4,67,1,77,-19,1,0,-59,-13,2,63,1
374,63,BEQ,,0,64,9,1,4,67,1,77,-19,1,0,-59,-13,2,63,1
375,64,SH,mem[67] = -19,0,64,9,1,4,67,1,77,-19,1,0,-59,-13,2,63,1
376,65,SH,mem[68] = 77,0,64,9,1,4,67,1,77,-19,1,0,-59,-13,2,63,1
377,66,ADD,,0,64,9,1,5,67,1,77,-19,1,0,-59,-13,2,63,1
378,67,ADD,,0,64,9,1,5,68,1,77,-19,1,0,-59,-13,2,63,1
379,68,J,,0,64,9,1,5,68,1,77,-19,1,0,-59,-13,2,63,1
380,58,SLT,,0,64,9,1,5,68,1,77,-19,1,0,-59,-13,2,63,1
381,59,BEQ,,0,64,9,1,5,68,1,77,-19,1,0,-59,-13,2,63,1
382,60,LH,,0,64,9,1,5,68,1,77,-19,1,0,-59,-13,2,63,1
383,61,LH,,0,64,9,1,5,68,1,77,-25,1,0,-59,-13,2,63,1
384,62,SLT,,0,64,9,1,5,68,1,77,-25,1,0,-59,-13,2,63,1
385,63,BEQ,,0,64,9,1,5,68,1,77,-25,1,0,-59,-13,2,63,1
386,64,SH,mem[68] = -25,0,64,9,1,5,68,1,77,-25,1,0,-59,-13,2,63,1
387,65,SH,mem[69] = 77,0,64,9,1,5,68,1,77,-25,1,0,-59,-13,2,63,1
388,66,ADD,,0,64,9,1,6,68,1,77,-25,1,0,-59,-13,2,63,1
389,67,ADD,,0,64,9,1,6,69,1,77,-25,1,0,-59,-13,2,63,1
390,68,J,,0,64,9,1,6,69,1,77,-25,1,0,-59,-13,2,63,1
391,58,SLT,,0,64,9,1,6,69,1,77,-25,1,0,-59,-13,2,63,1
392,59,BEQ,,0,64,9,1,6,69,1,77,-25,1,0,-59,-13,2,63,1
393,60,LH,,0,64,9,1,6,69,1,77,-25,1,0,-59,-13,2,63,1
394,61,LH,,0,64,9,1,6,69,1,77,16,1,0,-59,-13,2,63,1
395,62,SLT,,0,64,9,1,6,69,1,77,16,1,0,-59,-13,2,63,1
396,63,BEQ,,0,64,9,1,6,69,1,77,16,1,0,-59,-13,2,63,1
397,64,SH,mem[69] = 16,0,64,9,1,6,69,1,77,16,1,0,-59,-13,2,63,1
398,65,SH,mem[70] = 77,0,64,9,1,6,69,1,77,16,1,0,-59,-13,2,63,1
399,66,ADD,,0,64,9,1,7,69,1,77,16,1,0,-59,-13,2,63,1
400,67,ADD,,0,64,9,1,7,70,1,77,16,1,0,-59,-13,2,63,1
401,68,J,,0,64,9,1,7,70,1,77,16,1,0,-59,-13,2,63,1
402,58,SLT,,0,64,9,1,7,70,1,77,16,1,0,-59,-13,2,63,1
403,59,BEQ,,0,64,9,1,7,70,1,77,16,1,0,-59,-13,2,63,1
404,60,LH,,0,64,9,1,7,70,1,77,16,1,0,-59,-13,2,63,1
405,61,LH,,0,64,9,1,7,70,1,77,16,1,0,-59,-13,2,63,1
406,62,SLT,,0,64,9,1,7,70,1,77,16,1,0,-59,-13,2,63,1
407,63,BEQ,,0,64,9,1,7,70,1,77,16,1,0,-59,-13,2,63,1
408,64,SH,mem[70] = 16,0,64,9,1,7,70,1,77,16,1,0,-59,-13,2,63,1
409,65,SH,mem[71] = 77,0,64,9,1,7,70,1,77,16,1,0,-59,-13,2,63,1
410,66,ADD,,0,64,9,1,8,70,1,77,16,1,0,-59,-13,2,63,1
411,67,ADD,,0,64,9,1,8,71,1,77,16,1,0,-59,-13,2,63,1
412,68,J,,0,64,9,1,8,71,1,77,16,1,0,-59,-13,2,63,1
413,58,SLT,,0,64,9,1,8,71,1,77,16,1,0,-59,-13,2,63,1
414,59,BEQ,,0,64,9,1,8,71,1,77,16,1,0,-59,-13,2,63,1
415,60,LH,,0,64,9,1,8,71,1,77,16,1,0,-59,-13,2,63,1
416,61,LH,,0,64,9,1,8,71,1,77,74,1,0,-59,-13,2,63,1
417,62,SLT,,0,64,9,1,8,71,1,77,74,1,0,-59,-13,2,63,1
418,63,BEQ,,0,64,9,1,8,71,1,77,74,1,0,-59,-13,2,63,1
419,64,SH,mem[71] = 74,0,64,9,1,8,71,1,77,74,1,0,-59,-13,2,63,1
420,65,SH,mem[72] = 77,0,64,9,1,8,71,1,77,74,1,0,-59,-13,2,63,1
421,66,ADD,,0,64,9,1,9,71,1,77,74,1,0,-59,-13,2,63,1
422,67,ADD,,0,64,9,1,9,72,1,77,74,1,0,-59,-13,2,63,1
423,68,J,,0,64,9,1,9,72,1,77,74,1,0,-59,-13,2,63,1
424,58,SLT,,0,64,9,1,9,72,0,77,74,1,0,-59,-13,2,63,1
425,59,BEQ,,0,64,9,1,9,72,0,77,74,1,0,-59,-13,2,63,1
426,69,ADD,,0,64,9,2,9,72,0,77,74,1,0,-59,-13,2,63,1
427,70,SLT,,0,64,9,2,9,72,0,77,74,1,1,-59,-13,2,63,1
428,71,BEQ,,0,64,9,2,9,72,0,77,74,1,1,-59,-13,2,63,1
429,72,J,,0,64,9,2,9,72,0,77,74,1,1,-59,-13,2,63,1
430,56,ADD,,0,64,9,2,2,72,0,77,74,1,1,-59,-13,2,63,1
431,57,ADD,,0,64,9,2,2,64,0,77,74,1,1,-59,-13,2,63,1
432,58,SLT,,0,64,9,2,2,64,1,77,74,1,1,-59,-13,2,63,1
433,59,BEQ,,0,64,9,2,2,64,1,77,74,1,1,-59,-13,2,63,1
434,60,LH,,0,64,9,2,2,64,1,-94,74,1,1,-59,-13,2,63,1
435,61,LH,,0,64,9,2,2,64,1,-94,50,1,1,-59,-13,2,63,1
436,62,SLT,,0,64,9,2,2,64,1,-94,50,0,1,-59,-13,2,63,1
437,63,BEQ,,0,64,9,2,2,64,1,-94,50,0,1,-59,-13,2,63,1
438,66,ADD,,0,64,9,2,3,64,1,-94,50,0,1,-59,-13,2,63,1
439,67,ADD,,0,64,9,2,3,65,1,-94,50,0,1,-59,-13,2,63,1
440,68,J,,0,64,9,2,3,65,1,-94,50,0,1,-59,-13,2,63,1
441,58,SLT,,0,64,9,2,3,65,1,-94,50,0,1,-59,-13,2,63,1
442,59,BEQ,,0,64,9,2,3,65,1,-94,50,0,1,-59,-13,2,63,1
443,60,LH,,0,64,9,2,3,65,1,50,50,0,1,-59,-13,2,63,1
444,61,LH,,0,64,9,2,3,65,1,50,5,0,1,-59,-13,2,63,1
445,62,SLT,,0,64,9,2,3,65,1,50,5,1,1,-59,-13,2,63,1
446,63,BEQ,,0,64,9,2,3,65,1,50,5,1,1,-59,-13,2,63,1
447,64,SH,mem[65] = 5,0,64,9,2,3,65,1,50,5,1,1,-59,-13,2,63,1
448,65,SH,mem[66] = 50,0,64,9,2,3,65,1,50,5,1,1,-59,-13,2,63,1
449,66,ADD,,0,64,9,2,4,65,1,50,5,1,1,-59,-13,2,63,1
450,67,ADD,,0,64,9,2,4,66,1,50,5,1,1,-59,-13,2,63,1
451,68,J,,0,64,9,2,4,66,1,50,5,1,1,-59,-13,2,63,1
452,58,SLT,,0,64,9,2,4,66,1,50,5,1,1,-59,-13,2,63,1
453,59,BEQ,,0,64,9,2,4,66,1,50,5,1,1,-59,-13,2,63,1
454,60,LH,,0,64,9,2,4,66,1,50,5,1,1,-59,-13,2,63,1
455,61,LH,,0,64,9,2,4,66,1,50,-19,1,1,-59,-13,2,63,1
456,62,SLT,,0,64,9,2,4,66,1,50,-19,1,1,-59,-13,2,63,1
457,63,BEQ,,0,64,9,2,4,66,1,50,-19,1,1,-59,-13,2,63,1
458,64,SH,mem[66] = -19,0,64,9,2,4,66,1,50,-19,1,1,-59,-13,2,63,1
459,65,SH,mem[67] = 50,0,64,9,2,4,66,1,50,-19,1,1,-59,-13,2,63,1
460,66,ADD,,0,64,9,2,5,66,1,50,-19,1,1,-59,-13,2,63,1
461,67,ADD,,0,64,9,2,5,67,1,50,-19,1,1,-59,-13,2,63,1
462,68,J,,0,64,9,2,5,67,1,50,-19,1,1,-59,-13,2,63,1
463,58,SLT,,0,64,9,2,5,67,1,50,-19,1,1,-59,-13,2,63,1
464,59,BEQ,,0,64,9,2,5,67,1,50,-19,1,1,-59,-13,2,63,1
465,60,LH,,0,64,9,2,5,67,1,50,-19,1,1,-59,-13,2,63,1
466,61,LH,,0,64,9,2,5,67,1,50,-25,1,1,-59,-13,2,63,1
467,62,SLT,,0,64,9,2,5,67,1,50,-25,1,1,-59,-13,2,63,1
468,63,BEQ,,0,64,9,2,5,67,1,50,-25,1,1,-59,-13,2,63,1
469,64,SH,mem[67] = -25,0,64,9,2,5,67,1,50,-25,1,1,-59,-13,2,63,1
470,65,SH,mem[68] = 50,0,64,9,2,5,67,1,50,-25,1,1,-59,-13,2,63,1
471,66,ADD,,0,64,9,2,6,67,1,50,-25,1,1,-59,-13,2,63,1
472,67,ADD,,0,64,9,2,6,68,1,50,-25,1,1,-59,-13,2,63,1
473,68,J,,0,64,9,2,6,68,1,50,-25,1,1,-59,-13,2,63,1
474,58,SLT,,0,64,9,2,6,68,1,50,-25,1,1,-59,-13,2,63,1
475,59,BEQ,,0,64,9,2,6,68,1,50,-25,1,1,-59,-13,2,63,1
476,60,LH,,0,64,9,2,6,68,1,50,-25,1,1,-59,-13,2,63,1
477,61,LH,,0,64,9,2,6,68,1,50,16,1,1,-59,-13,2,63,1
478,62,SLT,,0,64,9,2,6,68,1,50,16,1,1,-59,-13,2,63,1
479,63,BEQ,,0,64,9,2,6,68,1,50,16,1,1,-59,-13,2,63,1
480,64,SH,mem[68] = 16,0,64,9,2,6,68,1,50,16,1,1,-59,-13,2,63,1
481,65,SH,mem[69] = 50,0,64,9,2,6,68,1,50,16,1,1,-59,-13,2,63,1
482,66,ADD,,0,64,9,2,7,68,1,50,16,1,1,-59,-13,2,63,1
483,67,ADD,,0,64,9,2,7,69,1,50,16,1,1,-59,-13,2,63,1
484,68,J,,0,64,9,2,7,69,1,50,16,1,1,-59,-13,2,63,1
485,58,SLT,,0,64,9,2,7,69,1,50,16,1,1,-59,-13,2,63,1
486,59,BEQ,,0,64,9,2,7,69,1,50,16,1,1,-59,-13,2,63,1
487,60,LH,,0,64,9,2,7,69,1,50,16,1,1,-59,-13,2,63,1
488,61,LH,,0,64,9,2,7,69,1,50,16,1,1,-59,-13,2,63,1
489,62,SLT,,0,64,9,2,7,69,1,50,16,1,1,-59,-13,2,63,1
490,63,BEQ,,0,64,9,2,7,69,1,50,16,1,1,-59,-13,2,63,1
491,64,SH,mem[69] = 16,0,64,9,2,7,69,1,50,16,1,1,-59,-13,2,63,1
492,65,SH,mem[70] = 50,0,64,9,2,7,69,1,50,16,1,1,-59,-13,2,63,1
493,66,ADD,,0,64,9,2,8,69,1,50,16,1,1,-59,-13,2,63,1
494,67,ADD,,0,64,9,2,8,70,1,50,16,1,1,-59,-13,2,63,1
495,68,J,,0,64,9,2,8,70,1,50,16,1,1,-59,-13,2,63,1
496,58,SLT,,0,64,9,2,8,70,1,50,16,1,1,-59,-13,2,63,1
497,59,BEQ,,0,64,9,2,8,70,1,50,16,1,1,-59,-13,2,63,1
498,60,LH,,0,64,9,2,8,70,1,50,16,1,1,-59,-13,2,63,1
499,61,LH,,0,64,9,2,8,70,1,50,74,1,1,-59,-13,2,63,1
500,62,SLT,,0,64,9,2,8,70,1,50,74,0,1,-59,-13,2,63,1
501,63,BEQ,,0,64,9,2,8,70,1,50,74,0,1,-59,-13,2,63,1
502,66,ADD,,0,64,9,2,9,70,1,50,74,0,1,-59,-13,2,63,1
503,67,ADD,,0,64,9,2,9,71,1,50,74,0,1,-59,-13,2,63,1
504,68,J,,0,64,9,2,9,71,1,50,74,0,1,-59,-13,2,63,1
505,58,SLT,,0,64,9,2,9,71,0,50,74,0,1,-59,-13,2,63,1
506,59,BEQ,,0,64,9,2,9,71,0,50,74,0,1,-59,-13,2,63,1
507,69,ADD,,0,64,9,3,9,71,0,50,74,0,1,-59,-13,2,63,1
508,70,SLT,,0,64,9,3,9,71,0,50,74,0,1,-59,-13,2,63,1
509,71,BEQ,,0,64,9,3,9,71,0,50,74,0,1,-59,-13,2,63,1
510,72,J,,0,64,9,3,9,71,0,50,74,0,1,-59,-13,2,63,1
511,56,ADD,,0,64,9,3,3,71,0,50,74,0,1,-59,-13,2,63,1
512,57,ADD,,0,64,9,3,3,64,0,50,74,0,1,-59,-13,2,63,1
513,58,SLT,,0,64,9,3,3,64,1,50,74,0,1,-59,-13,2,63,1
514,59,BEQ,,0,64,9,3,3,64,1,50,74,0,1,-59,-13,2,63,1
515,60,LH,,0,64,9,3,3,64,1,-94,74,0,1,-59,-13,2,63,1
516,61,LH,,0,64,9,3,3,64,1,-94,5,0,1,-59,-13,2,63,1
517,62,SLT,,0,64,9,3,3,64,1,-94,5,0,1,-59,-13,2,63,1
518,63,BEQ,,0,64,9,3,3,64,1,-94,5,0,1,-59,-13,2,63,1
519,66,ADD,,0,64,9,3,4,64,1,-94,5,0,1,-59,-13,2,63,1
520,67,ADD,,0,64,9,3,4,65,1,-94,5,0,1,-59,-13,2,63,1
521,68,J,,0,64,9,3,4,65,1,-94,5,0,1,-59,-13,2,63,1
522,58,SLT,,0,64,9,3,4,65,1,-94,5,0,1,-59,-13,2,63,1
523,59,BEQ,,0,64,9,3,4,65,1,-94,5,0,1,-59,-13,2,63,1
524,60,LH,,0,64,9,3,4,65,1,5,5,0,1,-59,-13,2,63,1
525,61,LH,,0,64,9,3,4,65,1,5,-19,0,1,-59,-13,2,63,1
526,62,SLT,,0,64,9,3,4,65,1,5,-19,1,1,-59,-13,2,63,1
527,63,BEQ,,0,64,9,3,4,65,1,5,-19,1,1,-59,-13,2,63,1
528,64,SH,mem[65] = -19,0,64,9,3,4,65,1,5,-19,1,1,-59,-13,2,63,1
529,65,SH,mem[66] = 5,0,64,9,3,4,65,1,5,-19,1,1,-59,-13,2,63,1
530,66,ADD,,0,64,9,3,5,65,1,5,-19,1,1,-59,-13,2,63,1
531,67,ADD,,0,64,9,3,5,66,1,5,-19,1,1,-59,-13,2,63,1
532,68,J,,0,64,9,3,5,66,1,5,-19,1,1,-59,-13,2,63,1
533,58,SLT,,0,64,9,3,5,66,1,5,-19,1,1,-59,-13,2,63,1
534,59,BEQ,,0,64,9,3,5,66,1,5,-19,1,1,-59,-13,2,63,1
535,60,LH,,0,64,9,3,5,66,1,5,-19,1,1,-59,-13,2,63,1
536,61,LH,,0,64,9,3,5,66,1,5,-25,1,1,-59,-13,2,63,1
537,62,SLT,,0,64,9,3,5,66,1,5,-25,1,1,-59,-13,2,63,1
538,63,BEQ,,0,64,9,3,5,66,1,5,-25,1,1,-59,-13,2,63,1
539,64,SH,mem[66] = -25,0,64,9,3,5,66,1,5,-25,1,1,-59,-13,2,63,1
540,65,SH,mem[67] = 5,0,64,9,3,5,66,1,5,-25,1,1,-59,-13,2,63,1
541,66,ADD,,0,64,9,3,6,66,1,5,-25,1,1,-59,-13,2,63,1
542,67,ADD,,0,64,9,3,6,67,1,5,-25,1,1,-59,-13,2,63,1
543,68,J,,0,64,9,3,6,67,1,5,-25,1,1,-59,-13,2,63,1
544,58,SLT,,0,64,9,3,6,67,1,5,-25,1,1,-59,-13,2,63,1
545,59,BEQ,,0,64,9,3,6,67,1,5,-25,1,1,-59,-13,2,63,1
546,60,LH,,0,64,9,3,6,67,1,5,-25,1,1,-59,-13,2,63,1
547,61,LH,,0,64,9,3,6,67,1,5,16,1,1,-59,-13,2,63,1
548,62,SLT,,0,64,9,3,6,67,1,5,16,0,1,-59,-13,2,63,1
549,63,BEQ,,0,64,9,3,6,67,1,5,16,0,1,-59,-13,2,63,1
550,66,ADD,,0,64,9,3,7,67,1,5,16,0,1,-59,-13,2,63,1
551,67,ADD,,0,64,9,3,7,68,1,5,16,0,1,-59,-13,2,63,1
552,68,J,,0,64,9,3,7,68,1,5,16,0,1,-59,-13,2,63,1
553,58,SLT,,0,64,9,3,7,68,1,5,16,0,1,-59,-13,2,63,1
554,59,BEQ,,0,64,9,3,7,68,1,5,16,0,1,-59,-13,2,63,1
555,60,LH,,0,64,9,3,7,68,1,16,16,0,1,-59,-13,2,63,1
556,61,LH,,0,64,9,3,7,68,1,16,16,0,1,-59,-13,2,63,1
557,62,SLT,,0,64,9,3,7,68,1,16,16,0,1,-59,-13,2,63,1
558,63,BEQ,,0,64,9,3,7,68,1,16,16,0,1,-59,-13,2,63,1
559,66,ADD,,0,64,9,3,8,68,1,16,16,0,1,-59,-13,2,63,1
560,67,ADD,,0,64,9,3,8,69,1,16,16,0,1,-59,-13,2,63,1
561,68,J,,0,64,9,3,8,69,1,16,16,0,1,-59,-13,2,63,1
562,58,SLT,,0,64,9,3,8,69,1,16,16,0,1,-59,-13,2,63,1
563,59,BEQ,,0,64,9,3,8,69,1,16,16,0,1,-59,-13,2,63,1
564,60,LH,,0,64,9,3,8,69,1,16,16,0,1,-59,-13,2,63,1
565,61,LH,,0,64,9,3,8,69,1,16,50,0,1,-59,-13,2,63,1
566,62,SLT,,0,64,9,3,8,69,1,16,50,0,1,-59,-13,2,63,1
567,63,BEQ,,0,64,9,3,8,69,1,16,50,0,1,-59,-13,2,63,1
568,66,ADD,,0,64,9,3,9,69,1,16,50,0,1,-59,-13,2,63,1
569,67,ADD,,0,64,9,3,9,70,1,16,50,0,1,-59,-13,2,63,1
570,68,J,,0,64,9,3,9,70,1,16,50,0,1,-59,-13,2,63,1
571,58,SLT,,0,64,9,3,9,70,0,16,50,0,1,-59,-13,2,63,1
572,59,BEQ,,0,64,9,3,9,70,0,16,50,0,1,-59,-13,2,63,1
573,69,ADD,,0,64,9,4,9,70,0,16,50,0,1,-59,-13,2,63,1
574,70,SLT,,0,64,9,4,9,70,0,16,50,0,1,-59,-13,2,63,1
575,71,BEQ,,0,64,9,4,9,70,0,16,50,0,1,-59,-13,2,63,1
576,72,J,,0,64,9,4,9,70,0,16,50,0,1,-59,-13,2,63,1
577,56,ADD,,0,64,9,4,4,70,0,16,50,0,1,-59,-13,2,63,1
578,57,ADD,,0,64,9,4,4,64,0,16,50,0,1,-59,-13,2,63,1
579,58,SLT,,0,64,9,4,4,64,1,16,50,0,1,-59,-13,2,63,1
580,59,BEQ,,0,64,9,4,4,64,1,16,50,0,1,-59,-13,2,63,1
581,60,LH,,0,64,9,4,4,64,1,-94,50,0,1,-59,-13,2,63,1
582,61,LH,,0,64,9,4,4,64,1,-94,-19,0,1,-59,-13,2,63,1
583,62,SLT,,0,64,9,4,4,64,1,-94,-19,0,1,-59,-13,2,63,1
584,63,BEQ,,0,64,9,4,4,64,1,-94,-19,0,1,-59,-13,2,63,1
585,66,ADD,,0,64,9,4,5,64,1,-94,-19,0,1,-59,-13,2,63,1
586,67,ADD,,0,64,9,4,5,65,1,-94,-19,0,1,-59,-13,2,63,1
587,68,J,,0,64,9,4,5,65,1,-94,-19,0,1,-59,-13,2,63,1
588,58,SLT,,0,64,9,4,5,65,1,-94,-19,0,1,-59,-13,2,63,1
589,59,BEQ,,0,64,9,4,5,65,1,-94,-19,0,1,-59,-13,2,63,1
590,60,LH,,0,64,9,4,5,65,1,-19,-19,0,1,-59,-13,2,63,1
591,61,LH,,0,64,9,4,5,65,1,-19,-25,0,1,-59,-13,2,63,1
592,62,SLT,,0,64,9,4,5,65,1,-19,-25,1,1,-59,-13,2,63,1
593,63,BEQ,,0,64,9,4,5,65,1,-19,-25,1,1,-59,-13,2,63,1
594,64,SH,mem[65] = -25,0,64,9,4,5,65,1,-19,-25,1,1,-59,-13,2,63,1
595,65,SH,mem[66] = -19,0,64,9,4,5,65,1,-19,-25,1,1,-59,-13,2,63,1
596,66,ADD,,0,64,9,4,6,65,1,-19,-25,1,1,-59,-13,2,63,1
597,67,ADD,,0,64,9,4,6,66,1,-19,-25,1,1,-59,-13,2,63,1
598,68,J,,0,64,9,4,6,66,1,-19,-25,1,1,-59,-13,2,63,1
599,58,SLT,,0,64,9,4,6,66,1,-19,-25,1,1,-59,-13,2,63,1
600,59,BEQ,,0,64,9,4,6,66,1,-19,-25,1,1,-59,-13,2,63,1
601,60,LH,,0,64,9,4,6,66,1,-19,-25,1,1,-59,-13,2,63,1
602,61,LH,,0,64,9,4,6,66,1,-19,5,1,1,-59,-13,2,63,1
603,62,SLT,,0,64,9,4,6,66,1,-19,5,0,1,-59,-13,2,63,1
604,63,BEQ,,0,64,9,4,6,66,1,-19,5,0,1,-59,-13,2,63,1
605,66,ADD,,0,64,9,4,7,66,1,-19,5,0,1,-59,-13,2,63,1
606,67,ADD,,0,64,9,4,7,67,1,-19,5,0,1,-59,-13,2,63,1
607,68,J,,0,64,9,4,7,67,1,-19,5,0,1,-59,-13,2,63,1
608,58,SLT,,0,64,9,4,7,67,1,-19,5,0,1,-59,-13,2,63,1
609,59,BEQ,,0,64,9,4,7,67,1,-19,5,0,1,-59,-13,2,63,1
610,60,LH,,0,64,9,4,7,67,1,5,5,0,1,-59,-13,2,63,1
611,61,LH,,0,64,9,4,7,67,1,5,16,0,1,-59,-13,2,63,1
612,62,SLT,,0,64,9,4,7,67,1,5,16,0,1,-59,-13,2,63,1
613,63,BEQ,,0,64,9,4,7,67,1,5,16,0,1,-59,-13,2,63,1
614,66,ADD,,0,64,9,4,8,67,1,5,16,0,1,-59,-13,2,63,1
615,67,ADD,,0,64,9,4,8,68,1,5,16,0,1,-59,-13,2,63,1
616,68,J,,0,64,9,4,8,68,1,5,16,0,1,-59,-13,2,63,1
617,58,SLT,,0,64,9,4,8,68,1,5,16,0,1,-59,-13,2,63,1
618,59,BEQ,,0,64,9,4,8,68,1,5,16,0,1,-59,-13,2,63,1
619,60,LH,,0,64,9,4,8,68,1,16,16,0,1,-59,-13,2,63,1
620,61,LH,,0,64,9,4,8,68,1,16,16,0,1,-59,-13,2,63,1
621,62,SLT,,0,64,9,4,8,68,1,16,16,0,1,-59,-13,2,63,1
622,63,BEQ,,0,64,9,4,8,68,1,16,16,0,1,-59,-13,2,63,1
623,66,ADD,,0,64,9,4,9,68,1,16,16,0,1,-59,-13,2,63,1
624,67,ADD,,0,64,9,4,9,69,1,16,16,0,1,-59,-13,2,63,1
625,68,J,,0,64,9,4,9,69,1,16,16,0,1,-59,-13,2,63,1
626,58,SLT,,0,64,9,4,9,69,0,16,16,0,1,-59,-13,2,63,1
627,59,BEQ,,0,64,9,4,9,69,0,16,16,0,1,-59,-13,2,63,1
628,69,ADD,,0,64,9,5,9,69,0,16,16,0,1,-59,-13,2,63,1
629,70,SLT,,0,64,9,5,9,69,0,16,16,0,1,-59,-13,2,63,1
630,71,BEQ,,0,64,9,5,9,69,0,16,16,0,1,-59,-13,2,63,1
631,72,J,,0,64,9,5,9,69,0,16,16,0,1,-59,-13,2,63,1
632,56,ADD,,0,64,9,5,5,69,0,16,16,0,1,-59,-13,2,63,1
633,57,ADD,,0,64,9,5,5,64,0,16,16,0,1,-59,-13,2,63,1
634,58,SLT,,0,64,9,5,5,64,1,16,16,0,1,-59,-13,2,63,1
635,59,BEQ,,0,64,9,5,5,64,1,16,16,0,1,-59,-13,2,63,1
636,60,LH,,0,64,9,5,5,64,1,-94,16,0,1,-59,-13,2,63,1
637,61,LH,,0,64,9,5,5,64,1,-94,-25,0,1,-59,-13,2,63,1
638,62,SLT,,0,64,9,5,5,64,1,-94,-25,0,1,-59,-13,2,63,1
639,63,BEQ,,0,64,9,5,5,64,1,-94,-25,0,1,-59,-13,2,63,1
640,66,ADD,,0,64,9,5,6,64,1,-94,-25,0,1,-59,-13,2,63,1
641,67,ADD,,0,64,9,5,6,65,1,-94,-25,0,1,-59,-13,2,63,1
642,68,J,,0,64,9,5,6,65,1,-94,-25,0,1,-59,-13,2,63,1
643,58,SLT,,0,64,9,5,6,65,1,-94,-25,0,1,-59,-13,2,63,1
644,59,BEQ,,0,64,9,5,6,65,1,-94,-25,0,1,-59,-13,2,63,1
645,60,LH,,0,64,9,5,6,65,1,-25,-25,0,1,-59,-13,2,63,1
646,61,LH,,0,64,9,5,6,65,1,-25,-19,0,1,-59,-13,2,63,1
647,62,SLT,,0,64,9,5,6,65,1,-25,-19,0,1,-59,-13,2,63,1
648,63,BEQ,,0,64,9,5,6,65,1,-25,-19,0,1,-59,-13,2,63,1
649,66,ADD,,0,64,9,5,7,65,1,-25,-19,0,1,-59,-13,2,63,1
650,67,ADD,,0,64,9,5,7,66,1,-25,-19,0,1,-59,-13,2,63,1
651,68,J,,0,64,9,5,7,66,1,-25,-19,0,1,-59,-13,2,63,1
652,58,SLT,,0,64,9,5,7,66,1,-25,-19,0,1,-59,-13,2,63,1
653,59,BEQ,,0,64,9,5,7,66,1,-25,-19,0,1,-59,-13,2,63,1
654,60,LH,,0,64,9,5,7,66,1,-19,-19,0,1,-59,-13,2,63,1
655,61,LH,,0,64,9,5,7,66,1,-19,5,0,1,-59,-13,2,63,1
656,62,SLT,,0,64,9,5,7,66,1,-19,5,0,1,-59,-13,2,63,1
657,63,BEQ,,0,64,9,5,7,66,1,-19,5,0,1,-59,-13,2,63,1
658,66,ADD,,0,64,9,5,8,66,1,-19,5,0,1,-59,-13,2,63,1
659,67,ADD,,0,64,9,5,8,67,1,-19,5,0,1,-59,-13,2,63,1
660,68,J,,0,64,9,5,8,67,1,-19,5,0,1,-59,-13,2,63,1
661,58,SLT,,0,64,9,5,8,67,1,-19,5,0,1,-59,-13,2,63,1
662,59,BEQ,,0,64,9,5,8,67,1,-19,5,0,1,-59,-13,2,63,1
663,60,LH,,0,64,9,5,8,67,1,5,5,0,1,-59,-13,2,63,1
664,61,LH,,0,64,9,5,8,67,1,5,16,0,1,-59,-13,2,63,1
665,62,SLT,,0,64,9,5,8,67,1,5,16,0,1,-59,-13,2,63,1
666,63,BEQ,,0,64,9,5,8,67,1,5,16,0,1,-59,-13,2,63,1
667,66,ADD,,0,64,9,5,9,67,1,5,16,0,1,-59,-13,2,63,1
668,67,ADD,,0,64,9,5,9,68,1,5,16,0,1,-59,-13,2,63,1
669,68,J,,0,64,9,5,9,68,1,5,16,0,1,-59,-13,2,63,1
670,58,SLT,,0,64,9,5,9,68,0,5,16,0,1,-59,-13,2,63,1
671,59,BEQ,,0,64,9,5,9,68,0,5,16,0,1,-59,-13,2,63,1
672,69,ADD,,0,64,9,6,9,68,0,5,16,0,1,-59,-13,2,63,1
673,70,SLT,,0,64,9,6,9,68,0,5,16,0,1,-59,-13,2,63,1
674,71,BEQ,,0,64,9,6,9,68,0,5,16,0,1,-59,-13,2,63,1
675,72,J,,0,64,9,6,9,68,0,5,16,0,1,-59,-13,2,63,1
676,56,ADD,,0,64,9,6,6,68,0,5,16,0,1,-59,-13,2,63,1
677,57,ADD,,0,64,9,6,6,64,0,5,16,0,1,-59,-13,2,63,1
678,58,SLT,,0,64,9,6,6,64,1,5,16,0,1,-59,-13,2,63,1
679,59,BEQ,,0,64,9,6,6,64,1,5,16,0,1,-59,-13,2,63,1
680,60,LH,,0,64,9,6,6,64,1,-94,16,0,1,-59,-13,2,63,1
681,61,LH,,0,64,9,6,6,64,1,-94,-25,0,1,-59,-13,2,63,1
682,62,SLT,,0,64,9,6,6,64,1,-94,-25,0,1,-59,-13,2,63,1
683,63,BEQ,,0,64,9,6,6,64,1,-94,-25,0,1,-59,-13,2,63,1
684,66,ADD,,0,64,9,6,7,64,1,-94,-25,0,1,-59,-13,2,63,1
685,67,ADD,,0,64,9,6,7,65,1,-94,-25,0,1,-59,-13,2,63,1
686,68,J,,0,64,9,6,7,65,1,-94,-25,0,1,-59,-13,2,63,1
687,58,SLT,,0,64,9,6,7,65,1,-94,-25,0,1,-59,-13,2,63,1
688,59,BEQ,,0,64,9,6,7,65,1,-94,-25,0,1,-59,-13,2,63,1
689,60,LH,,0,64,9,6,7,65,1,-25,-25,0,1,-59,-13,2,63,1
690,61,LH,,0,64,9,6,7,65,1,-25,-19,0,1,-59,-13,2,63,1
691,62,SLT,,0,64,9,6,7,65,1,-25,-19,0,1,-59,-13,2,63,1
692,63,BEQ,,0,64,9,6,7,65,1,-25,-19,0,1,-59,-13,2,63,1
693,66,ADD,,0,64,9,6,8,65,1,-25,-19,0,1,-59,-13,2,63,1
694,67,ADD,,0,64,9,6,8,66,1,-25,-19,0,1,-59,-13,2,63,1
695,68,J,,0,64,9,6,8,66,1,-25,-19,0,1,-59,-13,2,63,1
696,58,SLT,,0,64,9,6,8,66,1,-25,-19,0,1,-59,-13,2,63,1
697,59,BEQ,,0,64,9,6,8,66,1,-25,-19,0,1,-59,-13,2,63,1
698,60,LH,,0,64,9,6,8,66,1,-19,-19,0,1,-59,-13,2,63,1
699,61,LH,,0,64,9,6,8,66,1,-19,5,0,1,-59,-13,2,63,1
700,62,SLT,,0,64,9,6,8,66,1,-19,5,0,1,-59,-13,2,63,1
701,63,BEQ,,0,64,9,6,8,66,1,-19,5,0,1,-59,-13,2,63,1
702,66,ADD,,0,64,9,6,9,66,1,-19,5,0,1,-59,-13,2,63,1
703,67,ADD,,0,64,9,6,9,67,1,-19,5,0,1,-59,-13,2,63,1
704,68,J,,0,64,9,6,9,67,1,-19,5,0,1,-59,-13,2,63,1
705,58,SLT,,0,64,9,6,9,67,0,-19,5,0,1,-59,-13,2,63,1
706,59,BEQ,,0,64,9,6,9,67,0,-19,5,0,1,-59,-13,2,63,1
707,69,ADD,,0,64,9,7,9,67,0,-19,5,0,1,-59,-13,2,63,1
708,70,SLT,,0,64,9,7,9,67,0,-19,5,0,1,-59,-13,2,63,1
709,71,BEQ,,0,64,9,7,9,67,0,-19,5,0,1,-59,-13,2,63,1
710,72,J,,0,64,9,7,9,67,0,-19,5,0,1,-59,-13,2,63,1
711,56,ADD,,0,64,9,7,7,67,0,-19,5,0,1,-59,-13,2,63,1
712,57,ADD,,0,64,9,7,7,64,0,-19,5,0,1,-59,-13,2,63,1
713,58,SLT,,0,64,9,7,7,64,1,-19,5,0,1,-59,-13,2,63,1
714,59,BEQ,,0,64,9,7,7,64,1,-19,5,0,1,-59,-13,2,63,1
715,60,LH,,0,64,9,7,7,64,1,-94,5,0,1,-59,-13,2,63,1
716,61,LH,,0,64,9,7,7,64,1,-94,-25,0,1,-59,-13,2,63,1
717,62,SLT,,0,64,9,7,7,64,1,-94,-25,0,1,-59,-13,2,63,1
718,63,BEQ,,0,64,9,7,7,64,1,-94,-25,0,1,-59,-13,2,63,1
719,66,ADD,,0,64,9,7,8,64,1,-94,-25,0,1,-59,-13,2,63,1
720,67,ADD,,0,64,9,7,8,65,1,-94,-25,0,1,-59,-13,2,63,1
721,68,J,,0,64,9,7,8,65,1,-94,-25,0,1,-59,-13,2,63,1
722,58,SLT,,0,64,9,7,8,65,1,-94,-25,0,1,-59,-13,2,63,1
723,59,BEQ,,0,64,9,7,8,65,1,-94,-25,0,1,-59,-13,2,63,1
724,60,LH,,0,64,9,7,8,65,1,-25,-25,0,1,-59,-13,2,63,1
725,61,LH,,0,64,9,7,8,65,1,-25,-19,0,1,-59,-13,2,63,1
726,62,SLT,,0,64,9,7,8,65,1,-25,-19,0,1,-59,-13,2,63,1
727,63,BEQ,,0,64,9,7,8,65,1,-25,-19,0,1,-59,-13,2,63,1
728,66,ADD,,0,64,9,7,9,65,1,-25,-19,0,1,-59,-13,2,63,1
729,67,ADD,,0,64,9,7,9,66,1,-25,-19,0,1,-59,-13,2,63,1
730,68,J,,0,64,9,7,9,66,1,-25,-19,0,1,-59,-13,2,63,1
731,58,SLT,,0,64,9,7,9,66,0,-25,-19,0,1,-59,-13,2,63,1
732,59,BEQ,,0,64,9,7,9,66,0,-25,-19,0,1,-59,-13,2,63,1
733,69,ADD,,0,64,9,8,9,66,0,-25,-19,0,1,-59,-13,2,63,1
734,70,SLT,,0,64,9,8,9,66,0,-25,-19,0,1,-59,-13,2,63,1
735,71,BEQ,,0,64,9,8,9,66,0,-25,-19,0,1,-59,-13,2,63,1
736,72,J,,0,64,9,8,9,66,0,-25,-19,0,1,-59,-13,2,63,1
737,56,ADD,,0,64,9,8,8,66,0,-25,-19,0,1,-59,-13,2,63,1
738,57,ADD,,0,64,9,8,8,64,0,-25,-19,0,1,-59,-13,2,63,1
739,58,SLT,,0,64,9,8,8,64,1,-25,-19,0,1,-59,-13,2,63,1
740,59,BEQ,,0,64,9,8,8,64,1,-25,-19,0,1,-59,-13,2,63,1
741,60,LH,,0,64,9,8,8,64,1,-94,-19,0,1,-59,-13,2,63,1
742,61,LH,,0,64,9,8,8,64,1,-94,-25,0,1,-59,-13,2,63,1
743,62,SLT,,0,64,9,8,8,64,1,-94,-25,0,1,-59,-13,2,63,1
744,63,BEQ,,0,64,9,8,8,64,1,-94,-25,0,1,-59,-13,2,63,1
745,66,ADD,,0,64,9,8,9,64,1,-94,-25,0,1,-59,-13,2,63,1
746,67,ADD,,0,64,9,8,9,65,1,-94,-25,0,1,-59,-13,2,63,1
747,68,J,,0,64,9,8,9,65,1,-94,-25,0,1,-59,-13,2,63,1
748,58,SLT,,0,64,9,8,9,65,0,-94,-25,0,1,-59,-13,2,63,1
749,59,BEQ,,0,64,9,8,9,65,0,-94,-25,0,1,-59,-13,2,63,1
750,69,ADD,,0,64,9,9,9,65,0,-94,-25,0,1,-59,-13,2,63,1
751,70,SLT,,0,64,9,9,9,65,0,-94,-25,0,0,-59,-13,2,63,1
752,71,BEQ,,0,64,9,9,9,65,0,-94,-25,0,0,-59,-13,2,63,1
753,73,LH,,0,-54,9,9,9,65,0,-94,-25,0,0,-59,-13,2,63,1
754,74,MUL,,0,-54,-486,9,9,65,0,-94,-25,0,0,-59,-13,2,63,1
755,75,SH,mem[50] = -486,0,-54,-486,9,9,65,0,-94,-25,0,0,-59,-13,2,63,1
756,76,SUB,,0,-54,-486,9,9,65,64,-94,-25,0,0,-59,-13,2,63,1
757,77,SH,mem[64] = 64,0,-54,-486,9,9,65,64,-94,-25,0,0,-59,-13,2,63,1
758,78,LH,,0,-54,-486,-85,9,65,64,-94,-25,0,0,-59,-13,2,63,1
759,79,ADD,,0,-54,-486,-21,9,65,64,-94,-25,0,0,-59,-13,2,63,1
760,80,SUB,,0,-54,-486,-21,30,65,64,-94,-25,0,0,-59,-13,2,63,1
761,81,SLT,,0,-54,-486,-21,30,0,64,-94,-25,0,0,-59,-13,2,63,1
762,82,MUL,,0,-54,-486,-21,30,0,64,0,-25,0,0,-59,-13,2,63,1
763,83,ADD,,0,-54,-486,-21,30,0,64,0,-25,0,0,-59,-13,2,63,1
764,84,SUB,,0,-54,-486,-21,64,0,64,0,-25,0,0,-59,-13,2,63,1
765,85,BEQ,,0,-54,-486,-21,64,0,64,0,-25,0,0,-59,-13,2,63,1
766,87,SUB,,0,-54,-486,-21,64,0,64,0,-63,0,0,-59,-13,2,63,1
767,88,SUB,,0,-54,-486,-21,64,0,64,0,64,0,0,-59,-13,2,63,1
768,89,LH,,-63,-54,-486,-21,64,0,64,0,64,0,0,-59,-13,2,63,1
769,90,SH,mem[49] = -63,-63,-54,-486,-21,64,0,64,0,64,0,0,-59,-13,2,63,1
770,91,LH,,-63,64,-486,-21,64,0,64,0,64,0,0,-59,-13,2,63,1
771,92,LH,,-63,-25,-486,-21,64,0,64,0,64,0,0,-59,-13,2,63,1
772,93,LH,,-63,-19,-486,-21,64,0,64,0,64,0,0,-59,-13,2,63,1
773,94,SH,mem[64] = -19,-63,-19,-486,-21,64,0,64,0,64,0,0,-59,-13,2,63,1
774,95,SH,mem[64] = -486,-63,-19,-486,-21,64,0,64,0,64,0,0,-59,-13,2,63,1
775,96,SH,mem[64] = -21,-63,-19,-486,-21,64,0,64,0,64,0,0,-59,-13,2,63,1
776,97,LH,,-63,-19,-486,-21,64,-25,64,0,64,0,0,-59,-13,2,63,1
777,98,SH,mem[66] = -25,-63,-19,-486,-21,64,-25,64,0,64,0,0,-59,-13,2,63,1
778,99,SH,mem[67] = -25,-63,-19,-486,-21,64,-25,64,0,64,0,0,-59,-13,2,63,1
779,100,SH,mem[68] = 64,-63,-19,-486,-21,64,-25,64,0,64,0,0,-59,-13,2,63,1
780,101,SH,mem[69] = 0,-63,-19,-486,-21,64,-25,64,0,64,0,0,-59,-13,2,63,1
781,102,SH,mem[70] = 0,-63,-19,-486,-21,64,-25,64,0,64,0,0,-59,-13,2,63,1
782,103,SH,mem[71] = -59,-63,-19,-486,-21,64,-25,64,0,64,0,0,-59,-13,2,63,1
783,104,SH,mem[72] = -13,-63,-19,-486,-21,64,-25,64,0,64,0,0,-59,-13,2,63,1
784,105,SH,mem[73] = 2,-63,-19,-486,-21,64,-25,64,0,64,0,0,-59,-13,2,63,1
785,106,SH,mem[74] = 63,-63,-19,-486,-21,64,-25,64,0,64,0,0,-59,-13,2,63,1
786,107,SH,mem[75] = 1,-63,-19,-486,-21,64,-25,64,0,64,0,0,-59,-13,2,63,1
787,108,MUL,,-63,-19,-486,-21,64,-25,64,0,64,0,0,-59,-13,2,2,1
788,109,LH,,-63,-19,-486,-21,64,-25,64,0,6,0,0,-59,-13,2,2,1
789,110,BEQ,,-63,-19,-486,-21,64,-25,64,0,6,0,0,-59,-13,2,2,1
790,111,LH,,-63,-19,-18,-21,64,-25,64,0,6,0,0,-59,-13,2,2,1
791,112,SUB,,-63,-19,-18,-1,64,-25,64,0,6,0,0,-59,-13,2,2,1
792,113,MUL,,-63,-19,-18,-1,64,-25,64,0,6,0,-38,-59,-13,2,2,1
793,114,SUB,,-63,-19,-18,-1,64,102,64,0,6,0,-38,-59,-13,2,2,1
794,115,LH,,-63,-19,-18,-1,64,102,64,0,6,0,-38,-59,8,2,2,1
795,116,LH,,-63,-19,-18,-1,64,102,20,0,6,0,-38,-59,8,2,2,1
796,117,SLT,,-63,-19,-18,-1,64,102,20,0,1,0,-38,-59,8,2,2,1
797,118,SH,mem[23] = 1,-63,-19,-18,-1,64,102,20,0,1,0,-38,-59,8,2,2,1
798,119,SLT,,-63,-19,-18,-1,64,102,20,0,1,0,-38,-59,0,2,2,1
799,120,LH,,-63,-19,-18,-1,64,102,20,0,1,0,-38,-59,0,-63,2,1
800,121,SH,mem[15] = -18,-63,-19,-18,-1,64,102,20,0,1,0,-38,-59,0,-63,2,1
801,122,SLT,,-63,-19,-18,-1,64,102,20,0,1,0,-38,-59,0,-63,0,1
802,123,LH,,-63,-19,-18,-1,64,102,20,0,1,0,-38,-59,0,-63,0,-8
803,124,SLT,,-63,-19,-18,-1,64,102,20,0,1,0,-38,-59,1,-63,0,-8
804,125,SH,mem[16] = 102,-63,-19,-18,-1,64,102,20,0,1,0,-38,-59,1,-63,0,-8
805,126,ADD,,-63,-19,-18,-1,64,102,20,0,1,0,-19,-59,1,-63,0,-8
806,127,SLT,,1,-19,-18,-1,64,102,20,0,1,0,-19,-59,1,-63,0,-8
807,128,SH,mem[12] = -1,1,-19,-18,-1,64,102,20,0,1,0,-19,-59,1,-63,0,-8
808,129,LH,,1,-19,-18,-1,64,102,20,0,1,0,-19,-59,1,-63,0,-8
809,130,ADD,,1,-19,-18,-38,64,102,20,0,1,0,-19,-59,1,-63,0,-8
810,131,SH,mem[16] = 1,1,-19,-18,-38,64,102,20,0,1,0,-19,-59,1,-63,0,-8
811,132,SLT,,1,-19,-18,-38,64,102,20,0,1,0,-19,-59,1,-63,0,0
812,133,SH,mem[26] = 0,1,-19,-18,-38,64,102,20,0,1,0,-19,-59,1,-63,0,0
813,134,MUL,,1,-19,-18,-38,64,102,20,0,1,0,-19,-59,0,-63,0,0
814,135,SH,mem[15] = -38,1,-19,-18,-38,64,102,20,0,1,0,-19,-59,0,-63,0,0
815,136,LH,,1,-19,-18,-38,64,102,20,0,1,0,-19,-59,-1,-63,0,0
816,137,MUL,,1,-19,0,-38,64,102,20,0,1,0,-19,-59,-1,-63,0,0
817,138,SLT,,1,-19,0,-38,64,102,20,0,1,0,-19,-59,-1,0,0,0
818,139,ADD,,1,-19,0,-38,64,102,20,0,1,0,-19,-59,-1,0,0,0
819,140,SUB,,1,64,0,-38,64,102,20,0,1,0,-19,-59,-1,0,0,0
820,141,LH,,1,64,0,-94,64,102,20,0,1,0,-19,-59,-1,0,0,0
821,142,BEQ,,1,64,0,-94,64,102,20,0,1,0,-19,-59,-1,0,0,0
822,143,SH,mem[16] = 1,1,64,0,-94,64,102,20,0,1,0,-19,-59,-1,0,0,0
823,144,SH,mem[6] = 0,1,64,0,-94,64,102,20,0,1,0,-19,-59,-1,0,0,0
824,145,LH,,1,64,0,-94,64,102,20,0,1,20,-19,-59,-1,0,0,0
825,146,LH,,1,64,0,-94,64,102,20,0,1,20,-19,-59,-1,-38,0,0
826,147,ADD,,1,64,0,-94,64,102,19,0,1,20,-19,-59,-1,-38,0,0
827,148,SH,mem[9] = 0,1,64,0,-94,64,102,19,0,1,20,-19,-59,-1,-38,0,0
828,149,LH,,1,64,1,-94,64,102,19,0,1,20,-19,-59,-1,-38,0,0
829,150,J,,1,64,1,-94,64,102,19,0,1,20,-19,-59,-1,-38,0,0
830,182,LH,,1,64,1,-94,64,102,19,1,1,20,-19,-59,-1,-38,0,0
831,183,SH,mem[28] = 20,1,64,1,-94,64,102,19,1,1,20,-19,-59,-1,-38,0,0
832,184,SH,mem[14] = -19,1,64,1,-94,64,102,19,1,1,20,-19,-59,-1,-38,0,0
833,185,LH,,1,64,1,-94,64,-59,19,1,1,20,-19,-59,-1,-38,0,0
834,186,SH,mem[3] = -1,1,64,1,-94,64,-59,19,1,1,20,-19,-59,-1,-38,0,0
835,187,J,,1,64,1,-94,64,-59,19,1,1,20,-19,-59,-1,-38,0,0
836,156,LH,,1,64,1,-94,64,-59,19,1,1,20,-19,-59,-1,-38,0,-1
837,157,LH,,1,64,1,-94,64,-59,19,1,1,20,-19,-59,-1,-38,0,-1
838,158,ADD,,1,64,1,-94,64,-59,19,1,1,20,-19,-39,-1,-38,0,-1
839,159,MUL,,1,64,1,-94,64,-59,19,1,1,20,361,-39,-1,-38,0,-1
840,160,SH,mem[14] = 361,1,64,1,-94,64,-59,19,1,1,20,361,-39,-1,-38,0,-1
841,161,BEQ,,1,64,1,-94,64,-59,19,1,1,20,361,-39,-1,-38,0,-1
842,162,LH,,1,64,1,-94,1,-59,19,1,1,20,361,-39,-1,-38,0,-1
843,163,SUB,,1,64,1,-94,1,40,19,1,1,20,361,-39,-1,-38,0,-1
844,164,SH,mem[15] = 1,1,64,1,-94,1,40,19,1,1,20,361,-39,-1,-38,0,-1
845,165,SH,mem[4] = 361,1,64,1,-94,1,40,19,1,1,20,361,-39,-1,-38,0,-1
846,166,ADD,,1,64,1,-94,1,40,19,1,1,20,361,-39,-40,-38,0,-1
847,167,LH,,1,64,1,-94,1,40,19,1,1,20,361,-39,-40,-38,0,1
848,168,SLT,,1,1,1,-94,1,40,19,1,1,20,361,-39,-40,-38,0,1
849,169,LH,,1,1,1,-94,1,40,19,1,-18,20,361,-39,-40,-38,0,1
850,170,SH,mem[16] = 1,1,1,1,-94,1,40,19,1,-18,20,361,-39,-40,-38,0,1
851,171,SH,mem[9] = 1,1,1,1,-94,1,40,19,1,-18,20,361,-39,-40,-38,0,1
852,172,ADD,,1,1,1,-94,1,40,19,1,-18,2,361,-39,-40,-38,0,1
853,173,SH,mem[12] = 0,1,1,1,-94,1,40,19,1,-18,2,361,-39,-40,-38,0,1
854,174,LH,,1,1,1,-94,1,40,19,1,-18,2,-92,-39,-40,-38,0,1
855,175,ADD,,1,1,1,-94,1,-131,19,1,-18,2,-92,-39,-40,-38,0,1
856,176,SLT,,1,1,1,-94,1,-131,19,1,-18,2,-92,1,-40,-38,0,1
857,177,SH,mem[16] = -92,1,1,1,-94,1,-131,19,1,-18,2,-92,1,-40,-38,0,1
858,178,SH,mem[4] = 1,1,1,1,-94,1,-131,19,1,-18,2,-92,1,-40,-38,0,1
859,179,SLT,,1,1,1,-94,1,-131,19,1,-18,2,-92,1,-40,-38,0,1
860,180,BEQ,,1,1,1,-94,1,-131,19,1,-18,2,-92,1,-40,-38,0,1
861,181,J,,1,1,1,-94,1,-131,19,1,-18,2,-92,1,-40,-38,0,1
862,188,LH,,1,1,361,-94,1,-131,19,1,-18,2,-92,1,-40,-38,0,1
863,189,SH,mem[25] = 361,1,1,361,-94,1,-131,19,1,-18,2,-92,1,-40,-38,0,1
864,190,ADD,,1,1,20,-94,1,-131,19,1,-18,2,-92,1,-40,-38,0,1
865,191,SH,mem[14] = -18,1,1,20,-94,1,-131,19,1,-18,2,-92,1,-40,-38,0,1
866,192,SLT,,1,1,20,-94,0,-131,19,1,-18,2,-92,1,-40,-38,0,1
867,193,LH,,-92,1,20,-94,0,-131,19,1,-18,2,-92,1,-40,-38,0,1
868,194,ADD,,-130,1,20,-94,0,-131,19,1,-18,2,-92,1,-40,-38,0,1
869,195,SLT,,-130,1,20,-94,0,-131,19,1,-18,2,-92,1,-40,-38,0,1
870,196,SH,mem[16] = 1,-130,1,20,-94,0,-131,19,1,-18,2,-92,1,-40,-38,0,1
871,197,SH,mem[16] = 20,-130,1,20,-94,0,-131,19,1,-18,2,-92,1,-40,-38,0,1
872,198,BEQ,,-130,1,20,-94,0,-131,19,1,-18,2,-92,1,-40,-38,0,1
873,199,SH,mem[13] = -131,-130,1,20,-94,0,-131,19,1,-18,2,-92,1,-40,-38,0,1
874,200,LH,,-130,1,20,-94,0,-131,19,1,-18,2,0,1,-40,-38,0,1
875,201,ADD,,-130,1,20,-94,0,-131,19,-168,-18,2,0,1,-40,-38,0,1
876,202,BEQ,,-130,1,20,-94,0,-131,19,-168,-18,2,0,1,-40,-38,0,1
877,210,LH,,-130,1,20,-94,0,-131,19,20,-18,2,0,1,-40,-38,0,1
878,211,SH,mem[22] = 2,-130,1,20,-94,0,-131,19,20,-18,2,0,1,-40,-38,0,1
879,212,SH,mem[8] = 2,-130,1,20,-94,0,-131,19,20,-18,2,0,1,-40,-38,0,1
880,213,SUB,,-130,1,20,-94,0,-20,19,20,-18,2,0,1,-40,-38,0,1
881,214,SH,mem[34] = 20,-130,1,20,-94,0,-20,19,20,-18,2,0,1,-40,-38,0,1
882,215,SH,mem[31] = 1,-130,1,20,-94,0,-20,19,20,-18,2,0,1,-40,-38,0,1
883,216,LH,,-130,-131,20,-94,0,-20,19,20,-18,2,0,1,-40,-38,0,1
884,217,SH,mem[28] = 0,-130,-131,20,-94,0,-20,19,20,-18,2,0,1,-40,-38,0,1
885,218,LH,,-130,-131,20,-94,0,-20,19,20,-18,1,0,1,-40,-38,0,1
886,219,LH,,-130,-131,20,-94,0,-20,19,20,-18,1,0,21,-40,-38,0,1
887,220,SH,mem[4] = 1,-130,-131,20,-94,0,-20,19,20,-18,1,0,21,-40,-38,0,1
888,221,SUB,,-130,-131,20,-20,0,-20,19,20,-18,1,0,21,-40,-38,0,1
889,222,SH,mem[2] = -131,-130,-131,20,-20,0,-20,19,20,-18,1,0,21,-40,-38,0,1
890,223,MUL,,-130,-131,20,-20,0,-20,19,20,-18,1,0,21,-40,-38,20,1
891,224,LH,,-1,-131,20,-20,0,-20,19,20,-18,1,0,21,-40,-38,20,1
892,225,MUL,,-1,-131,20,-20,1,-20,19,20,-18,1,0,21,-40,-38,20,1
893,226,LH,,-1,-131,-3944,-20,1,-20,19,20,-18,1,0,21,-40,-38,20,1
894,227,SUB,,-1,-131,-3944,-20,-40,-20,19,20,-18,1,0,21,-40,-38,20,1
895,228,MUL,,-1,-131,-3944,-20,-40,400,19,20,-18,1,0,21,-40,-38,20,1
896,229,LH,,-1,-131,-3944,-20,-40,400,19,20,-18,1,0,21,-40,759,20,1
897,230,LH,,-1,-131,-3944,-20,-40,2,19,20,-18,1,0,21,-40,759,20,1
898,231,LH,,-1,-131,-3944,-20,-40,2,19,20,-18,1,0,21,-40,759,20,1
899,232,SH,mem[24] = 0,-1,-131,-3944,-20,-40,2,19,20,-18,1,0,21,-40,759,20,1
900,233,LH,,97,-131,-3944,-20,-40,2,19,20,-18,1,0,21,-40,759,20,1
901,234,SH,mem[16] = -131,97,-131,-3944,-20,-40,2,19,20,-18,1,0,21,-40,759,20,1
902,235,MUL,,97,-131,-3944,-20,-40,2,19,20,-18,1,0,21,-18,759,20,1
903,236,SH,mem[5] = 1,97,-131,-3944,-20,-40,2,19,20,-18,1,0,21,-18,759,20,1
904,237,SUB,,97,-131,-3944,739,-40,2,19,20,-18,1,0,21,-18,759,20,1
905,238,SH,mem[0] = 19,97,-131,-3944,739,-40,2,19,20,-18,1,0,21,-18,759,20,1
906,239,SUB,,97,-131,-3944,739,-40,2,19,20,-18,1,0,61,-18,759,20,1
907,240,SH,mem[6] = 0,97,-131,-3944,739,-40,2,19,20,-18,1,0,61,-18,759,20,1
908,241,SH,mem[16] = -131,97,-131,-3944,739,-40,2,19,20,-18,1,0,61,-18,759,20,1
909,242,SLT,,97,-131,-3944,739,-40,1,19,20,-18,1,0,61,-18,759,20,1
910,243,SUB,,97,-131,-3944,739,-40,1,19,20,192,1,0,61,-18,759,20,1
911,244,SH,mem[70] = 0,97,-131,-3944,739,-40,1,19,20,192,1,0,61,-18,759,20,1
912,245,LH,,97,-131,-3944,739,-40,1,19,20,1,1,0,61,-18,759,20,1
913,246,SLT,,97,-131,1,739,-40,1,19,20,1,1,0,61,-18,759,20,1
914,247,SH,mem[16] = 1,97,-131,1,739,-40,1,19,20,1,1,0,61,-18,759,20,1
915,248,SH,mem[15] = -131,97,-131,1,739,-40,1,19,20,1,1,0,61,-18,759,20,1
916,249,SLT,,97,-131,1,739,-40,1,19,20,1,1,0,61,-18,0,20,1
917,250,SH,mem[16] = 97,97,-131,1,739,-40,1,19,20,1,1,0,61,-18,0,20,1
918,251,ADD,,97,-131,1,739,-40,1,19,20,1,1,0,61,-18,0,20,1
919,252,SLT,,97,-131,1,739,-40,1,19,0,1,1,0,61,-18,0,20,1
920,253,LH,,97,-131,1,739,-40,97,19,0,1,1,0,61,-18,0,20,1
921,254,SH,mem[16] = 0,97,-131,1,739,-40,97,19,0,1,1,0,61,-18,0,20,1
922,255,LH,,97,-131,1,739,-40,97,19,0,1,1,0,61,-18,0,20,1
923,256,MUL,,97,-131,-2620,739,-40,97,19,0,1,1,0,61,-18,0,20,1
924,257,BEQ,,97,-131,-2620,739,-40,97,19,0,1,1,0,61,-18,0,20,1
925,258,LH,,97,-131,-2620,739,-40,97,19,0,-131,1,0,61,-18,0,20,1
926,259,ADD,,97,-131,-2620,739,-40,97,19,0,-131,1,0,61,-18,0,1,1
927,260,SH,mem[734] = 19,97,-131,-2620,739,-40,97,19,0,-131,1,0,61,-18,0,1,1
928,261,ADD,,97,-131,-2620,739,-40,97,19,1,-131,1,0,61,-18,0,1,1
929,262,SH,mem[58] = 1,97,-131,-2620,739,-40,97,19,1,-131,1,0,61,-18,0,1,1
930,263,SUB,,97,-131,-2620,96,-40,97,19,1,-131,1,0,61,-18,0,1,1
931,264,SH,mem[14] = 0,97,-131,-2620,96,-40,97,19,1,-131,1,0,61,-18,0,1,1
932,265,LH,,97,-131,35,96,-40,97,19,1,-131,1,0,61,-18,0,1,1
933,266,ADD,,97,-131,35,96,-40,97,19,-40,-131,1,0,61,-18,0,1,1
934,267,SH,mem[88] = 1,97,-131,35,96,-40,97,19,-40,-131,1,0,61,-18,0,1,1
935,268,SUB,,97,-131,35,96,-40,97,19,-40,19,1,0,61,-18,0,1,1
936,269,SH,mem[26] = 61,97,-131,35,96,-40,97,19,-40,19,1,0,61,-18,0,1,1
937,270,ADD,,97,-131,35,96,-40,97,19,-40,96,1,0,61,-18,0,1,1
938,271,SH,mem[7] = 19,97,-131,35,96,-40,97,19,-40,96,1,0,61,-18,0,1,1
939,272,LH,,97,-131,35,96,-40,97,0,-40,96,1,0,61,-18,0,1,1
940,273,SUB,,97,-131,35,96,-40,97,0,-40,96,1,0,61,-18,96,1,1
941,274,ADD,,97,-131,35,96,-40,97,-5,-40,96,1,0,61,-18,96,1,1
942,275,LH,,97,-131,35,78,-40,97,-5,-40,96,1,0,61,-18,96,1,1
943,276,BEQ,,97,-131,35,78,-40,97,-5,-40,96,1,0,61,-18,96,1,1
944,277,SLT,,97,-131,35,78,-40,97,-5,-40,96,1,0,61,-18,96,1,1
945,278,BEQ,,97,-131,35,78,-40,97,-5,-40,96,1,0,61,-18,96,1,1
946,279,BEQ,,97,-131,35,78,-40,97,-5,-40,96,1,0,61,-18,96,1,1
947,280,SLT,,97,-131,35,78,-40,0,-5,-40,96,1,0,61,-18,96,1,1
948,281,SH,mem[92] = -40,97,-131,35,78,-40,0,-5,-40,96,1,0,61,-18,96,1,1
949,282,LH,,97,-131,35,78,-40,0,-5,-40,96,1,-18,61,-18,96,1,1
950,283,MUL,,97,-131,35,78,-40,0,-5,-40,96,1,-18,61,-18,96,1,61
951,284,LH,,97,-131,35,78,-40,-63,-5,-40,96,1,-18,61,-18,96,1,61
952,285,SH,mem[27] = 97,97,-131,35,78,-40,-63,-5,-40,96,1,-18,61,-18,96,1,61
953,286,SH,mem[91] = -131,97,-131,35,78,-40,-63,-5,-40,96,1,-18,61,-18,96,1,61
954,287,SLT,,97,0,35,78,-40,-63,-5,-40,96,1,-18,61,-18,96,1,61
955,288,SH,mem[75] = 78,97,0,35,78,-40,-63,-5,-40,96,1,-18,61,-18,96,1,61
956,289,BEQ,,97,0,35,78,-40,-63,-5,-40,96,1,-18,61,-18,96,1,61
957,290,SH,mem[82] = -5,97,0,35,78,-40,-63,-5,-40,96,1,-18,61,-18,96,1,61
958,291,MUL,,97,0,-630,78,-40,-63,-5,-40,96,1,-18,61,-18,96,1,61
959,292,ADD,,-18,0,-630,78,-40,-63,-5,-40,96,1,-18,61,-18,96,1,61
960,293,SH,mem[4] = -63,-18,0,-630,78,-40,-63,-5,-40,96,1,-18,61,-18,96,1,61
961,294,BEQ,,-18,0,-630,78,-40,-63,-5,-40,96,1,-18,61,-18,96,1,61
962,298,SLT,,-18,0,-630,78,-40,-63,-5,-40,96,1,-18,61,-18,96,1,1
963,299,SH,mem[10] = 96,-18,0,-630,78,-40,-63,-5,-40,96,1,-18,61,-18,96,1,1
964,300,SUB,,-18,0,-630,78,-40,-63,35,-40,96,1,-18,61,-18,96,1,1
965,301,LH,,-18,0,-630,78,-40,-63,35,64,96,1,-18,61,-18,96,1,1
966,302,SH,mem[78] = -630,-18,0,-630,78,-40,-63,35,64,96,1,-18,61,-18,96,1,1
967,303,LH,,-18,-74,-630,78,-40,-63,35,64,96,1,-18,61,-18,96,1,1
968,304,SUB,,-18,-74,-630,78,-40,-63,35,64,96,1,-18,61,118,96,1,1
969,305,SH,mem[90] = -630,-18,-74,-630,78,-40,-63,35,64,96,1,-18,61,118,96,1,1
970,306,SLT,,-18,-74,-630,78,0,-63,35,64,96,1,-18,61,118,96,1,1
971,307,LH,,-18,-74,-630,78,0,-63,35,64,96,1,-18,61,118,96,9,1
972,308,ADD,,-18,-74,-630,1,0,-63,35,64,96,1,-18,61,118,96,9,1
973,309,SH,mem[24] = 35,-18,-74,-630,1,0,-63,35,64,96,1,-18,61,118,96,9,1
974,310,ADD,,-18,-74,-630,78,0,-63,35,64,96,1,-18,61,118,96,9,1
975,311,SH,mem[78] = -74,-18,-74,-630,78,0,-63,35,64,96,1,-18,61,118,96,9,1
976,312,MUL,,-18,-74,-630,78,0,-63,35,64,96,1,-18,-1404,118,96,9,1
977,313,MUL,,-18,-74,-630,78,0,-63,35,64,96,1,-18,118,118,96,9,1
978,314,SUB,,-18,-74,-630,78,0,-63,35,64,96,1,-18,118,118,96,9,61
979,315,BEQ,,-18,-74,-630,78,0,-63,35,64,96,1,-18,118,118,96,9,61
980,316,SH,mem[87] = 35,-18,-74,-630,78,0,-63,35,64,96,1,-18,118,118,96,9,61
981,317,LH,,-18,-74,-630,78,0,-63,35,64,96,1,-18,118,118,96,0,61
982,318,ADD,,-18,-74,-630,78,0,-63,35,64,96,1,-18,118,78,96,0,61
983,319,SUB,,-18,-74,-630,78,0,-63,35,64,96,1,-18,118,78,96,0,96
984,320,BEQ,,-18,-74,-630,78,0,-63,35,64,96,1,-18,118,78,96,0,96
985,321,SLT,,-18,-74,-630,78,0,-63,35,64,96,1,-18,118,78,96,0,1
986,322,ADD,,-18,-74,-630,78,0,-63,35,64,96,1,-18,118,78,-566,0,1
987,323,MUL,,-18,-74,-630,78,0,-63,35,64,96,1,-18,7552,78,-566,0,1
988,324,SLT,,-18,0,-630,78,0,-63,35,64,96,1,-18,7552,78,-566,0,1
989,325,SH,mem[15] = 0,-18,0,-630,78,0,-63,35,64,96,1,-18,7552,78,-566,0,1
990,326,SUB,,-18,78,-630,78,0,-63,35,64,96,1,-18,7552,78,-566,0,1
991,327,BEQ,,-18,78,-630,78,0,-63,35,64,96,1,-18,7552,78,-566,0,1
992,328,SH,mem[58] = -63,-18,78,-630,78,0,-63,35,64,96,1,-18,7552,78,-566,0,1
993,329,SH,mem[62] = 7552,-18,78,-630,78,0,-63,35,64,96,1,-18,7552,78,-566,0,1
994,330,MUL,,-18,78,-630,78,0,6084,35,64,96,1,-18,7552,78,-566,0,1
995,331,SH,mem[8] = 78,-18,78,-630,78,0,6084,35,64,96,1,-18,7552,78,-566,0,1
996,332,LH,,-18,78,-630,78,0,6084,35,64,96,1,-18,7552,78,-566,-5,1
997,333,LH,,-18,78,-630,78,0,6084,35,64,96,1,-18,7552,78,-566,1,1
998,334,SUB,,-18,78,-630,78,0,6084,35,64,96,1,-18,7552,78,18,1,1
999,335,BEQ,,-18,78,-630,78,0,6084,35,64,96,1,-18,7552,78,18,1,1
1000,348,ADD,,-18,78,-630,78,0,6084,35,64,96,1,-18,2,78,18,1,1
1001,349,ADD,,-18,-1260,-630,78,0,6084,35,64,96,1,-18,2,78,18,1,1
1002,350,ADD,,-18,-1260,-630,98,0,6084,35,64,96,1,-18,2,78,18,1,1
1003,351,SH,mem[23] = 98,-18,-1260,-630,98,0,6084,35,64,96,1,-18,2,78,18,1,1
1004,352,BEQ,,-18,-1260,-630,98,0,6084,35,64,96,1,-18,2,78,18,1,1
1005,353,LH,,-18,-1260,-630,98,0,6084,35,64,96,1,67,2,78,18,1,1
1006,354,MUL,,-18,-1260,-630,98,-18,6084,35,64,96,1,67,2,78,18,1,1
1007,355,MUL,,-18,-1260,-630,98,-18,6084,1206,64,96,1,67,2,78,18,1,1
1008,356,SH,mem[60] = 6084,-18,-1260,-630,98,-18,6084,1206,64,96,1,67,2,78,18,1,1
1009,357,SH,mem[1199] = -1260,-18,-1260,-630,98,-18,6084,1206,64,96,1,67,2,78,18,1,1
1010,358,SUB,,-18,-1260,-630,98,-18,0,1206,64,96,1,67,2,78,18,1,1
1011,359,MUL,,-18,-1260,-630,98,-18,0,1206,64,96,1,67,-324,78,18,1,1
1012,360,LH,,-18,-1260,-630,98,-18,0,1206,64,96,1,67,-324,78,18,1,0
1013,361,SH,mem[16] = 18,-18,-1260,-630,98,-18,0,1206,64,96,1,67,-324,78,18,1,0
1014,362,MUL,,-18,-1260,-26096,98,-18,0,1206,64,96,1,67,-324,78,18,1,0
1015,363,BEQ,,-18,-1260,-26096,98,-18,0,1206,64,96,1,67,-324,78,18,1,0
1016,364,LH,,-18,35,-26096,98,-18,0,1206,64,96,1,67,-324,78,18,1,0
1017,365,LH,,-18,35,-26096,98,-18,47,1206,64,96,1,67,-324,78,18,1,0
1018,366,SH,mem[16] = -18,-18,35,-26096,98,-18,47,1206,64,96,1,67,-324,78,18,1,0
1019,367,SH,mem[15] = 1206,-18,35,-26096,98,-18,47,1206,64,96,1,67,-324,78,18,1,0
1020,368,SH,mem[16] = 0,-18,35,-26096,98,-18,47,1206,64,96,1,67,-324,78,18,1,0
1021,369,LH,,-71,35,-26096,98,-18,47,1206,64,96,1,67,-324,78,18,1,0
1022,370,SUB,,-71,35,-26096,98,-18,47,1206,64,96,1,0,-324,78,18,1,0
1023,371,BEQ,,-71,35,-26096,98,-18,47,1206,64,96,1,0,-324,78,18,1,0
1024,372,SH,mem[14] = -324,-71,35,-26096,98,-18,47,1206,64,96,1,0,-324,78,18,1,0
1025,373,LH,,-71,35,97,98,-18,47,1206,64,96,1,0,-324,78,18,1,0
1026,374,ADD,,-71,35,1302,98,-18,47,1206,64,96,1,0,-324,78,18,1,0
1027,375,LH,,-71,35,1302,98,-18,47,1206,64,96,1,0,-324,78,18,1,-5
1028,376,SH,mem[62] = -5,-71,35,1302,98,-18,47,1206,64,96,1,0,-324,78,18,1,-5
1029,377,SH,mem[27] = 98,-71,35,1302,98,-18,47,1206,64,96,1,0,-324,78,18,1,-5
1030,378,ADD,,-71,35,1302,98,-18,47,1206,64,96,1,176,-324,78,18,1,-5
1031,379,SLT,,-71,35,1302,98,-18,47,0,64,96,1,176,-324,78,18,1,-5
1032,380,SH,mem[16] = 98,-71,35,1302,98,-18,47,0,64,96,1,176,-324,78,18,1,-5
1033,381,SLT,,1,35,1302,98,-18,47,0,64,96,1,176,-324,78,18,1,-5
1034,382,SUB,,1,35,1302,98,-18,47,0,64,96,1,176,-324,78,18,1,0
1035,383,SUB,,1,35,1302,98,-18,47,0,64,96,1,176,-1284,78,18,1,0
1036,384,BEQ,,1,35,1302,98,-18,47,0,64,96,1,176,-1284,78,18,1,0
1037,385,SH,mem[83] = 78,1,35,1302,98,-18,47,0,64,96,1,176,-1284,78,18,1,0
1038,386,LH,,1,35,1302,98,-18,47,0,64,96,1,176,-1284,78,19,1,0
1039,387,BEQ,,1,35,1302,98,-18,47,0,64,96,1,176,-1284,78,19,1,0
1040,388,ADD,,1,1,1302,98,-18,47,0,64,96,1,176,-1284,78,19,1,0
1041,389,SH,mem[72] = 176,1,1,1302,98,-18,47,0,64,96,1,176,-1284,78,19,1,0
1042,390,LH,,1,1,1302,98,-18,47,0,64,96,1,176,-1284,78,19,1,-39
1043,391,ADD,,1,1,1302,98,-18,47,0,64,96,1,176,-1284,78,128,1,-39
1044,392,SH,mem[5] = -18,1,1,1302,98,-18,47,0,64,96,1,176,-1284,78,128,1,-39
1045,393,LH,,1,1,1302,98,-18,47,0,64,53,1,176,-1284,78,128,1,-39
1046,394,LH,,1,1,1302,98,-18,47,0,64,53,1,176,-1284,1,128,1,-39
1047,395,SH,mem[14] = 1,1,1,1302,98,-18,47,0,64,53,1,176,-1284,1,128,1,-39
1048,396,SH,mem[1304] = 1,1,1,1302,98,-18,47,0,64,53,1,176,-1284,1,128,1,-39
1049,397,LH,,1,1,1302,98,-18,47,0,64,53,1,176,-78,1,128,1,-39
1050,398,SH,mem[62] = 0,1,1,1302,98,-18,47,0,64,53,1,176,-78,1,128,1,-39
1051,399,MUL,,1,1,1302,98,-18,47,0,64,11264,1,176,-78,1,128,1,-39
1052,400,LH,,98,1,1302,98,-18,47,0,64,11264,1,176,-78,1,128,1,-39
1053,401,SLT,,98,1,1302,98,-18,47,0,64,11264,1,176,-78,1,1,1,-39
1054,402,SH,mem[16] = 98,98,1,1302,98,-18,47,0,64,11264,1,176,-78,1,1,1,-39
1055,403,SH,mem[12] = 1,98,1,1302,98,-18,47,0,64,11264,1,176,-78,1,1,1,-39
1056,404,BEQ,,98,1,1302,98,-18,47,0,64,11264,1,176,-78,1,1,1,-39
1057,405,LH,,98,1,1302,98,-18,47,0,64,11264,1,176,-78,1,1,1,-21
1058,406,BEQ,,98,1,1302,98,-18,47,0,64,11264,1,176,-78,1,1,1,-21
1059,407,SUB,,98,1,1302,98,-18,47,0,64,11264,1,176,-78,1,1,1,-1
1060,408,LH,,98,96,1302,98,-18,47,0,64,11264,1,176,-78,1,1,1,-1
1061,409,LH,,98,96,1302,98,-18,47,0,64,1206,1,176,-78,1,1,1,-1
1062,410,SH,mem[165] = 1,98,96,1302,98,-18,47,0,64,1206,1,176,-78,1,1,1,-1
1063,411,SH,mem[97] = 1,98,96,1302,98,-18,47,0,64,1206,1,176,-78,1,1,1,-1
1064,412,SH,mem[94] = 96,98,96,1302,98,-18,47,0,64,1206,1,176,-78,1,1,1,-1
1065,413,ADD,,98,96,1302,98,-18,47,0,64,1206,1,176,-31,1,1,1,-1
1066,414,SUB,,98,96,1302,98,-18,47,0,64,1206,1,176,1205,1,1,1,-1
1067,415,SUB,,98,1207,1302,98,-18,47,0,64,1206,1,176,1205,1,1,1,-1
1068,416,BEQ,,98,1207,1302,98,-18,47,0,64,1206,1,176,1205,1,1,1,-1
1069,417,LH,,98,60,1302,98,-18,47,0,64,1206,1,176,1205,1,1,1,-1
1070,418,SLT,,98,60,1302,98,-18,47,0,64,1206,1,176,1205,1,1,1,-1
1071,419,MUL,,98,60,1302,47,-18,47,0,64,1206,1,176,1205,1,1,1,-1
1072,420,BEQ,,98,60,1302,47,-18,47,0,64,1206,1,176,1205,1,1,1,-1
1073,421,SLT,,98,60,1302,47,-18,47,0,64,1206,1,176,1205,1,1,1,0
1074,422,SH,mem[53] = 64,98,60,1302,47,-18,47,0,64,1206,1,176,1205,1,1,1,0
1075,423,LH,,98,60,1206,47,-18,47,0,64,1206,1,176,1205,1,1,1,0
1076,424,SUB,,-1205,60,1206,47,-18,47,0,64,1206,1,176,1205,1,1,1,0
1077,425,SUB,,-1205,60,-1205,47,-18,47,0,64,1206,1,176,1205,1,1,1,0
1078,426,LH,,30,60,-1205,47,-18,47,0,64,1206,1,176,1205,1,1,1,0
1079,427,LH,,30,60,-1205,47,-18,47,0,64,1206,1,-28,1205,1,1,1,0
1080,428,ADD,,30,60,-1205,47,-18,47,1206,64,1206,1,-28,1205,1,1,1,0
1081,429,BEQ,,30,60,-1205,47,-18,47,1206,64,1206,1,-28,1205,1,1,1,0
1082,430,ADD,,31,60,-1205,47,-18,47,1206,64,1206,1,-28,1205,1,1,1,0
1083,431,SUB,,31,60,-1205,47,-18,47,1206,0,1206,1,-28,1205,1,1,1,0
1084,432,LH,,31,60,-1205,47,-18,47,1206,0,1206,1206,-28,1205,1,1,1,0
1085,433,SH,mem[15] = 47,31,60,-1205,47,-18,47,1206,0,1206,1206,-28,1205,1,1,1,0
1086,434,SH,mem[16] = 47,31,60,-1205,47,-18,47,1206,0,1206,1206,-28,1205,1,1,1,0
1087,435,ADD,,31,0,-1205,47,-18,47,1206,0,1206,1206,-28,1205,1,1,1,0
1088,436,SH,mem[15] = -28,31,0,-1205,47,-18,47,1206,0,1206,1206,-28,1205,1,1,1,0
1089,437,SH,mem[1207] = 1,31,0,-1205,47,-18,47,1206,0,1206,1206,-28,1205,1,1,1,0
1090,438,LH,,31,0,-1205,47,-18,47,1206,0,-22,1206,-28,1205,1,1,1,0
1091,439,LH,,31,0,-1205,47,-18,47,1206,0,-22,1206,-28,1205,1,-486,1,0
1092,440,SLT,,1,0,-1205,47,-18,47,1206,0,-22,1206,-28,1205,1,-486,1,0
1093,441,ADD,,-1158,0,-1205,47,-18,47,1206,0,-22,1206,-28,1205,1,-486,1,0
1094,442,SH,mem[1198] = 1,-1158,0,-1205,47,-18,47,1206,0,-22,1206,-28,1205,1,-486,1,0
1095,443,ADD,,-1158,0,-1205,47,-18,47,1206,0,-22,1206,-28,1205,1,1177,1,0
1096,444,SH,mem[15] = 0,-1158,0,-1205,47,-18,47,1206,0,-22,1206,-28,1205,1,1177,1,0
1097,445,SH,mem[35] = -1205,-1158,0,-1205,47,-18,47,1206,0,-22,1206,-28,1205,1,1177,1,0
1098,446,LH,,-1158,0,-1205,47,-18,47,1206,0,1,1206,-28,1205,1,1177,1,0
1099,447,SLT,,-1158,0,-1205,47,-18,47,1206,1,1,1206,-28,1205,1,1177,1,0
1100,448,SUB,,46,0,-1205,47,-18,47,1206,1,1,1206,-28,1205,1,1177,1,0
1101,449,SUB,,46,0,-1205,29,-18,47,1206,1,1,1206,-28,1205,1,1177,1,0
1102,450,SH,mem[31] = 1206,46,0,-1205,29,-18,47,1206,1,1,1206,-28,1205,1,1177,1,0
1103,451,MUL,,46,0,-1205,29,-18,47,1206,1,1,0,-28,1205,1,1177,1,0
1104,452,SH,mem[15] = 47,46,0,-1205,29,-18,47,1206,1,1,0,-28,1205,1,1177,1,0
1105,453,SH,mem[44] = 1,46,0,-1205,29,-18,47,1206,1,1,0,-28,1205,1,1177,1,0
1106,454,SUB,,46,0,-1205,29,-18,47,1206,1,1,0,-28,1205,1,1177,1,-1206
1107,455,LH,,46,0,-1205,29,-18,47,1206,1,1,0,-28,361,1,1177,1,-1206
1108,456,SLT,,46,0,-1205,29,-18,47,1206,0,1,0,-28,361,1,1177,1,-1206
1109,457,LH,,46,0,-1205,29,-18,47,1206,1,1,0,-28,361,1,1177,1,-1206
1110,458,ADD,,46,0,390,29,-18,47,1206,1,1,0,-28,361,1,1177,1,-1206
1111,459,ADD,,408,0,390,29,-18,47,1206,1,1,0,-28,361,1,1177,1,-1206
1112,460,ADD,,408,0,390,29,-18,47,1206,1,1,0,-28,361,1,1177,1,1
1113,461,SLT,,408,0,390,29,-18,47,1206,1,1,0,-28,361,1,1177,1,1
1114,462,SUB,,408,0,390,29,-1205,47,1206,1,1,0,-28,361,1,1177,1,1
1115,463,BEQ,,408,0,390,29,-1205,47,1206,1,1,0,-28,361,1,1177,1,1
1116,464,SH,mem[16] = 408,408,0,390,29,-1205,47,1206,1,1,0,-28,361,1,1177,1,1
1117,465,SH,mem[15] = -1205,408,0,390,29,-1205,47,1206,1,1,0,-28,361,1,1177,1,1
1118,466,MUL,,408,390,390,29,-1205,47,1206,1,1,0,-28,361,1,1177,1,1
1119,467,SLT,,408,390,390,29,0,47,1206,1,1,0,-28,361,1,1177,1,1
1120,468,SH,mem[15] = -28,408,390,390,29,0,47,1206,1,1,0,-28,361,1,1177,1,1
1121,469,LH,,408,390,390,29,0,47,1206,1,1,0,-28,361,1,1177,1,5
1122,470,MUL,,408,390,390,29,0,47,1206,1,1,0,-28,361,1,0,1,5
1123,471,LH,,408,390,390,29,0,47,1206,-1205,1,0,-28,361,1,0,1,5
1124,472,SLT,,408,390,390,0,0,47,1206,-1205,1,0,-28,361,1,0,1,5
1125,473,SH,mem[15] = 390,408,390,390,0,0,47,1206,-1205,1,0,-28,361,1,0,1,5
1126,474,SUB,,408,390,390,0,0,47,1206,-1205,1,0,-28,-1201,1,0,1,5
1127,475,SH,mem[38] = 1206,408,390,390,0,0,47,1206,-1205,1,0,-28,-1201,1,0,1,5
1128,476,LH,,408,390,390,0,0,47,1206,-1205,408,0,-28,-1201,1,0,1,5
1129,477,MUL,,408,390,18330,0,0,47,1206,-1205,408,0,-28,-1201,1,0,1,5
1130,478,SLT,,408,390,18330,0,0,47,1206,-1205,408,0,-28,-1201,0,0,1,5
1131,479,SH,mem[16] = 0,408,390,18330,0,0,47,1206,-1205,408,0,-28,-1201,0,0,1,5
1132,480,SH,mem[7] = 5,408,390,18330,0,0,47,1206,-1205,408,0,-28,-1201,0,0,1,5
1133,481,LH,,408,390,18330,78,0,47,1206,-1205,408,0,-28,-1201,0,0,1,5
1134,482,SH,mem[15] = 5,408,390,18330,78,0,47,1206,-1205,408,0,-28,-1201,0,0,1,5
1135,483,LH,,408,390,1,78,0,47,1206,-1205,408,0,-28,-1201,0,0,1,5
1136,484,LH,,408,390,1,78,5,47,1206,-1205,408,0,-28,-1201,0,0,1,5
1137,485,SH,mem[11] = 0,408,390,1,78,5,47,1206,-1205,408,0,-28,-1201,0,0,1,5
1138,486,SLT,,408,390,1,1,5,47,1206,-1205,408,0,-28,-1201,0,0,1,5
1139,487,SH,mem[16] = 1,408,390,1,1,5,47,1206,-1205,408,0,-28,-1201,0,0,1,5
1140,488,LH,,408,390,1,1,5,47,1206,52,408,0,-28,-1201,0,0,1,5
1141,489,LH,,96,390,1,1,5,47,1206,52,408,0,-28,-1201,0,0,1,5
1142,490,ADD,,1206,390,1,1,5,47,1206,52,408,0,-28,-1201,0,0,1,5
1143,491,SH,mem[12] = 408,1206,390,1,1,5,47,1206,52,408,0,-28,-1201,0,0,1,5
1144,492,ADD,,1206,390,1,1,5,47,1207,52,408,0,-28,-1201,0,0,1,5
1145,493,SH,mem[15] = 1,1206,390,1,1,5,47,1207,52,408,0,-28,-1201,0,0,1,5
1146,494,SH,mem[1195] = 5,1206,390,1,1,5,47,1207,52,408,0,-28,-1201,0,0,1,5
1147,495,SH,mem[2] = 0,1206,390,1,1,5,47,1207,52,408,0,-28,-1201,0,0,1,5
1148,496,SH,mem[55] = 0,1206,390,1,1,5,47,1207,52,408,0,-28,-1201,0,0,1,5
1149,497,LH,,3914,390,1,1,5,47,1207,52,408,0,-28,-1201,0,0,1,5
1150,498,ADD,,3914,390,1,1,5,47,1207,52,408,0,-28,-1201,0,-27,1,5
1151,499,SH,mem[2] = 5,3914,390,1,1,5,47,1207,52,408,0,-28,-1201,0,-27,1,5
1152,500,LH,,3914,390,1,1,5,47,1207,52,408,-61,-28,-1201,0,-27,1,5
1153,501,LH,,3914,390,1,1,5,47,1207,52,2,-61,-28,-1201,0,-27,1,5
1154,502,SLT,,3914,390,1,1,5,47,0,52,2,-61,-28,-1201,0,-27,1,5
1155,503,LH,,3914,390,1,1,5,47,0,52,2,-61,-28,-1201,0,-27,1,1
1156,504,LH,,3914,390,1,1,5,47,0,52,2,-61,-28,-1201,0,-27,1,1
1157,505,LH,,-131,390,1,1,5,47,0,52,2,-61,-28,-1201,0,-27,1,1
1158,506,SH,mem[16] = -61,-131,390,1,1,5,47,0,52,2,-61,-28,-1201,0,-27,1,1
1159,507,ADD,,-131,390,1,1,5,47,0,52,2,-61,-28,-1201,0,-27,3,1
1160,508,SH,mem[6] = 1,-131,390,1,1,5,47,0,52,2,-61,-28,-1201,0,-27,3,1
1161,509,SH,mem[51] = 0,-131,390,1,1,5,47,0,52,2,-61,-28,-1201,0,-27,3,1
1162,510,SH,mem[16] = 47,-131,390,1,1,5,47,0,52,2,-61,-28,-1201,0,-27,3,1
1163,511,SUB,,-131,390,1,1,5,47,0,52,2,-32,-28,-1201,0,-27,3,1
1164,512,ADD,,-131,-54,1,1,5,47,0,52,2,-32,-28,-1201,0,-27,3,1
1165,513,MUL,,-131,-54,1,1,5,47,0,52,-84,-32,-28,-1201,0,-27,3,1
1166,514,SH,mem[12] = -1201,-131,-54,1,1,5,47,0,52,-84,-32,-28,-1201,0,-27,3,1
1167,515,LH,,-131,-54,1,1,5,47,0,52,-84,2,-28,-1201,0,-27,3,1
1168,516,ADD,,-131,-54,1,1,5,47,0,52,20,2,-28,-1201,0,-27,3,1
1169,517,SH,mem[15] = 5,-131,-54,1,1,5,47,0,52,20,2,-28,-1201,0,-27,3,1
1170,518,MUL,,-2402,-54,1,1,5,47,0,52,20,2,-28,-1201,0,-27,3,1
1171,519,LH,,-2402,1,1,1,5,47,0,52,20,2,-28,-1201,0,-27,3,1
1172,520,LH,,-2402,1,1,1,5,47,0,52,20,2,96,-1201,0,-27,3,1
1173,521,LH,,-2402,1,1,1,5,47,0,52,20,2,96,-1201,0,47,3,1
1174,522,SH,mem[3] = -1201,-2402,1,1,1,5,47,0,52,20,2,96,-1201,0,47,3,1
1175,523,ADD,,-2402,1,1,1,5,47,3,52,20,2,96,-1201,0,47,3,1
1176,524,SUB,,-2402,1,1,1,5,47,-46,52,20,2,96,-1201,0,47,3,1
1177,525,SH,mem[63] = 20,-2402,1,1,1,5,47,-46,52,20,2,96,-1201,0,47,3,1
1178,526,BEQ,,-2402,1,1,1,5,47,-46,52,20,2,96,-1201,0,47,3,1
1179,542,SUB,,-2402,1,1,1,5,47,-46,52,20,2,96,-1201,0,47,3,47
1180,543,BEQ,,-2402,1,1,1,5,47,-46,52,20,2,96,-1201,0,47,3,47
1181,555,SUB,,-2402,1,1,1,5,47,-46,52,20,-2449,96,-1201,0,47,3,47
1182,556,LH,,-2402,1,1,1,49,47,-46,52,20,-2449,96,-1201,0,47,3,47
1183,557,MUL,,-2402,9089,1,1,49,47,-46,52,20,-2449,96,-1201,0,47,3,47
1184,558,SH,mem[15] = 1,-2402,9089,1,1,49,47,-46,52,20,-2449,96,-1201,0,47,3,47
1185,559,BEQ,,-2402,9089,1,1,49,47,-46,52,20,-2449,96,-1201,0,47,3,47
1186,560,LH,,-2402,9089,1,5,49,47,-46,52,20,-2449,96,-1201,0,47,3,47
1187,561,LH,,-2402,9089,1,5,49,47,-46,-630,20,-2449,96,-1201,0,47,3,47
1188,562,SH,mem[10] = 5,-2402,9089,1,5,49,47,-46,-630,20,-2449,96,-1201,0,47,3,47
1189,563,SH,mem[16] = -46,-2402,9089,1,5,49,47,-46,-630,20,-2449,96,-1201,0,47,3,47
1190,564,MUL,,-2402,9089,1,5,49,47,-46,-630,20,2209,96,-1201,0,47,3,47
1191,565,SUB,,-2402,9089,1,5,49,-1204,-46,-630,20,2209,96,-1201,0,47,3,47
1192,566,BEQ,,-2402,9089,1,5,49,-1204,-46,-630,20,2209,96,-1201,0,47,3,47
1193,567,SUB,,-2402,9089,-44,5,49,-1204,-46,-630,20,2209,96,-1201,0,47,3,47
1194,568,SUB,,-2402,9089,-44,5,49,-1204,-46,-630,20,2209,96,-1201,0,47,3,8993
1195,569,BEQ,,-2402,9089,-44,5,49,-1204,-46,-630,20,2209,96,-1201,0,47,3,8993
1196,570,SH,mem[11] = 3,-2402,9089,-44,5,49,-1204,-46,-630,20,2209,96,-1201,0,47,3,8993
1197,571,SH,mem[15] = 8993,-2402,9089,-44,5,49,-1204,-46,-630,20,2209,96,-1201,0,47,3,8993
1198,572,LH,,-2402,9089,-44,5,49,-1204,-46,-630,20,2209,96,-1201,0,47,3,-46
1199,573,LH,,-2402,9089,-44,5,49,-1204,-46,-630,20,2209,96,-1201,0,47,5,-46
1200,574,SH,mem[2194] = -46,-2402,9089,-44,5,49,-1204,-46,-630,20,2209,96,-1201,0,47,5,-46
1201,575,SH,mem[20] = -2402,-2402,9089,-44,5,49,-1204,-46,-630,20,2209,96,-1201,0,47,5,-46
1202,576,LH,,-2402,9089,-44,5,49,-1204,-46,-630,20,2209,96,-1201,-2402,47,5,-46
1203,577,SH,mem[20] = -46,-2402,9089,-44,5,49,-1204,-46,-630,20,2209,96,-1201,-2402,47,5,-46
1204,578,LH,,-2402,9089,-44,5,49,-1204,-46,-630,20,2209,96,-1201,-2402,47,-46,-46
1205,579,LH,,-2402,9089,-44,5,49,-1204,-46,-630,20,2209,96,-1201,-46,47,-46,-46
1206,580,ADD,,-2402,9089,-44,5,49,-1204,-46,-630,20,2209,96,-1201,-46,47,-1154,-46
1207,581,SH,mem[20] = 96,-2402,9089,-44,5,49,-1204,-46,-630,20,2209,96,-1201,-46,47,-1154,-46
1208,582,BEQ,,-2402,9089,-44,5,49,-1204,-46,-630,20,2209,96,-1201,-46,47,-1154,-46
1209,583,MUL,,-2402,9089,-44,5,49,-1204,-46,-630,20,2209,96,-1201,-46,28980,-1154,-46
1210,584,SH,mem[20] = -46,-2402,9089,-44,5,49,-1204,-46,-630,20,2209,96,-1201,-46,28980,-1154,-46
1211,585,SH,mem[59] = -46,-2402,9089,-44,5,49,-1204,-46,-630,20,2209,96,-1201,-46,28980,-1154,-46
1212,586,SLT,,-2402,9089,-44,5,49,0,-46,-630,20,2209,96,-1201,-46,28980,-1154,-46
1213,587,MUL,,-2402,9089,-44,5,49,0,-46,0,20,2209,96,-1201,-46,28980,-1154,-46
1214,588,SH,mem[14] = -1201,-2402,9089,-44,5,49,0,-46,0,20,2209,96,-1201,-46,28980,-1154,-46
1215,589,MUL,,-2402,9089,0,5,49,0,-46,0,20,2209,96,-1201,-46,28980,-1154,-46
1216,590,ADD,,-2402,9089,0,5,49,0,-46,0,20,2209,96,7888,-46,28980,-1154,-46
1217,591,MUL,,-2402,9089,6718,5,49,0,-46,0,20,2209,96,7888,-46,28980,-1154,-46
1218,592,SUB,,-2402,9089,6718,5,49,0,-46,0,-95,2209,96,7888,-46,28980,-1154,-46
1219,593,LH,,-2402,9089,6718,5,49,0,-46,0,-1201,2209,96,7888,-46,28980,-1154,-46
1220,594,LH,,-2402,9089,6718,5,49,0,-46,0,-1201,2209,96,7888,-46,8993,-1154,-46
1221,595,SH,mem[16] = -1201,-2402,9089,6718,5,49,0,-46,0,-1201,2209,96,7888,-46,8993,-1154,-46
1222,596,MUL,,-2402,9089,6718,5,49,0,-46,0,-1201,2209,11360,7888,-46,8993,-1154,-46
1223,597,SH,mem[45] = 7888,-2402,9089,6718,5,49,0,-46,0,-1201,2209,11360,7888,-46,8993,-1154,-46
1224,598,LH,,-2402,9089,6718,5,49,0,-46,0,-1201,2209,11360,8993,-46,8993,-1154,-46
1225,599,SH,mem[15] = 6718,-2402,9089,6718,5,49,0,-46,0,-1201,2209,11360,8993,-46,8993,-1154,-46
1226,600,MUL,,-2402,9089,6718,5,-2254,0,-46,0,-1201,2209,11360,8993,-46,8993,-1154,-46
1227,601,ADD,,-2402,9089,6718,5,-2254,0,-1154,0,-1201,2209,11360,8993,-46,8993,-1154,-46
1228,602,LH,,-2402,9089,6718,5,-2254,0,-1154,0,-1201,2209,11360,8993,6718,8993,-1154,-46
1229,603,BEQ,,-2402,9089,6718,5,-2254,0,-1154,0,-1201,2209,11360,8993,6718,8993,-1154,-46
1230,604,SUB,,-2402,9089,6718,-1100,-2254,0,-1154,0,-1201,2209,11360,8993,6718,8993,-1154,-46
1231,605,SLT,,-2402,9089,6718,-1100,1,0,-1154,0,-1201,2209,11360,8993,6718,8993,-1154,-46
1232,606,SLT,,-2402,9089,6718,-1100,1,1,-1154,0,-1201,2209,11360,8993,6718,8993,-1154,-46
1233,607,LH,,-2402,9089,6718,-1100,1,1,-1154,0,-1201,2209,11360,8993,-1201,8993,-1154,-46
1234,608,SUB,,-2402,9089,6718,-1100,1,1,-1154,0,1100,2209,11360,8993,-1201,8993,-1154,-46
1235,609,ADD,,-2402,9089,6718,-1100,1,1101,-1154,0,1100,2209,11360,8993,-1201,8993,-1154,-46
1236,610,SUB,,-2402,9089,6718,-1100,1,1101,-1154,0,1100,-9039,11360,8993,-1201,8993,-1154,-46
1237,611,SH,mem[16] = -1154,-2402,9089,6718,-1100,1,1101,-1154,0,1100,-9039,11360,8993,-1201,8993,-1154,-46
1238,612,MUL,,-2402,9089,6718,-1100,1,1101,-1154,-20580,1100,-9039,11360,8993,-1201,8993,-1154,-46
1239,613,MUL,,-2402,9089,6718,-1100,1,1101,-1154,-20580,1100,-9039,11360,8993,-1201,8993,-19650,-46
1240,614,SH,mem[16] = -19650,-2402,9089,6718,-1100,1,1101,-1154,-20580,1100,-9039,11360,8993,-1201,8993,-19650,-46
1241,615,LH,,-2402,9089,6718,-1100,1,1101,-1154,-20580,1100,-9039,11360,8993,-1201,8993,-19650,-19650
1242,616,SH,mem[3] = -19650,-2402,9089,6718,-1100,1,1101,-1154,-20580,1100,-9039,11360,8993,-1201,8993,-19650,-19650
1243,617,LH,,-2402,9089,6718,-1100,1,1101,-1154,-20580,1100,-9039,11360,8993,-1201,8993,-19650,-92
1244,618,MUL,,-2402,9089,6718,-1100,1,1101,-1154,-20580,1100,-9039,11360,8993,-1201,8993,-19650,-9050
1245,619,SH,mem[16] = -9039,-2402,9089,6718,-1100,1,1101,-1154,-20580,1100,-9039,11360,8993,-1201,8993,-19650,-9050
1246,620,SH,mem[16] = -1100,-2402,9089,6718,-1100,1,1101,-1154,-20580,1100,-9039,11360,8993,-1201,8993,-19650,-9050
1247,621,SH,mem[16] = 8993,-2402,9089,6718,-1100,1,1101,-1154,-20580,1100,-9039,11360,8993,-1201,8993,-19650,-9050
1248,622,SH,mem[16] = 1101,-2402,9089,6718,-1100,1,1101,-1154,-20580,1100,-9039,11360,8993,-1201,8993,-19650,-9050
1249,623,SH,mem[16] = -1154,-2402,9089,6718,-1100,1,1101,-1154,-20580,1100,-9039,11360,8993,-1201,8993,-19650,-9050
1250,624,LH,,-2402,9089,6718,-1100,1,1101,-1154,-20580,1100,-9039,-1154,8993,-1201,8993,-19650,-9050
1251,625,LH,,-2402,9089,6718,-1100,1,1101,-1154,-20580,1100,-1154,-1154,8993,-1201,8993,-19650,-9050
1252,626,SUB,,-2402,9089,6718,2255,1,1101,-1154,-20580,1100,-1154,-1154,8993,-1201,8993,-19650,-9050
1253,627,BEQ,,-2402,9089,6718,2255,1,1101,-1154,-20580,1100,-1154,-1154,8993,-1201,8993,-19650,-9050
1254,628,SH,mem[1104] = -9050,-2402,9089,6718,2255,1,1101,-1154,-20580,1100,-1154,-1154,8993,-1201,8993,-19650,-9050
1255,629,MUL,,-2402,9089,6718,2255,1,1101,-1154,-20580,1100,-22768,-1154,8993,-1201,8993,-19650,-9050
1256,630,LH,,-2402,9089,6718,2255,1,1101,-1154,-87,1100,-22768,-1154,8993,-1201,8993,-19650,-9050
1257,631,MUL,,-2402,9089,6718,2255,1,1101,-15612,-87,1100,-22768,-1154,8993,-1201,8993,-19650,-9050
1258,632,MUL,,-2402,9089,6718,2255,1,1101,-15612,-87,4041,-22768,-1154,8993,-1201,8993,-19650,-9050
1259,633,LH,,-2402,9089,6718,2255,1,1101,-15612,-87,4041,-22768,-1154,8993,-18,8993,-19650,-9050
1260,634,LH,,-2402,9089,6718,2255,1,1101,-15612,-87,4041,-22768,-1154,57,-18,8993,-19650,-9050
1261,635,MUL,,-2402,9089,6718,2255,1,1101,-15612,-87,-9218,-22768,-1154,57,-18,8993,-19650,-9050
1262,636,SUB,,-2402,10147,6718,2255,1,1101,-15612,-87,-9218,-22768,-1154,57,-18,8993,-19650,-9050
1263,637,BEQ,,-2402,10147,6718,2255,1,1101,-15612,-87,-9218,-22768,-1154,57,-18,8993,-19650,-9050
1264,638,SLT,,-2402,10147,6718,0,1,1101,-15612,-87,-9218,-22768,-1154,57,-18,8993,-19650,-9050
1265,639,ADD,,-2402,10147,6718,0,1,1101,-15612,-87,-5465,-22768,-1154,57,-18,8993,-19650,-9050
1266,640,SH,mem[15] = 1101,-2402,10147,6718,0,1,1101,-15612,-87,-5465,-22768,-1154,57,-18,8993,-19650,-9050
1267,641,BEQ,,-2402,10147,6718,0,1,1101,-15612,-87,-5465,-22768,-1154,57,-18,8993,-19650,-9050
1268,642,ADD,,-2402,10147,6718,0,1,1101,-15612,-87,-5465,-22768,-1154,-18,-18,8993,-19650,-9050
1269,643,LH,,-2402,10147,6718,0,1,1101,-15612,-87,-5465,-22768,1101,-18,-18,8993,-19650,-9050
1270,644,MUL,,-15612,10147,6718,0,1,1101,-15612,-87,-5465,-22768,1101,-18,-18,8993,-19650,-9050
1271,645,ADD,,-15612,-9049,6718,0,1,1101,-15612,-87,-5465,-22768,1101,-18,-18,8993,-19650,-9050
1272,646,SH,mem[15] = 1101,-15612,-9049,6718,0,1,1101,-15612,-87,-5465,-22768,1101,-18,-18,8993,-19650,-9050
1273,647,MUL,,-15612,-9049,6718,0,1,1101,-15612,-87,-5465,-22768,9062,-18,-18,8993,-19650,-9050
1274,648,LH,,-15612,-9049,6718,1101,1,1101,-15612,-87,-5465,-22768,9062,-18,-18,8993,-19650,-9050
1275,649,LH,,-15612,-9049,6718,1101,1,1101,-15612,-87,-5465,-22768,9062,-18,-18,8993,-19650,95
1276,650,SUB,,-15612,-9049,13719,1101,1,1101,-15612,-87,-5465,-22768,9062,-18,-18,8993,-19650,95
1277,651,SUB,,-15612,-9049,23869,1101,1,1101,-15612,-87,-5465,-22768,9062,-18,-18,8993,-19650,95
1278,652,SH,mem[96] = 1,-15612,-9049,23869,1101,1,1101,-15612,-87,-5465,-22768,9062,-18,-18,8993,-19650,95
1279,653,LH,,-15612,-9049,23869,1101,1,1101,-15612,-87,-5465,-22768,9062,-18,-18,-81,-19650,95
1280,654,SH,mem[90] = -15612,-15612,-9049,23869,1101,1,1101,-15612,-87,-5465,-22768,9062,-18,-18,-81,-19650,95
1281,655,LH,,-15612,-9049,23869,1101,1,1101,-15612,-87,-5465,-22768,-93,-18,-18,-81,-19650,95
1282,656,LH,,-15612,-9049,23869,1101,1,1101,-15612,69,-5465,-22768,-93,-18,-18,-81,-19650,95
1283,657,SH,mem[1089] = -15612,-15612,-9049,23869,1101,1,1101,-15612,69,-5465,-22768,-93,-18,-18,-81,-19650,95
1284,658,SH,mem[11] = -18,-15612,-9049,23869,1101,1,1101,-15612,69,-5465,-22768,-93,-18,-18,-81,-19650,95
1285,659,LH,,-15612,-9049,23869,1101,1,1101,-15612,69,47,-22768,-93,-18,-18,-81,-19650,95
1286,660,ADD,,-15612,-9049,23869,1101,1,1083,-15612,69,47,-22768,-93,-18,-18,-81,-19650,95
1287,661,BEQ,,-15612,-9049,23869,1101,1,1083,-15612,69,47,-22768,-93,-18,-18,-81,-19650,95
1288,662,MUL,,-15612,-9049,23869,1101,1,1083,-15612,69,47,-22768,-93,-18,-18,-81,9025,95
1289,663,BEQ,,-15612,-9049,23869,1101,1,1083,-15612,69,47,-22768,-93,-18,-18,-81,9025,95
1290,664,ADD,,-15612,-9049,23869,1101,1,1083,-15612,69,47,-22768,-93,-18,-18,-81,9025,51
1291,665,SUB,,-15612,-9049,87,1101,1,1083,-15612,69,47,-22768,-93,-18,-18,-81,9025,51
1292,666,LH,,-15612,-9049,68,1101,1,1083,-15612,69,47,-22768,-93,-18,-18,-81,9025,51
1293,667,SLT,,-15612,-9049,0,1101,1,1083,-15612,69,47,-22768,-93,-18,-18,-81,9025,51
1294,668,SH,mem[43] = 1101,-15612,-9049,0,1101,1,1083,-15612,69,47,-22768,-93,-18,-18,-81,9025,51
1295,669,SLT,,-15612,-9049,0,1101,1,1083,-15612,69,47,-22768,-93,-18,-18,0,9025,51
1296,670,SH,mem[77] = -15612,-15612,-9049,0,1101,1,1083,-15612,69,47,-22768,-93,-18,-18,0,9025,51
1297,671,BEQ,,-15612,-9049,0,1101,1,1083,-15612,69,47,-22768,-93,-18,-18,0,9025,51
1298,672,SH,mem[15] = 9025,-15612,-9049,0,1101,1,1083,-15612,69,47,-22768,-93,-18,-18,0,9025,51
1299,673,BEQ,,-15612,-9049,0,1101,1,1083,-15612,69,47,-22768,-93,-18,-18,0,9025,51
1300,674,LH,,-15612,-9049,0,1101,1,1083,-15612,69,47,-22768,-93,-18,-18,78,9025,51
1301,675,LH,,-15612,-9049,0,1101,1,-18,-15612,69,47,-22768,-93,-18,-18,78,9025,51
1302,676,LH,,-15612,-9049,0,1101,1,-18,-15612,69,47,-22768,-54,-18,-18,78,9025,51
1303,677,LH,,-15612,-9049,0,1101,1,-18,-15612,69,47,-22768,-54,-18,-46,78,9025,51
1304,678,BEQ,,-15612,-9049,0,1101,1,-18,-15612,69,47,-22768,-54,-18,-46,78,9025,51
1305,679,LH,,-15612,-9049,0,1101,1,-18,-15612,69,47,-22768,-54,-18,-46,78,-19650,51
1306,680,LH,,-15612,-9049,0,1101,176,-18,-15612,69,47,-22768,-54,-18,-46,78,-19650,51
1307,681,LH,,-15612,-9049,0,1101,176,-18,-15612,69,47,67,-54,-18,-46,78,-19650,51
1308,682,SUB,,-15612,-54,0,1101,176,-18,-15612,69,47,67,-54,-18,-46,78,-19650,51
1309,683,SLT,,-15612,-54,1,1101,176,-18,-15612,69,47,67,-54,-18,-46,78,-19650,51
1310,684,BEQ,,-15612,-54,1,1101,176,-18,-15612,69,47,67,-54,-18,-46,78,-19650,51
1311,685,SH,mem[2] = 69,-15612,-54,1,1101,176,-18,-15612,69,47,67,-54,-18,-46,78,-19650,51
1312,686,MUL,,-15612,-54,1,1101,176,-18,-15612,69,47,67,12524,-18,-46,78,-19650,51
1313,687,SH,mem[60] = 69,-15612,-54,1,1101,176,-18,-15612,69,47,67,12524,-18,-46,78,-19650,51
1314,688,LH,,-15612,-54,-94,1101,176,-18,-15612,69,47,67,12524,-18,-46,78,-19650,51
1315,689,LH,,-15612,-54,-94,-5,176,-18,-15612,69,47,67,12524,-18,-46,78,-19650,51
1316,690,BEQ,,-15612,-54,-94,-5,176,-18,-15612,69,47,67,12524,-18,-46,78,-19650,51
1317,691,LH,,-15612,-54,-94,78,176,-18,-15612,69,47,67,12524,-18,-46,78,-19650,51
1318,692,SLT,,-15612,-54,-94,78,176,-18,0,69,47,67,12524,-18,-46,78,-19650,51
1319,693,LH,,-15612,-54,-94,78,176,-18,0,69,47,67,12524,-18,-46,78,-19650,-25
1320,694,SLT,,-15612,-54,-94,78,176,-18,0,69,47,67,12524,-18,-46,78,1,-25
1321,695,LH,,-15612,-131,-94,78,176,-18,0,69,47,67,12524,-18,-46,78,1,-25
1322,696,BEQ,,-15612,-131,-94,78,176,-18,0,69,47,67,12524,-18,-46,78,1,-25
1323,699,J,,-15612,-131,-94,78,176,-18,0,69,47,67,12524,-18,-46,78,1,-25
1324,731,BEQ,,-15612,-131,-94,78,176,-18,0,69,47,67,12524,-18,-46,78,1,-25
1325,732,ADD,,-15612,-131,-94,78,176,-18,0,69,47,69,12524,-18,-46,78,1,-25
1326,733,BEQ,,-15612,-131,-94,78,176,-18,0,69,47,69,12524,-18,-46,78,1,-25
1327,734,SUB,,-15612,-131,-94,78,176,-18,0,12455,47,69,12524,-18,-46,78,1,-25
1328,735,SH,mem[93] = 1,-15612,-131,-94,78,176,-18,0,12455,47,69,12524,-18,-46,78,1,-25
1329,736,SLT,,-15612,1,-94,78,176,-18,0,12455,47,69,12524,-18,-46,78,1,-25
1330,737,SH,mem[16] = 12524,-15612,1,-94,78,176,-18,0,12455,47,69,12524,-18,-46,78,1,-25
1331,738,SUB,,-15612,1,-94,78,176,-18,-12408,12455,47,69,12524,-18,-46,78,1,-25
1332,739,LH,,-15612,-19650,-94,78,176,-18,-12408,12455,47,69,12524,-18,-46,78,1,-25
1333,740,SUB,,-15612,-19650,-94,78,176,-18,-12408,12455,47,69,12524,-18,-46,78,-15788,-25
1334,741,SH,mem[66] = 78,-15612,-19650,-94,78,176,-18,-12408,12455,47,69,12524,-18,-46,78,-15788,-25
1335,742,BEQ,,-15612,-19650,-94,78,176,-18,-12408,12455,47,69,12524,-18,-46,78,-15788,-25
1336,743,SH,mem[82] = 78,-15612,-19650,-94,78,176,-18,-12408,12455,47,69,12524,-18,-46,78,-15788,-25
1337,744,SLT,,-15612,-19650,-94,78,0,-18,-12408,12455,47,69,12524,-18,-46,78,-15788,-25
1338,745,SLT,,-15612,-19650,-94,78,0,0,-12408,12455,47,69,12524,-18,-46,78,-15788,-25
1339,746,SLT,,-15612,-19650,0,78,0,0,-12408,12455,47,69,12524,-18,-46,78,-15788,-25
1340,747,SUB,,69,-19650,0,78,0,0,-12408,12455,47,69,12524,-18,-46,78,-15788,-25
1341,748,MUL,,5382,-19650,0,78,0,0,-12408,12455,47,69,12524,-18,-46,78,-15788,-25
1342,749,LH,,5382,-19650,0,78,0,0,-12408,12455,47,69,12524,-18,-46,78,-15788,0
1343,750,J,,5382,-19650,0,78,0,0,-12408,12455,47,69,12524,-18,-46,78,-15788,0
1344,725,J,,5382,-19650,0,78,0,0,-12408,12455,47,69,12524,-18,-46,78,-15788,0
1345,700,MUL,,5382,-19650,0,78,0,0,-12408,12455,47,-1404,12524,-18,-46,78,-15788,0
1346,701,SH,mem[82] = -1404,5382,-19650,0,78,0,0,-12408,12455,47,-1404,12524,-18,-46,78,-15788,0
1347,702,SH,mem[90] = 0,5382,-19650,0,78,0,0,-12408,12455,47,-1404,12524,-18,-46,78,-15788,0
1348,703,MUL,,5382,-19650,0,78,0,0,-12408,12455,47,-1404,12524,-18,-46,78,0,0
1349,704,SUB,,5382,-19650,0,78,0,0,-12408,12455,47,-1404,12524,-18,-46,78,12524,0
1350,705,LH,,5382,-19650,0,78,0,0,-12408,12455,47,-1404,12524,-18,0,78,12524,0
1351,706,SH,mem[13] = 12455,5382,-19650,0,78,0,0,-12408,12455,47,-1404,12524,-18,0,78,12524,0
1352,707,LH,,5382,-19650,0,78,0,0,-12408,12455,47,-1404,12524,-18,0,78,12524,1206
1353,708,LH,,5382,-19650,0,78,0,0,-12408,12455,47,-1404,12524,-18,0,78,-1201,1206
1354,709,LH,,5382,-19650,0,78,0,0,-12408,12455,47,-1404,12524,-18,0,-18,-1201,1206
1355,710,ADD,,5382,-19650,0,-19650,0,0,-12408,12455,47,-1404,12524,-18,0,-18,-1201,1206
1356,711,LH,,5382,-19650,0,-19650,0,0,-12408,12455,47,-1404,-94,-18,0,-18,-1201,1206
1357,712,SH,mem[1199] = 5382,5382,-19650,0,-19650,0,0,-12408,12455,47,-1404,-94,-18,0,-18,-1201,1206
1358,713,SLT,,5382,-19650,0,-19650,0,0,-12408,12455,47,-1404,-94,-18,0,-18,-1201,1206
1359,714,ADD,,5382,-19650,0,-19650,0,0,-12408,12455,47,-1404,-94,-18,0,-18,-19650,1206
1360,715,ADD,,5382,-19650,0,-19650,0,0,-12408,12455,47,-14268,-94,-18,0,-18,-19650,1206
1361,716,SH,mem[47] = -19650,5382,-19650,0,-19650,0,0,-12408,12455,47,-14268,-94,-18,0,-18,-19650,1206
1362,717,SUB,,5382,-19650,0,-19650,-14250,0,-12408,12455,47,-14268,-94,-18,0,-18,-19650,1206
1363,718,MUL,,5382,-19650,0,-19650,-14250,0,-12408,12455,47,-14268,-94,-31340,0,-18,-19650,1206
1364,719,ADD,,5382,-19650,0,0,-14250,0,-12408,12455,47,-14268,-94,-31340,0,-18,-19650,1206
1365,720,SH,mem[15] = 47,5382,-19650,0,0,-14250,0,-12408,12455,47,-14268,-94,-31340,0,-18,-19650,1206
1366,721,SLT,,5382,-19650,0,0,-14250,0,-12408,12455,47,-14268,-94,-31340,1,-18,-19650,1206
1367,722,LH,,5382,-19650,0,0,-14250,0,-12408,12455,47,-14268,-94,-63,1,-18,-19650,1206
1368,723,LH,,5382,-19650,5,0,-14250,0,-12408,12455,47,-14268,-94,-63,1,-18,-19650,1206
1369,724,J,,5382,-19650,5,0,-14250,0,-12408,12455,47,-14268,-94,-63,1,-18,-19650,1206
1370,751,LH,,5382,-19650,5,0,-14250,0,-12408,12455,47,-14268,-94,-63,1,-18,-19650,60
1371,752,MUL,,5382,-19650,5,0,-14250,0,-12408,12455,47,-14268,-94,-63,1,-4728,-19650,60
1372,753,MUL,,5382,-7234,5,0,-14250,0,-12408,12455,47,-14268,-94,-63,1,-4728,-19650,60
1373,754,LH,,5382,-7234,5,0,-14250,0,-12408,12455,47,-14268,-94,-63,1,-4728,47,60
1374,755,MUL,,5382,-7234,5,0,-14250,0,-12408,12455,47,-14268,-94,-63,1,-4728,47,-4728
1375,756,ADD,,5382,-7234,5,0,-14250,0,-12408,-21502,47,-14268,-94,-63,1,-4728,47,-4728
1376,757,MUL,,5382,-7234,5,0,-14250,0,-12408,6648,47,-14268,-94,-63,1,-4728,47,-4728
1377,758,SH,mem[41] = 47,5382,-7234,5,0,-14250,0,-12408,6648,47,-14268,-94,-63,1,-4728,47,-4728
1378,759,LH,,5382,-7234,5,0,-14250,-63,-12408,6648,47,-14268,-94,-63,1,-4728,47,-4728
1379,760,LH,,5382,-7234,5,0,-14250,-63,-12408,6648,-46,-14268,-94,-63,1,-4728,47,-4728
1380,761,LH,,5382,-7234,5,0,-14250,-63,-12408,6648,-46,-14268,-94,-63,1,-3944,47,-4728
1381,762,ADD,,5382,-7234,5,0,-14250,-63,-12408,6648,-46,-14268,-94,-63,1,-3944,47,6653
1382,763,SH,mem[20] = 47,5382,-7234,5,0,-14250,-63,-12408,6648,-46,-14268,-94,-63,1,-3944,47,6653
1383,764,SH,mem[20] = -63,5382,-7234,5,0,-14250,-63,-12408,6648,-46,-14268,-94,-63,1,-3944,47,6653
1384,765,SUB,,5382,-7234,5,0,-14250,1,-12408,6648,-46,-14268,-94,-63,1,-3944,47,6653
1385,766,SUB,,0,-7234,5,0,-14250,1,-12408,6648,-46,-14268,-94,-63,1,-3944,47,6653
1386,767,SUB,,0,-7234,5,0,-14250,1,-20921,6648,-46,-14268,-94,-63,1,-3944,47,6653
1387,768,MUL,,0,-7234,5,0,-14250,1,-7234,6648,-46,-14268,-94,-63,1,-3944,47,6653
1388,769,SUB,,0,-7234,5,0,-14250,1,-7234,6648,-46,-14268,-10306,-63,1,-3944,47,6653
1389,770,LH,,0,-7234,5,0,-14250,1,-7234,6648,-46,-14268,-10306,-63,1,-3944,47,-18
1390,771,SLT,,0,-7234,0,0,-14250,1,-7234,6648,-46,-14268,-10306,-63,1,-3944,47,-18
1391,772,SUB,,0,-7234,0,0,-14250,1,-7234,6648,-46,-14268,-10306,-63,7234,-3944,47,-18
1392,773,SUB,,0,-7234,0,0,-14250,10324,-7234,6648,-46,-14268,-10306,-63,7234,-3944,47,-18
1393,774,LH,,0,-7234,0,0,-14250,10324,-7234,-19650,-46,-14268,-10306,-63,7234,-3944,47,-18
1394,775,MUL,,0,-7234,0,0,-14250,10324,-7234,-19650,0,-14268,-10306,-63,7234,-3944,47,-18
1395,776,BEQ,,0,-7234,0,0,-14250,10324,-7234,-19650,0,-14268,-10306,-63,7234,-3944,47,-18
1396,777,SH,mem[15] = 10324,0,-7234,0,0,-14250,10324,-7234,-19650,0,-14268,-10306,-63,7234,-3944,47,-18
1397,778,SH,mem[35] = 47,0,-7234,0,0,-14250,10324,-7234,-19650,0,-14268,-10306,-63,7234,-3944,47,-18
1398,779,SH,mem[6] = -10306,0,-7234,0,0,-14250,10324,-7234,-19650,0,-14268,-10306,-63,7234,-3944,47,-18
1399,780,SH,mem[49] = -63,0,-7234,0,0,-14250,10324,-7234,-19650,0,-14268,-10306,-63,7234,-3944,47,-18
1400,781,SLT,,0,-7234,0,0,-14250,10324,0,-19650,0,-14268,-10306,-63,7234,-3944,47,-18
1401,782,ADD,,0,-7234,0,-24556,-14250,10324,0,-19650,0,-14268,-10306,-63,7234,-3944,47,-18
1402,783,LH,,0,-7234,0,-24556,-14250,10324,0,-19650,0,-14268,-10306,-63,-54,-3944,47,-18
1403,784,MUL,,0,-7234,0,-24556,-14250,0,0,-19650,0,-14268,-10306,-63,-54,-3944,47,-18
1404,785,MUL,,0,-7234,0,-24556,-14250,0,0,-19650,0,-14268,0,-63,-54,-3944,47,-18
1405,786,SH,mem[14] = 0,0,-7234,0,-24556,-14250,0,0,-19650,0,-14268,0,-63,-54,-3944,47,-18
1406,787,SH,mem[15] = 47,0,-7234,0,-24556,-14250,0,0,-19650,0,-14268,0,-63,-54,-3944,47,-18
1407,788,SH,mem[2] = 0,0,-7234,0,-24556,-14250,0,0,-19650,0,-14268,0,-63,-54,-3944,47,-18
1408,789,SH,mem[62] = 0,0,-7234,0,-24556,-14250,0,0,-19650,0,-14268,0,-63,-54,-3944,47,-18
1409,790,SH,mem[4] = 0,0,-7234,0,-24556,-14250,0,0,-19650,0,-14268,0,-63,-54,-3944,47,-18
1410,791,ADD,,0,-7234,-11178,-24556,-14250,0,0,-19650,0,-14268,0,-63,-54,-3944,47,-18
1411,792,LH,,0,-7234,-11178,-24556,-14250,12455,0,-19650,0,-14268,0,-63,-54,-3944,47,-18
1412,793,LH,,0,-7234,-11178,-24556,-14250,12455,0,-19650,0,-14268,0,-63,-18,-3944,47,-18
1413,794,SUB,,0,-7234,-11178,-24556,-14250,12455,0,-19650,0,-14268,0,-63,-18,-3944,47,-18
1414,795,LH,,0,-7234,-11178,-24556,-14250,12455,0,-19650,0,-14268,0,-63,-18,12455,47,-18
1415,796,LH,,0,-7234,-11178,-24556,-14250,12455,-1201,-19650,0,-14268,0,-63,-18,12455,47,-18
1416,797,ADD,,-18,-7234,-11178,-24556,-14250,12455,-1201,-19650,0,-14268,0,-63,-18,12455,47,-18
1417,798,SH,mem[8] = 12455,-18,-7234,-11178,-24556,-14250,12455,-1201,-19650,0,-14268,0,-63,-18,12455,47,-18
1418,799,SH,mem[15] = -7234,-18,-7234,-11178,-24556,-14250,12455,-1201,-19650,0,-14268,0,-63,-18,12455,47,-18
1419,800,LH,,-18,-7234,-11178,-24556,-14250,12455,-1201,-19650,0,-14268,0,-63,-18,-19650,47,-18
1420,801,SLT,,-18,-7234,-11178,-24556,-14250,12455,-1201,-19650,0,-14268,0,-63,-18,-19650,1,-18
1421,802,SUB,,-18,-7234,-11178,6033,-14250,12455,-1201,-19650,0,-14268,0,-63,-18,-19650,1,-18
1422,803,SH,mem[16] = -1201,-18,-7234,-11178,6033,-14250,12455,-1201,-19650,0,-14268,0,-63,-18,-19650,1,-18
1423,804,MUL,,-18,-7234,-11178,6033,-14250,12455,-1201,-19650,0,-14268,0,-63,0,-19650,1,-18
1424,805,ADD,,-18,-7234,-11178,6033,-14250,12455,-1201,-19650,0,-14268,0,-63,0,-19650,-11196,-18
1425,806,SH,mem[3] = -1201,-18,-7234,-11178,6033,-14250,12455,-1201,-19650,0,-14268,0,-63,0,-19650,-11196,-18
1426,807,BEQ,,-18,-7234,-11178,6033,-14250,12455,-1201,-19650,0,-14268,0,-63,0,-19650,-11196,-18
1427,808,SLT,,-18,-7234,-11178,6033,-14250,12455,0,-19650,0,-14268,0,-63,0,-19650,-11196,-18
1428,809,SLT,,-18,-7234,-11178,6033,-14250,0,0,-19650,0,-14268,0,-63,0,-19650,-11196,-18
1429,810,BEQ,,-18,-7234,-11178,6033,-14250,0,0,-19650,0,-14268,0,-63,0,-19650,-11196,-18
1430,819,MUL,,-18,-7234,-11178,6033,-14250,0,0,-19650,0,-14268,0,-63,0,-19650,-11196,0
1431,820,MUL,,-18,-7234,-11178,0,-14250,0,0,-19650,0,-14268,0,-63,0,-19650,-11196,0
1432,821,LH,,-18,-7234,-11178,0,-14250,0,0,-19650,0,-14268,-7234,-63,0,-19650,-11196,0
1433,822,MUL,,-18,-7234,-11178,0,-14250,0,0,-19650,0,-14268,-7234,-63,0,-19650,0,0
1434,823,SH,mem[15] = 0,-18,-7234,-11178,0,-14250,0,0,-19650,0,-14268,-7234,-63,0,-19650,0,0
1435,824,SH,mem[4] = 0,-18,-7234,-11178,0,-14250,0,0,-19650,0,-14268,-7234,-63,0,-19650,0,0
1436,825,SH,mem[15] = 0,-18,-7234,-11178,0,-14250,0,0,-19650,0,-14268,-7234,-63,0,-19650,0,0
1437,826,LH,,-18,-7234,-11178,0,-14250,0,0,-19650,0,-14268,-7234,-63,0,-19650,0,0
1438,827,SLT,,-18,-7234,-11178,0,-14250,0,0,-19650,0,-14268,-7234,-63,0,-19650,0,0
1439,828,BEQ,,-18,-7234,-11178,0,-14250,0,0,-19650,0,-14268,-7234,-63,0,-19650,0,0
1440,834,LH,,-18,-7234,-11178,0,-14250,0,0,-19650,0,-14268,-7234,-63,0,-19650,0,0
1441,835,SUB,,-18,-7234,-11178,0,-14250,0,0,0,0,-14268,-7234,-63,0,-19650,0,0
1442,836,LH,,-18,-7234,-11178,0,-14250,12455,0,0,0,-14268,-7234,-63,0,-19650,0,0
1443,837,SH,mem[15] = 0,-18,-7234,-11178,0,-14250,12455,0,0,0,-14268,-7234,-63,0,-19650,0,0
1444,838,LH,,-18,-7234,-11178,0,-14250,0,0,0,0,-14268,-7234,-63,0,-19650,0,0
1445,839,SH,mem[15] = 0,-18,-7234,-11178,0,-14250,0,0,0,0,-14268,-7234,-63,0,-19650,0,0
1446,840,MUL,,-18,-7234,0,0,-14250,0,0,0,0,-14268,-7234,-63,0,-19650,0,0
1447,841,SH,mem[15] = 0,-18,-7234,0,0,-14250,0,0,0,0,-14268,-7234,-63,0,-19650,0,0
1448,842,LH,,-18,-7234,0,0,-14250,0,0,0,0,5,-7234,-63,0,-19650,0,0
1449,843,BEQ,,-18,-7234,0,0,-14250,0,0,0,0,5,-7234,-63,0,-19650,0,0
1450,844,SLT,,-18,-7234,0,0,-14250,0,0,0,0,0,-7234,-63,0,-19650,0,0
1451,845,SUB,,-18,-7234,0,0,-14250,0,0,0,0,-7234,-7234,-63,0,-19650,0,0
1452,846,BEQ,,-18,-7234,0,0,-14250,0,0,0,0,-7234,-7234,-63,0,-19650,0,0
1453,847,LH,,-18,-7234,0,0,-14250,0,0,0,0,-7234,-7234,-63,0,-19650,0,0
1454,848,SLT,,-18,-7234,0,0,-14250,0,0,0,0,-7234,-7234,-63,0,-19650,0,0
1455,849,SH,mem[15] = 0,-18,-7234,0,0,-14250,0,0,0,0,-7234,-7234,-63,0,-19650,0,0
1456,850,J,,-18,-7234,0,0,-14250,0,0,0,0,-7234,-7234,-63,0,-19650,0,0
1457,851,SH,mem[15] = 0,-18,-7234,0,0,-14250,0,0,0,0,-7234,-7234,-63,0,-19650,0,0
1458,852,SUB,,-18,-7234,0,0,-14250,0,0,0,63,-7234,-7234,-63,0,-19650,0,0
1459,853,LH,,-18,-10306,0,0,-14250,0,0,0,63,-7234,-7234,-63,0,-19650,0,0
1460,854,LH,,-18,-10306,0,0,-14250,0,0,0,63,-7234,-7234,-63,0,-19650,0,0
1461,855,SH,mem[15] = 63,-18,-10306,0,0,-14250,0,0,0,63,-7234,-7234,-63,0,-19650,0,0
1462,856,SLT,,-18,-10306,0,0,-14250,0,0,0,63,-7234,-7234,-63,0,1,0,0
1463,857,LH,,-18,-10306,0,0,-14250,0,0,0,63,-7234,-7234,-63,0,1,63,0
1464,858,SLT,,-18,-10306,0,0,-14250,0,0,0,63,0,-7234,-63,0,1,63,0
1465,859,LH,,-18,-10306,0,0,-14250,0,0,0,63,0,-7234,-63,0,1,0,0
1466,860,SH,mem[4] = 0,-18,-10306,0,0,-14250,0,0,0,63,0,-7234,-63,0,1,0,0
1467,861,LH,,-18,-10306,0,0,-14250,0,0,0,12455,0,-7234,-63,0,1,0,0
1468,862,BEQ,,-18,-10306,0,0,-14250,0,0,0,12455,0,-7234,-63,0,1,0,0
1469,863,MUL,,-18,-10306,0,0,-14250,0,0,0,1,0,-7234,-63,0,1,0,0
1470,864,MUL,,-18,-10306,0,0,-14250,0,0,0,1,0,-7234,-63,0,1,0,-63
1471,865,LH,,-18,-1201,0,0,-14250,0,0,0,1,0,-7234,-63,0,1,0,-63
1472,866,SH,mem[8] = 0,-18,-1201,0,0,-14250,0,0,0,1,0,-7234,-63,0,1,0,-63
1473,867,BEQ,,-18,-1201,0,0,-14250,0,0,0,1,0,-7234,-63,0,1,0,-63
1474,868,SH,mem[16] = -7234,-18,-1201,0,0,-14250,0,0,0,1,0,-7234,-63,0,1,0,-63
1475,869,SUB,,-18,-1201,0,0,-14250,0,0,0,1,0,-7234,-63,0,1,0,-63
1476,870,SLT,,-18,-1201,0,0,-14250,0,0,0,1,0,-7234,-63,0,1,0,-63
1477,871,LH,,-18,-1201,0,0,-14250,0,0,0,1,0,-7234,-63,0,63,0,-63
1478,872,SH,mem[69] = -63,-18,-1201,0,0,-14250,0,0,0,1,0,-7234,-63,0,63,0,-63
1479,873,ADD,,-18,-1201,0,0,-14250,0,-1264,0,1,0,-7234,-63,0,63,0,-63
1480,874,LH,,-18,-1201,0,0,-14250,0,-1264,0,1,0,-7234,-63,0,63,5,-63
1481,875,BEQ,,-18,-1201,0,0,-14250,0,-1264,0,1,0,-7234,-63,0,63,5,-63
1482,876,BEQ,,-18,-1201,0,0,-14250,0,-1264,0,1,0,-7234,-63,0,63,5,-63
1483,877,LH,,-18,-1201,0,0,-14250,0,-1264,0,1,0,-7234,78,0,63,5,-63
1484,878,ADD,,-18,-1201,0,5,-14250,0,-1264,0,1,0,-7234,78,0,63,5,-63
1485,879,ADD,,-18,-1201,0,5,-14250,0,-1264,0,1,0,-1196,78,0,63,5,-63
1486,880,LH,,-18,-1201,0,5,-14250,0,-1264,0,0,0,-1196,78,0,63,5,-63
1487,881,LH,,-18,-1201,0,5,-14250,0,-1264,0,0,5,-1196,78,0,63,5,-63
1488,882,LH,,-18,-1201,0,5,78,0,-1264,0,0,5,-1196,78,0,63,5,-63
1489,883,SUB,,-18,-1201,0,5,78,0,-1264,0,0,5,-1196,78,15,63,5,-63
1490,884,MUL,,-18,-1201,0,5,78,0,-1264,0,0,5,-1196,78,15,63,5,-63
1491,885,ADD,,-18,-1201,0,5,78,0,-1264,0,0,5,-1196,78,20,63,5,-63
1492,886,SH,mem[33] = 20,-18,-1201,0,5,78,0,-1264,0,0,5,-1196,78,20,63,5,-63
1493,887,SH,mem[13] = -18,-18,-1201,0,5,78,0,-1264,0,0,5,-1196,78,20,63,5,-63
1494,888,ADD,,-18,-1201,-2397,5,78,0,-1264,0,0,5,-1196,78,20,63,5,-63
1495,889,SUB,,-18,-1201,-2397,5,78,0,-1264,0,0,5,1138,78,20,63,5,-63
1496,890,LH,,-18,-1201,-2397,5,78,0,-1264,0,0,5,1138,-10306,20,63,5,-63
1497,891,LH,,-18,-1201,-2397,5,78,0,-1264,0,0,5,1138,-10306,20,63,5,-1201
1498,892,SH,mem[8] = -1201,-18,-1201,-2397,5,78,0,-1264,0,0,5,1138,-10306,20,63,5,-1201
1499,893,LH,,-18,-1201,-2397,5,-63,0,-1264,0,0,5,1138,-10306,20,63,5,-1201
1500,894,LH,,-18,-1201,-2397,5,-63,0,-12,0,0,5,1138,-10306,20,63,5,-1201
1501,895,LH,,-18,-1201,-2397,5,-63,0,-12,0,5,5,1138,-10306,20,63,5,-1201
1502,896,SH,mem[30] = -10306,-18,-1201,-2397,5,-63,0,-12,0,5,5,1138,-10306,20,63,5,-1201
1503,897,BEQ,,-18,-1201,-2397,5,-63,0,-12,0,5,5,1138,-10306,20,63,5,-1201
1504,898,ADD,,-18,-1201,-2397,5,-63,0,-12,0,5,5,1138,-10306,-3598,63,5,-1201
1505,899,SUB,,-18,-1201,-2397,5,-63,0,45,0,5,5,1138,-10306,-3598,63,5,-1201
1506,900,SH,mem[17] = -1201,-18,-1201,-2397,5,-63,0,45,0,5,5,1138,-10306,-3598,63,5,-1201
1507,901,SH,mem[20] = -1201,-18,-1201,-2397,5,-63,0,45,0,5,5,1138,-10306,-3598,63,5,-1201
1508,902,SH,mem[54] = 0,-18,-1201,-2397,5,-63,0,45,0,5,5,1138,-10306,-3598,63,5,-1201
1509,903,SUB,,-18,-1201,-2397,5,-63,0,45,0,5,5,1138,0,-3598,63,5,-1201
1510,904,MUL,,-18,-6005,-2397,5,-63,0,45,0,5,5,1138,0,-3598,63,5,-1201
1511,905,LH,,-18,-6005,-2397,5,-63,0,45,0,5,5,1138,176,-3598,63,5,-1201
1512,906,SLT,,-18,-6005,-2397,5,-63,0,45,0,5,5,1138,176,-3598,0,5,-1201
1513,907,SH,mem[45] = 1138,-18,-6005,-2397,5,-63,0,45,0,5,5,1138,176,-3598,0,5,-1201
1514,908,BEQ,,-18,-6005,-2397,5,-63,0,45,0,5,5,1138,176,-3598,0,5,-1201
1515,909,SH,mem[39] = 0,-18,-6005,-2397,5,-63,0,45,0,5,5,1138,176,-3598,0,5,-1201
1516,910,SH,mem[8] = 5,-18,-6005,-2397,5,-63,0,45,0,5,5,1138,176,-3598,0,5,-1201
1517,911,MUL,,25,-6005,-2397,5,-63,0,45,0,5,5,1138,176,-3598,0,5,-1201
1518,912,SLT,,25,-6005,-2397,5,-63,0,45,0,5,5,1138,176,0,0,5,-1201
1519,913,LH,,25,-6005,-2397,5,0,0,45,0,5,5,1138,176,0,0,5,-1201
1520,914,LH,,25,-6005,-2397,63,0,0,45,0,5,5,1138,176,0,0,5,-1201
1521,915,SH,mem[14] = -1201,25,-6005,-2397,63,0,0,45,0,5,5,1138,176,0,0,5,-1201
1522,916,ADD,,25,-6005,-2397,63,0,0,45,0,5,5,1138,176,0,1143,5,-1201
1523,917,MUL,,25,-6005,-2397,63,0,0,45,0,5,0,1138,176,0,1143,5,-1201
1524,918,SUB,,25,-6005,-2397,63,0,0,45,0,5,0,1138,176,0,1143,-45,-1201
1525,919,MUL,,25,-6005,-2397,63,0,0,0,0,5,0,1138,176,0,1143,-45,-1201
1526,920,LH,,25,-6005,-2397,63,0,0,0,0,5,0,1138,176,5,1143,-45,-1201
1527,921,MUL,,25,-6005,-2397,63,0,0,0,0,5,0,1138,176,5,1143,-45,-1201
1528,922,BEQ,,25,-6005,-2397,63,0,0,0,0,5,0,1138,176,5,1143,-45,-1201
1529,923,SH,mem[26] = 5,25,-6005,-2397,63,0,0,0,0,5,0,1138,176,5,1143,-45,-1201
1530,924,BEQ,,25,-6005,-2397,63,0,0,0,0,5,0,1138,176,5,1143,-45,-1201
1531,925,BEQ,,25,-6005,-2397,63,0,0,0,0,5,0,1138,176,5,1143,-45,-1201
1532,937,LH,,25,-6005,-2397,63,0,66,0,0,5,0,1138,176,5,1143,-45,-1201
1533,938,SLT,,25,-6005,-2397,1,0,66,0,0,5,0,1138,176,5,1143,-45,-1201
1534,939,SLT,,25,-6005,-2397,1,0,66,0,0,5,0,1138,176,5,1143,-45,0
1535,940,SUB,,25,-6005,-2397,1,0,66,0,0,1138,0,1138,176,5,1143,-45,0
1536,941,ADD,,25,-6005,-2397,1,0,66,0,0,1138,0,1138,176,5,1143,-45,0
1537,942,SUB,,25,-6005,-2397,1,0,66,0,0,1138,-50,1138,176,5,1143,-45,0
1538,943,LH,,25,-6005,-2397,1,0,66,0,0,1138,-50,1138,176,5,1143,-7234,0
1539,944,SH,mem[1128] = -50,25,-6005,-2397,1,0,66,0,0,1138,-50,1138,176,5,1143,-7234,0
1540,945,LH,,25,-6005,-2397,1,0,66,0,0,1138,-50,-1201,176,5,1143,-7234,0
1541,946,MUL,,25,-6005,-2397,1,0,66,0,0,1138,-50,-31516,176,5,1143,-7234,0
1542,947,SLT,,25,-6005,0,1,0,66,0,0,1138,-50,-31516,176,5,1143,-7234,0
1543,948,SH,mem[15] = 0,25,-6005,0,1,0,66,0,0,1138,-50,-31516,176,5,1143,-7234,0
1544,949,SH,mem[16] = -31516,25,-6005,0,1,0,66,0,0,1138,-50,-31516,176,5,1143,-7234,0
1545,950,MUL,,25,0,0,1,0,66,0,0,1138,-50,-31516,176,5,1143,-7234,0
1546,951,LH,,25,0,0,1,0,66,0,0,1138,-50,-31516,176,5,1143,-7234,0
1547,952,LH,,25,0,0,1,0,66,0,0,1138,-18,-31516,176,5,1143,-7234,0
1548,953,BEQ,,25,0,0,1,0,66,0,0,1138,-18,-31516,176,5,1143,-7234,0
1549,954,SH,mem[40] = 0,25,0,0,1,0,66,0,0,1138,-18,-31516,176,5,1143,-7234,0
1550,955,LH,,25,0,0,1,0,66,0,0,1138,-18,-31516,176,0,1143,-7234,0
1551,956,SH,mem[10] = 176,25,0,0,1,0,66,0,0,1138,-18,-31516,176,0,1143,-7234,0
1552,957,SUB,,25,7410,0,1,0,66,0,0,1138,-18,-31516,176,0,1143,-7234,0
1553,958,LH,,25,7410,0,1,0,5,0,0,1138,-18,-31516,176,0,1143,-7234,0
1554,959,LH,,25,7410,0,1,0,5,0,0,2,-18,-31516,176,0,1143,-7234,0
1555,960,LH,,25,7410,0,1,0,5,0,0,2,-18,-31516,176,0,1143,-7234,0
1556,961,SH,mem[15] = 0,25,7410,0,1,0,5,0,0,2,-18,-31516,176,0,1143,-7234,0
1557,962,SH,mem[176] = 0,25,7410,0,1,0,5,0,0,2,-18,-31516,176,0,1143,-7234,0
1558,963,SH,mem[15] = 25,25,7410,0,1,0,5,0,0,2,-18,-31516,176,0,1143,-7234,0
1559,964,ADD,,2,7410,0,1,0,5,0,0,2,-18,-31516,176,0,1143,-7234,0
1560,965,ADD,,2,7410,0,1,0,5,0,0,2,-18,-31516,176,0,2,-7234,0
1561,966,ADD,,2,7410,0,1,0,-7234,0,0,2,-18,-31516,176,0,2,-7234,0
1562,967,LH,,2,7410,0,1,0,-7234,0,0,2,-18,-31516,176,-1201,2,-7234,0
1563,968,BEQ,,2,7410,0,1,0,-7234,0,0,2,-18,-31516,176,-1201,2,-7234,0
1564,969,LH,,2,7410,0,1,0,-7234,0,0,2,-18,-31516,176,-1201,2,-7234,25
1565,970,SLT,,2,7410,0,1,0,-7234,0,0,2,-18,-31516,176,-1201,2,-7234,25
1566,971,ADD,,2,7410,0,1,0,-7234,0,0,2,-18,-31516,176,-1201,2,-7234,7392
1567,972,SLT,,0,7410,0,1,0,-7234,0,0,2,-18,-31516,176,-1201,2,-7234,7392
1568,973,LH,,0,7410,0,1,0,-7234,0,0,2,-18,-31516,176,25,2,-7234,7392
1569,974,BEQ,,0,7410,0,1,0,-7234,0,0,2,-18,-31516,176,25,2,-7234,7392
1570,975,SH,mem[190] = -7234,0,7410,0,1,0,-7234,0,0,2,-18,-31516,176,25,2,-7234,7392
1571,976,BEQ,,0,7410,0,1,0,-7234,0,0,2,-18,-31516,176,25,2,-7234,7392
1572,977,ADD,,0,7410,0,1,0,-7234,0,0,2,-18,-31516,176,25,2,-7234,7392
1573,978,SLT,,0,7410,0,1,0,-7234,0,0,2,-18,-31516,176,25,0,-7234,7392
1574,979,SUB,,0,7410,0,1,0,-7234,0,0,2,-18,174,176,25,0,-7234,7392
1575,980,SUB,,0,7410,0,1,0,-7234,0,0,2,-18,174,176,25,0,-7234,14644
1576,981,SUB,,0,7410,0,-25,0,-7234,0,0,2,-18,174,176,25,0,-7234,14644
1577,982,SH,mem[178] = -7234,0,7410,0,-25,0,-7234,0,0,2,-18,174,176,25,0,-7234,14644
1578,983,SLT,,0,7410,0,-25,0,-7234,0,0,2,-18,174,176,25,0,-7234,1
1579,984,MUL,,0,7410,0,4508,0,-7234,0,0,2,-18,174,176,25,0,-7234,1
1580,985,SUB,,0,7410,2,4508,0,-7234,0,0,2,-18,174,176,25,0,-7234,1
1581,986,ADD,,0,7410,2,4508,0,-7234,2,0,2,-18,174,176,25,0,-7234,1
1582,987,LH,,0,7410,2,4508,0,-7234,2,0,2,-18,174,176,25,0,-7234,1
1583,988,BEQ,,0,7410,2,4508,0,-7234,2,0,2,-18,174,176,25,0,-7234,1
1584,989,BEQ,,0,7410,2,4508,0,-7234,2,0,2,-18,174,176,25,0,-7234,1
1585,990,LH,,0,7410,0,4508,0,-7234,2,0,2,-18,174,176,25,0,-7234,1
1586,991,SUB,,0,7410,0,4508,0,-7234,2,0,2,-18,174,176,25,0,-7234,-4526
1587,992,SH,mem[173] = 7410,0,7410,0,4508,0,-7234,2,0,2,-18,174,176,25,0,-7234,-4526
1588,993,LH,,0,7410,-18,4508,0,-7234,2,0,2,-18,174,176,25,0,-7234,-4526
1589,994,SLT,,0,7410,0,4508,0,-7234,2,0,2,-18,174,176,25,0,-7234,-4526
1590,995,LH,,0,7410,0,4508,0,-7234,2,0,-10306,-18,174,176,25,0,-7234,-4526
1591,996,SH,mem[159] = 0,0,7410,0,4508,0,-7234,2,0,-10306,-18,174,176,25,0,-7234,-4526
1592,997,SH,mem[163] = 0,0,7410,0,4508,0,-7234,2,0,-10306,-18,174,176,25,0,-7234,-4526
1593,998,LH,,0,7410,0,4508,0,-7234,2,0,-10306,25,174,176,25,0,-7234,-4526
1594,999,SH,mem[38] = 0,0,7410,0,4508,0,-7234,2,0,-10306,25,174,176,25,0,-7234,-4526
1595,1000,J,,0,7410,0,4508,0,-7234,2,0,-10306,25,174,176,25,0,-7234,-4526
1596,1016,BEQ,,0,7410,0,4508,0,-7234,2,0,-10306,25,174,176,25,0,-7234,-4526
1597,1017,SUB,,0,7410,0,4508,0,0,2,0,-10306,25,174,176,25,0,-7234,-4526
1598,1018,BEQ,,0,7410,0,4508,0,0,2,0,-10306,25,174,176,25,0,-7234,-4526
1599,1019,MUL,,0,7410,0,4508,0,0,2,0,-10306,25,174,176,25,0,-7234,-4526
1600,1020,SH,mem[32] = 0,0,7410,0,4508,0,0,2,0,-10306,25,174,176,25,0,-7234,-4526
1601,1021,LH,,0,7410,0,4508,0,0,2,0,-10306,25,174,176,25,0,25,-4526
1602,1022,SUB,,0,7410,0,4508,0,0,2,0,-10306,25,174,176,25,0,23,-4526
1603,1023,BEQ,,0,7410,0,4508,0,0,2,0,-10306,25,174,176,25,0,23,-4526
1604,1024,SH,mem[177] = 4508,0,7410,0,4508,0,0,2,0,-10306,25,174,176,25,0,23,-4526
1605,1025,LH,,0,7410,0,4508,0,19,2,0,-10306,25,174,176,25,0,23,-4526
1606,1026,SH,mem[34] = 0,0,7410,0,4508,0,19,2,0,-10306,25,174,176,25,0,23,-4526
1607,1027,LH,,0,7410,0,4508,0,19,2,0,-10306,25,174,25,25,0,23,-4526
1608,1028,ADD,,0,7410,0,4508,0,19,2,0,-10306,25,174,25,25,0,23,19
1609,1029,LH,,0,7410,0,4508,0,19,2,0,-10306,25,174,-1201,25,0,23,19
1610,1030,SLT,,0,7410,0,4508,0,19,2,0,-10306,25,174,-1201,25,0,23,19
1611,1031,BEQ,,0,7410,0,4508,0,19,2,0,-10306,25,174,-1201,25,0,23,19
1612,1032,J,,0,7410,0,4508,0,19,2,0,-10306,25,174,-1201,25,0,23,19
1613,1001,LH,,0,7410,0,-18,0,19,2,0,-10306,25,174,-1201,25,0,23,19
1614,1002,MUL,,-342,7410,0,-18,0,19,2,0,-10306,25,174,-1201,25,0,23,19
1615,1003,SH,mem[11] = 19,-342,7410,0,-18,0,19,2,0,-10306,25,174,-1201,25,0,23,19
1616,1004,SUB,,-174,7410,0,-18,0,19,2,0,-10306,25,174,-1201,25,0,23,19
1617,1005,LH,,-174,7410,0,-18,0,19,2,0,-10306,25,-31516,-1201,25,0,23,19
1618,1006,ADD,,-174,7410,0,-18,0,19,2,42,-10306,25,-31516,-1201,25,0,23,19
1619,1007,MUL,,-174,7410,0,-18,0,19,2,42,-10306,25,-31516,-1201,25,-8980,23,19
1620,1008,LH,,-174,7410,0,-18,0,19,2,42,-10306,25,-31516,-1201,25,-8980,23,-1201
1621,1009,SUB,,-174,7410,0,-18,0,19,2,42,-10306,6,-31516,-1201,25,-8980,23,-1201
1622,1010,MUL,,-174,7410,0,-18,0,19,2,42,-10306,6,-31516,-1201,25,138,23,-1201
1623,1011,LH,,-174,7410,0,-18,-18,19,2,42,-10306,6,-31516,-1201,25,138,23,-1201
1624,1012,MUL,,-174,7410,0,-18,-18,0,2,42,-10306,6,-31516,-1201,25,138,23,-1201
1625,1013,SUB,,-174,7410,0,-18,-18,0,2,42,-8611,6,-31516,-1201,25,138,23,-1201
1626,1014,MUL,,-174,7410,0,-18,-18,0,2,42,-8611,6,-31516,-1201,25,138,23,0
1627,1015,J,,-174,7410,0,-18,-18,0,2,42,-8611,6,-31516,-1201,25,138,23,0
1628,1034,SLT,,-174,7410,0,0,-18,0,2,42,-8611,6,-31516,-1201,25,138,23,0
1629,1035,SUB,,-174,7410,0,0,-18,0,2,42,-8611,6,-31516,-1201,25,0,23,0
1630,1036,ADD,,-1201,7410,0,0,-18,0,2,42,-8611,6,-31516,-1201,25,0,23,0
1631,1037,LH,,-1201,7410,0,0,-18,47,2,42,-8611,6,-31516,-1201,25,0,23,0
1632,1038,SH,mem[8] = 0,-1201,7410,0,0,-18,47,2,42,-8611,6,-31516,-1201,25,0,23,0
1633,1039,SH,mem[37] = 0,-1201,7410,0,0,-18,47,2,42,-8611,6,-31516,-1201,25,0,23,0
1634,1040,SLT,,-1201,7410,0,0,-18,47,2,42,-8611,6,-31516,-1201,1,0,23,0
1635,1041,ADD,,-1201,-1178,0,0,-18,47,2,42,-8611,6,-31516,-1201,1,0,23,0
1636,1042,SH,mem[14] = 42,-1201,-1178,0,0,-18,47,2,42,-8611,6,-31516,-1201,1,0,23,0
1637,1043,SH,mem[10] = -31516,-1201,-1178,0,0,-18,47,2,42,-8611,6,-31516,-1201,1,0,23,0
1638,1044,LH,,-1201,-1178,0,0,-18,47,2,42,-8611,6,-31516,-1201,1,0,23,0
1639,1045,SLT,,-1201,-1178,0,0,-18,47,2,42,-8611,6,-31516,-1201,1,0,1,0
1640,1046,SH,mem[12] = 47,-1201,-1178,0,0,-18,47,2,42,-8611,6,-31516,-1201,1,0,1,0
1641,1047,MUL,,-1201,0,0,0,-18,47,2,42,-8611,6,-31516,-1201,1,0,1,0
1642,1048,SH,mem[12] = 1,-1201,0,0,0,-18,47,2,42,-8611,6,-31516,-1201,1,0,1,0
1643,1049,SUB,,-1201,0,0,0,-18,47,2,42,-8611,6,-31516,-1201,1,0,0,0
1644,1050,SUB,,-1201,0,0,0,-18,47,2,42,-8611,6,-31516,-1201,1,0,0,0
1645,1051,LH,,-1201,0,0,0,-18,47,2,42,-8611,6,-31516,-1201,1,25,0,0
1646,1052,MUL,,-1201,0,0,0,-18,47,2,42,-8611,6,-31516,-1201,0,25,0,0
1647,1053,SH,mem[12] = -1201,-1201,0,0,0,-18,47,2,42,-8611,6,-31516,-1201,0,25,0,0
1648,1054,LH,,-1201,0,0,0,-18,47,2,42,-8611,6,-31516,-18,0,25,0,0
1649,1055,ADD,,-1201,0,0,0,-18,47,-1201,42,-8611,6,-31516,-18,0,25,0,0
1650,1056,LH,,-1201,0,0,0,-18,47,-1201,42,-8611,0,-31516,-18,0,25,0,0
1651,1057,SUB,,-1201,0,0,0,-18,47,-1201,42,-8611,0,-31516,8611,0,25,0,0
1652,1058,LH,,-1201,0,0,0,-5,47,-1201,42,-8611,0,-31516,8611,0,25,0,0
1653,1059,SH,mem[10] = 0,-1201,0,0,0,-5,47,-1201,42,-8611,0,-31516,8611,0,25,0,0
1654,1060,SUB,,8611,0,0,0,-5,47,-1201,42,-8611,0,-31516,8611,0,25,0,0
1655,1061,LH,,8611,0,0,0,-5,47,-1201,42,-8611,0,-31516,8611,0,25,2,0
1656,1062,BEQ,,8611,0,0,0,-5,47,-1201,42,-8611,0,-31516,8611,0,25,2,0
1657,1063,LH,,8611,0,0,0,-5,47,-1201,5,-8611,0,-31516,8611,0,25,2,0
1658,1064,SH,mem[1] = -5,8611,0,0,0,-5,47,-1201,5,-8611,0,-31516,8611,0,25,2,0
1659,1065,LH,,8611,0,0,0,-5,47,-1201,5,-8611,0,5,8611,0,25,2,0
1660,1066,ADD,,8611,0,0,0,-5,47,-1201,5,-8611,0,5,8611,0,25,2,7410
1661,1067,BEQ,,8611,0,0,0,-5,47,-1201,5,-8611,0,5,8611,0,25,2,7410
1662,1068,LH,,8611,0,0,0,-5,47,-1201,19,-8611,0,5,8611,0,25,2,7410
1663,1069,BEQ,,8611,0,0,0,-5,47,-1201,19,-8611,0,5,8611,0,25,2,7410
1664,1070,SH,mem[10] = 5,8611,0,0,0,-5,47,-1201,19,-8611,0,5,8611,0,25,2,7410
1665,1071,SH,mem[15] = 5,8611,0,0,0,-5,47,-1201,19,-8611,0,5,8611,0,25,2,7410
1666,1072,ADD,,8611,0,0,0,-5,47,-1201,19,-8611,0,5,-8609,0,25,2,7410
1667,1073,SUB,,8606,0,0,0,-5,47,-1201,19,-8611,0,5,-8609,0,25,2,7410
1668,1074,BEQ,,8606,0,0,0,-5,47,-1201,19,-8611,0,5,-8609,0,25,2,7410
1669,1075,LH,,8606,0,0,0,-5,47,-1201,19,-8611,0,-1201,-8609,0,25,2,7410
1670,1076,BEQ,,8606,0,0,0,-5,47,-1201,19,-8611,0,-1201,-8609,0,25,2,7410
1671,1077,BEQ,,8606,0,0,0,-5,47,-1201,19,-8611,0,-1201,-8609,0,25,2,7410
1672,1090,SH,mem[15] = -1201,8606,0,0,0,-5,47,-1201,19,-8611,0,-1201,-8609,0,25,2,7410
1673,1091,LH,,8606,0,0,0,-5,47,2,19,-8611,0,-1201,-8609,0,25,2,7410
1674,1092,SH,mem[15] = 25,8606,0,0,0,-5,47,2,19,-8611,0,-1201,-8609,0,25,2,7410
1675,1093,SLT,,8606,0,0,0,-5,47,2,19,1,0,-1201,-8609,0,25,2,7410
1676,1094,ADD,,8606,0,0,0,-5,47,2,19,1,0,-1201,-8609,0,4,2,7410
1677,1095,MUL,,8606,0,0,0,-5,47,0,19,1,0,-1201,-8609,0,4,2,7410
1678,1096,SH,mem[15] = 4,8606,0,0,0,-5,47,0,19,1,0,-1201,-8609,0,4,2,7410
1679,1097,BEQ,,8606,0,0,0,-5,47,0,19,1,0,-1201,-8609,0,4,2,7410
1680,1098,LH,,8606,0,0,0,-5,47,0,19,1,0,-1201,-8609,0,4,3914,7410
1681,1099,SH,mem[11] = 0,8606,0,0,0,-5,47,0,19,1,0,-1201,-8609,0,4,3914,7410
1682,1100,SUB,,8606,0,0,0,-5,47,0,19,0,0,-1201,-8609,0,4,3914,7410
1683,1101,ADD,,8606,0,0,0,-5,0,0,19,0,0,-1201,-8609,0,4,3914,7410
1684,1102,BEQ,,8606,0,0,0,-5,0,0,19,0,0,-1201,-8609,0,4,3914,7410
1685,1111,LH,,8606,0,0,0,-5,4,0,19,0,0,-1201,-8609,0,4,3914,7410
1686,1112,ADD,,8606,0,0,0,-5,4,0,19,0,0,11324,-8609,0,4,3914,7410
1687,1113,ADD,,8606,0,0,0,-5,4,0,19,4,0,11324,-8609,0,4,3914,7410
1688,1114,MUL,,8606,0,0,0,-5,4,0,19,4,0,0,-8609,0,4,3914,7410
1689,1115,BEQ,,8606,0,0,0,-5,4,0,19,4,0,0,-8609,0,4,3914,7410
1690,1123,SLT,,8606,0,0,0,-5,4,0,19,4,0,0,-8609,0,4,3914,7410
1691,1124,SH,mem[5] = 0,8606,0,0,0,-5,4,0,19,4,0,0,-8609,0,4,3914,7410
1692,1125,LH,,8606,0,0,0,-5,4,3914,19,4,0,0,-8609,0,4,3914,7410
1693,1126,MUL,,8606,0,0,0,-5,4,3914,19,4,0,0,-8609,0,4,3914,7410
1694,1127,BEQ,,8606,0,0,0,-5,4,3914,19,4,0,0,-8609,0,4,3914,7410
1695,1128,SH,mem[15] = 19,8606,0,0,0,-5,4,3914,19,4,0,0,-8609,0,4,3914,7410
1696,1129,SUB,,8606,0,0,0,-5,4,3914,19,4,0,0,-8609,0,4,3914,7410
1697,1130,BEQ,,8606,0,0,0,-5,4,3914,19,4,0,0,-8609,0,4,3914,7410
1698,1131,ADD,,8606,0,0,0,-5,4,14820,19,4,0,0,-8609,0,4,3914,7410
1699,1132,SH,mem[15] = 4,8606,0,0,0,-5,4,14820,19,4,0,0,-8609,0,4,3914,7410
1700,1133,ADD,,8606,0,0,0,-5,4,14820,11324,4,0,0,-8609,0,4,3914,7410
1701,1134,SH,mem[10] = 3914,8606,0,0,0,-5,4,14820,11324,4,0,0,-8609,0,4,3914,7410
1702,1135,BEQ,,8606,0,0,0,-5,4,14820,11324,4,0,0,-8609,0,4,3914,7410
1703,1148,LH,,8606,0,0,0,-5,4,14820,3914,4,0,0,-8609,0,4,3914,7410
1704,1149,SUB,,8606,0,0,-4,-5,4,14820,3914,4,0,0,-8609,0,4,3914,7410
1705,1150,ADD,,8606,0,0,-4,-5,4,14820,3914,4,0,7406,-8609,0,4,3914,7410
1706,1151,LH,,1,0,0,-4,-5,4,14820,3914,4,0,7406,-8609,0,4,3914,7410
1707,1152,MUL,,1,0,0,-4,-5,4,14820,3914,4,0,7406,-8609,0,4,3914,7410
1708,1153,MUL,,1,0,0,-4,-5,4,14820,3914,4,-15656,7406,-8609,0,4,3914,7410
1709,1154,ADD,,3909,0,0,-4,-5,4,14820,3914,4,-15656,7406,-8609,0,4,3914,7410
1710,1155,LH,,3909,0,0,-4,-5,4,14820,3914,4,-15656,7406,3914,0,4,3914,7410
1711,1156,SH,mem[7] = 3914,3909,0,0,-4,-5,4,14820,3914,4,-15656,7406,3914,0,4,3914,7410
1712,1157,LH,,3909,0,0,-4,-5,4,4,3914,4,-15656,7406,3914,0,4,3914,7410
1713,1158,ADD,,3909,0,0,-4,-5,4,4,3914,4,-15656,3914,3914,0,4,3914,7410
1714,1159,SUB,,3909,0,0,-4,-5,-7406,4,3914,4,-15656,3914,3914,0,4,3914,7410
1715,1160,ADD,,3909,0,0,3914,-5,-7406,4,3914,4,-15656,3914,3914,0,4,3914,7410
1716,1161,LH,,-95,0,0,3914,-5,-7406,4,3914,4,-15656,3914,3914,0,4,3914,7410
1717,1162,SH,mem[3919] = 0,-95,0,0,3914,-5,-7406,4,3914,4,-15656,3914,3914,0,4,3914,7410
1718,1163,LH,,-95,0,0,3914,-5,-7406,4,3914,-98,-15656,3914,3914,0,4,3914,7410
1719,1164,SH,mem[2] = 0,-95,0,0,3914,-5,-7406,4,3914,-98,-15656,3914,3914,0,4,3914,7410
1720,1165,SLT,,-95,0,0,3914,-5,-7406,4,3914,-98,1,3914,3914,0,4,3914,7410
1721,1166,SH,mem[15] = 3914,-95,0,0,3914,-5,-7406,4,3914,-98,1,3914,3914,0,4,3914,7410
1722,1167,LH,,-95,0,0,3914,-5,-7406,4,3914,-98,1,3914,3914,0,4,3914,7410
1723,1168,LH,,-95,0,0,3914,-5,-7406,4,3914,-98,1,3914,3914,0,4,3914,7410
1724,1169,SH,mem[11] = 0,-95,0,0,3914,-5,-7406,4,3914,-98,1,3914,3914,0,4,3914,7410
1725,1170,SUB,,-3910,0,0,3914,-5,-7406,4,3914,-98,1,3914,3914,0,4,3914,7410
1726,1171,LH,,-3910,0,0,3914,-5,-7406,4,3914,-98,1,3914,3914,0,4,3914,7410
1727,1172,ADD,,-3910,0,0,3914,-5,-7406,4,3914,-98,1,3914,3914,-3492,4,3914,7410
1728,1173,SH,mem[3916] = 0,-3910,0,0,3914,-5,-7406,4,3914,-98,1,3914,3914,-3492,4,3914,7410
1729,1174,MUL,,-3910,0,0,3914,-5,-7406,4,3914,-98,0,3914,3914,-3492,4,3914,7410
1730,1175,LH,,-3910,0,0,3914,-5,-7406,82,3914,-98,0,3914,3914,-3492,4,3914,7410
1731,1176,MUL,,-3910,0,0,3914,-5,-7406,82,3914,-98,-29708,3914,3914,-3492,4,3914,7410
1732,1177,SH,mem[14] = -7406,-3910,0,0,3914,-5,-7406,82,3914,-98,-29708,3914,3914,-3492,4,3914,7410
1733,1178,SLT,,-3910,0,0,3914,-5,-7406,82,0,-98,-29708,3914,3914,-3492,4,3914,7410
1734,1179,ADD,,-3910,0,0,3914,-5,-7406,82,0,7828,-29708,3914,3914,-3492,4,3914,7410
1735,1180,LH,,-3910,0,-18,3914,-5,-7406,82,0,7828,-29708,3914,3914,-3492,4,3914,7410
1736,1181,SH,mem[2] = 0,-3910,0,-18,3914,-5,-7406,82,0,7828,-29708,3914,3914,-3492,4,3914,7410
1737,1182,SH,mem[15] = 7828,-3910,0,-18,3914,-5,-7406,82,0,7828,-29708,3914,3914,-3492,4,3914,7410
1738,1183,MUL,,-3910,0,-18,3914,-5,-7406,82,0,0,-29708,3914,3914,-3492,4,3914,7410
1739,1184,LH,,-3910,0,-18,3914,-5,-7406,82,0,0,-29708,3914,3914,-3492,4,1,7410
1740,1185,SH,mem[3918] = 4,-3910,0,-18,3914,-5,-7406,82,0,0,-29708,3914,3914,-3492,4,1,7410
1741,1186,LH,,-3910,0,-18,3914,-5,-7406,79,0,0,-29708,3914,3914,-3492,4,1,7410
1742,1187,MUL,,-3910,0,-18,3914,-5,-7406,79,0,0,-29708,3914,3914,18790,4,1,7410
1743,1188,ADD,,-3910,0,-18,3914,3918,-7406,79,0,0,-29708,3914,3914,18790,4,1,7410
1744,1189,SH,mem[19] = 79,-3910,0,-18,3914,3918,-7406,79,0,0,-29708,3914,3914,18790,4,1,7410
1745,1190,SH,mem[15] = -7406,-3910,0,-18,3914,3918,-7406,79,0,0,-29708,3914,3914,18790,4,1,7410
1746,1191,LH,,-3910,0,-18,3914,3918,-7406,79,96,0,-29708,3914,3914,18790,4,1,7410
1747,1192,LH,,-3910,0,-18,3914,3918,-100,79,96,0,-29708,3914,3914,18790,4,1,7410
1748,1193,MUL,,-3910,0,-18,3914,0,-100,79,96,0,-29708,3914,3914,18790,4,1,7410
1749,1194,SUB,,-3910,0,-3818,3914,0,-100,79,96,0,-29708,3914,3914,18790,4,1,7410
1750,1195,SH,mem[3899] = 0,-3910,0,-3818,3914,0,-100,79,96,0,-29708,3914,3914,18790,4,1,7410
1751,1196,LH,,-3910,0,-3818,0,0,-100,79,96,0,-29708,3914,3914,18790,4,1,7410
1752,1197,LH,,-3910,0,-3818,0,0,-100,79,-7406,0,-29708,3914,3914,18790,4,1,7410
1753,1198,ADD,,-3910,0,-3818,0,0,-100,79,-7406,0,7489,3914,3914,18790,4,1,7410
1754,1199,SH,mem[3909] = 18790,-3910,0,-3818,0,0,-100,79,-7406,0,7489,3914,3914,18790,4,1,7410
1755,1200,LH,,-3910,-85,-3818,0,0,-100,79,-7406,0,7489,3914,3914,18790,4,1,7410
1756,1201,LH,,-3910,-85,-3818,0,0,-100,-7406,-7406,0,7489,3914,3914,18790,4,1,7410
1757,1202,BEQ,,-3910,-85,-3818,0,0,-100,-7406,-7406,0,7489,3914,3914,18790,4,1,7410
1758,1213,ADD,,-3910,-85,8,0,0,-100,-7406,-7406,0,7489,3914,3914,18790,4,1,7410
1759,1214,BEQ,,-3910,-85,8,0,0,-100,-7406,-7406,0,7489,3914,3914,18790,4,1,7410
1760,1215,LH,,-7406,-85,8,0,0,-100,-7406,-7406,0,7489,3914,3914,18790,4,1,7410
1761,1216,ADD,,-7406,-85,8,0,0,0,-7406,-7406,0,7489,3914,3914,18790,4,1,7410
1762,1217,ADD,,-7406,-85,8,0,0,0,-7406,-7406,0,7489,3914,3914,18790,4,1,7410
1763,1218,ADD,,-7405,-85,8,0,0,0,-7406,-7406,0,7489,3914,3914,18790,4,1,7410
1764,1219,LH,,-7405,-7406,8,0,0,0,-7406,-7406,0,7489,3914,3914,18790,4,1,7410
1765,1220,SLT,,-7405,-7406,8,1,0,0,-7406,-7406,0,7489,3914,3914,18790,4,1,7410
1766,1221,MUL,,-7405,-7406,8,1,0,0,-7406,-7406,0,7489,-7406,3914,18790,4,1,7410
1767,1222,LH,,-7405,-7406,8,1,0,0,-7406,-7406,0,7489,-7406,3914,0,4,1,7410
1768,1223,LH,,-7405,-7406,8,1,0,0,-7406,-7406,0,7489,-7406,3914,0,4,1,7410
1769,1224,LH,,-7405,-7406,8,1,0,0,-7406,-7406,0,7489,-7406,3914,0,4,98,7410
1770,1225,MUL,,-7405,-7406,8,1,0,0,-7406,-7406,0,7489,-29624,3914,0,4,98,7410
1771,1226,BEQ,,-7405,-7406,8,1,0,0,-7406,-7406,0,7489,-29624,3914,0,4,98,7410
1772,1227,SH,mem[82] = 0,-7405,-7406,8,1,0,0,-7406,-7406,0,7489,-29624,3914,0,4,98,7410
1773,1228,ADD,,-7405,-7406,8,1,0,0,-7406,-7406,0,7489,-29624,3914,0,0,98,7410
1774,1229,LH,,-7405,0,8,1,0,0,-7406,-7406,0,7489,-29624,3914,0,0,98,7410
1775,1230,ADD,,-7405,0,8,1,3914,0,-7406,-7406,0,7489,-29624,3914,0,0,98,7410
1776,1231,SLT,,-7405,0,8,1,3914,0,-7406,-7406,0,7489,-29624,3914,0,0,98,7410
1777,1232,LH,,-7405,0,8,1,3914,0,-7406,-7406,0,7489,-29624,3914,0,0,-7406,7410
1778,1233,SUB,,-29624,0,8,1,3914,0,-7406,-7406,0,7489,-29624,3914,0,0,-7406,7410
1779,1234,SH,mem[3909] = 8,-29624,0,8,1,3914,0,-7406,-7406,0,7489,-29624,3914,0,0,-7406,7410
1780,1235,LH,,2,0,8,1,3914,0,-7406,-7406,0,7489,-29624,3914,0,0,-7406,7410
1781,1236,SUB,,2,0,8,1,3914,0,-7406,-7406,0,-29624,-29624,3914,0,0,-7406,7410
1782,1237,SH,mem[15] = 7410,2,0,8,1,3914,0,-7406,-7406,0,-29624,-29624,3914,0,0,-7406,7410
1783,1238,SLT,,2,0,8,1,3914,0,-7406,-7406,0,-29624,-29624,0,0,0,-7406,7410
1784,1239,SLT,,2,0,8,1,3914,0,0,-7406,0,-29624,-29624,0,0,0,-7406,7410
1785,1240,SH,mem[12] = -29624,2,0,8,1,3914,0,0,-7406,0,-29624,-29624,0,0,0,-7406,7410
1786,1241,SLT,,2,0,8,0,3914,0,0,-7406,0,-29624,-29624,0,0,0,-7406,7410
1787,1242,ADD,,2,3914,8,0,3914,0,0,-7406,0,-29624,-29624,0,0,0,-7406,7410
1788,1243,SH,mem[17] = -29624,2,3914,8,0,3914,0,0,-7406,0,-29624,-29624,0,0,0,-7406,7410
1789,1244,LH,,2,3914,8,0,3914,0,0,-7406,0,-29624,-29624,0,0,0,-7406,7410
1790,1245,LH,,2,3914,8,0,3914,0,0,-7406,0,-29624,-29624,68,0,0,-7406,7410
1791,1246,LH,,2,3914,8,-29624,3914,0,0,-7406,0,-29624,-29624,68,0,0,-7406,7410
1792,1247,SH,mem[3] = 2,2,3914,8,-29624,3914,0,0,-7406,0,-29624,-29624,68,0,0,-7406,7410
1793,1248,SUB,,2,-8,8,-29624,3914,0,0,-7406,0,-29624,-29624,68,0,0,-7406,7410
1794,1249,LH,,2,-8,8,-29624,-29624,0,0,-7406,0,-29624,-29624,68,0,0,-7406,7410
1795,1250,LH,,2,-8,8,-29624,-29624,0,0,-7406,0,-29624,-29624,68,0,0,-7406,7410
1796,1251,SUB,,2,-8,8,-29624,-29624,0,-7408,-7406,0,-29624,-29624,68,0,0,-7406,7410
1797,1252,LH,,2,-8,8,-29624,-29624,0,-7408,7410,0,-29624,-29624,68,0,0,-7406,7410
1798,1253,SUB,,2,7408,8,-29624,-29624,0,-7408,7410,0,-29624,-29624,68,0,0,-7406,7410
1799,1254,LH,,2,7408,-5,-29624,-29624,0,-7408,7410,0,-29624,-29624,68,0,0,-7406,7410
1800,1255,SH,mem[0] = -29624,2,7408,-5,-29624,-29624,0,-7408,7410,0,-29624,-29624,68,0,0,-7406,7410
1801,1256,LH,,2,7408,-5,-29624,-29624,0,-7408,7410,0,-29624,-29624,68,0,0,-7406,7410
1802,1257,SH,mem[13] = -29624,2,7408,-5,-29624,-29624,0,-7408,7410,0,-29624,-29624,68,0,0,-7406,7410
1803,1258,SLT,,2,7408,-5,-29624,-29624,0,-7408,7410,0,-29624,-29624,68,0,0,-7406,7410
1804,1259,ADD,,2,7408,-5,-29624,-29624,0,-7408,7410,-29629,-29624,-29624,68,0,0,-7406,7410
1805,1260,SH,mem[57] = 2,2,7408,-5,-29624,-29624,0,-7408,7410,-29629,-29624,-29624,68,0,0,-7406,7410
1806,1261,BEQ,,2,7408,-5,-29624,-29624,0,-7408,7410,-29629,-29624,-29624,68,0,0,-7406,7410
1807,1262,LH,,2,7408,-5,-29624,-29624,0,-7408,7410,0,-29624,-29624,68,0,0,-7406,7410
1808,1263,SH,mem[17] = 68,2,7408,-5,-29624,-29624,0,-7408,7410,0,-29624,-29624,68,0,0,-7406,7410
1809,1264,BEQ,,2,7408,-5,-29624,-29624,0,-7408,7410,0,-29624,-29624,68,0,0,-7406,7410
1810,1265,BEQ,,2,7408,-5,-29624,-29624,0,-7408,7410,0,-29624,-29624,68,0,0,-7406,7410
1811,1266,LH,,2,7408,-5,-29624,-29624,0,-7408,7410,0,-29624,-29624,68,0,0,3914,7410
1812,1267,LH,,2,7408,-5,-29624,-29624,0,7410,7410,0,-29624,-29624,68,0,0,3914,7410
1813,1268,SH,mem[9] = 0,2,7408,-5,-29624,-29624,0,7410,7410,0,-29624,-29624,68,0,0,3914,7410
1814,1269,SH,mem[15] = 7408,2,7408,-5,-29624,-29624,0,7410,7410,0,-29624,-29624,68,0,0,3914,7410
1815,1270,BEQ,,2,7408,-5,-29624,-29624,0,7410,7410,0,-29624,-29624,68,0,0,3914,7410
1816,1272,SH,mem[15] = 7410,2,7408,-5,-29624,-29624,0,7410,7410,0,-29624,-29624,68,0,0,3914,7410
1817,1273,SH,mem[11] = 68,2,7408,-5,-29624,-29624,0,7410,7410,0,-29624,-29624,68,0,0,3914,7410
1818,1274,SH,mem[17] = -29624,2,7408,-5,-29624,-29624,0,7410,7410,0,-29624,-29624,68,0,0,3914,7410
1819,1275,LH,,-5,7408,-5,-29624,-29624,0,7410,7410,0,-29624,-29624,68,0,0,3914,7410
1820,1276,LH,,-5,7408,-5,-29624,-29624,0,7410,7410,0,-29624,-29624,68,0,0,3914,7410
1821,1277,SH,mem[63] = 7410,-5,7408,-5,-29624,-29624,0,7410,7410,0,-29624,-29624,68,0,0,3914,7410
1822,1278,ADD,,-5,7408,-5,-29624,-29624,0,3909,7410,0,-29624,-29624,68,0,0,3914,7410
1823,1279,BEQ,,-5,7408,-5,-29624,-29624,0,3909,7410,0,-29624,-29624,68,0,0,3914,7410
1824,1280,SH,mem[1] = 7410,-5,7408,-5,-29624,-29624,0,3909,7410,0,-29624,-29624,68,0,0,3914,7410
1825,1281,ADD,,-5,7408,-5,-29624,-29624,0,3909,7410,0,-29624,-22214,68,0,0,3914,7410
1826,1282,BEQ,,-5,7408,-5,-29624,-29624,0,3909,7410,0,-29624,-22214,68,0,0,3914,7410
1827,1283,LH,,-5,7408,-5,-29624,-29624,0,3909,7410,0,-29624,-22214,3914,0,0,3914,7410
1828,1284,SH,mem[12] = 7410,-5,7408,-5,-29624,-29624,0,3909,7410,0,-29624,-22214,3914,0,0,3914,7410
1829,1285,LH,,-5,7408,-5,-29624,-29624,0,3909,7410,0,-29624,-22214,3914,0,0,3914,3914
1830,1286,SH,mem[12] = 7408,-5,7408,-5,-29624,-29624,0,3909,7410,0,-29624,-22214,3914,0,0,3914,3914
1831,1287,BEQ,,-5,7408,-5,-29624,-29624,0,3909,7410,0,-29624,-22214,3914,0,0,3914,3914
1832,1288,SLT,,-5,7408,-5,-29624,-29624,0,3909,7410,0,-29624,-22214,3914,0,0,1,3914
1833,1289,SH,mem[15] = -5,-5,7408,-5,-29624,-29624,0,3909,7410,0,-29624,-22214,3914,0,0,1,3914
1834,1290,BEQ,,-5,7408,-5,-29624,-29624,0,3909,7410,0,-29624,-22214,3914,0,0,1,3914
1835,1291,SH,mem[15] = 0,-5,7408,-5,-29624,-29624,0,3909,7410,0,-29624,-22214,3914,0,0,1,3914
1836,1292,SLT,,-5,7408,-5,1,-29624,0,3909,7410,0,-29624,-22214,3914,0,0,1,3914
1837,1293,ADD,,-5,7408,-5,-4,-29624,0,3909,7410,0,-29624,-22214,3914,0,0,1,3914
1838,1294,ADD,,-5,7408,-5,-4,-22216,0,3909,7410,0,-29624,-22214,3914,0,0,1,3914
1839,1295,ADD,,-5,7408,-5,-29629,-22216,0,3909,7410,0,-29624,-22214,3914,0,0,1,3914
1840,1296,SH,mem[3918] = 7410,-5,7408,-5,-29629,-22216,0,3909,7410,0,-29624,-22214,3914,0,0,1,3914
1841,1297,MUL,,-5,7408,-5,-29629,-22216,0,3909,7410,0,-29624,-22214,3914,0,0,1,3914
1842,1298,LH,,-5,7408,-5,-29629,-98,0,3909,7410,0,-29624,-22214,3914,0,0,1,3914
1843,1299,LH,,-5,7408,-5,-29629,3914,0,3909,7410,0,-29624,-22214,3914,0,0,1,3914
1844,1300,SH,mem[2] = 3914,-5,7408,-5,-29629,3914,0,3909,7410,0,-29624,-22214,3914,0,0,1,3914
1845,1301,LH,,-5,7408,-5,-29629,3914,10,3909,7410,0,-29624,-22214,3914,0,0,1,3914
1846,1302,LH,,-5,7408,-5,-29629,3914,10,3909,7410,0,-29624,-22214,3914,-48,0,1,3914
1847,1303,SH,mem[8] = 3909,-5,7408,-5,-29629,3914,10,3909,7410,0,-29624,-22214,3914,-48,0,1,3914
1848,1304,LH,,-5,7408,-10306,-29629,3914,10,3909,7410,0,-29624,-22214,3914,-48,0,1,3914
1849,1305,ADD,,-5,7408,-10306,-29629,3914,10,3909,7410,0,-29624,-22214,3914,-48,0,1,-47
1850,1306,MUL,,-5,7408,-10306,-29629,8544,10,3909,7410,0,-29624,-22214,3914,-48,0,1,-47
1851,1307,SH,mem[3924] = -29629,-5,7408,-10306,-29629,8544,10,3909,7410,0,-29624,-22214,3914,-48,0,1,-47
1852,1308,MUL,,-5,7408,-10306,-29629,8544,10,3909,7410,-11068,-29624,-22214,3914,-48,0,1,-47
1853,1309,BEQ,,-5,7408,-10306,-29629,8544,10,3909,7410,-11068,-29624,-22214,3914,-48,0,1,-47
1854,1310,LH,,-5,7408,-10306,-29629,8544,3914,3909,7410,-11068,-29624,-22214,3914,-48,0,1,-47
1855,1311,SH,mem[3920] = 8544,-5,7408,-10306,-29629,8544,3914,3909,7410,-11068,-29624,-22214,3914,-48,0,1,-47
1856,1312,SH,mem[3923] = 3914,-5,7408,-10306,-29629,8544,3914,3909,7410,-11068,-29624,-22214,3914,-48,0,1,-47
1857,1313,SH,mem[9] = 3909,-5,7408,-10306,-29629,8544,3914,3909,7410,-11068,-29624,-22214,3914,-48,0,1,-47
1858,1314,SUB,,-5,7408,-10306,-29629,8544,3914,3909,4630,-11068,-29624,-22214,3914,-48,0,1,-47
1859,1315,MUL,,1896,7408,-10306,-29629,8544,3914,3909,4630,-11068,-29624,-22214,3914,-48,0,1,-47
1860,1316,ADD,,1896,7408,-10306,-29629,8544,-7154,3909,4630,-11068,-29624,-22214,3914,-48,0,1,-47
1861,1317,SH,mem[3918] = -10306,1896,7408,-10306,-29629,8544,-7154,3909,4630,-11068,-29624,-22214,3914,-48,0,1,-47
1862,1318,MUL,,-7154,7408,-10306,-29629,8544,-7154,3909,4630,-11068,-29624,-22214,3914,-48,0,1,-47
1863,1319,SH,mem[3908] = -11068,-7154,7408,-10306,-29629,8544,-7154,3909,4630,-11068,-29624,-22214,3914,-48,0,1,-47
1864,1320,SLT,,-7154,7408,-10306,-29629,8544,0,3909,4630,-11068,-29624,-22214,3914,-48,0,1,-47
1865,1321,ADD,,-7154,7408,-10306,-29629,8544,0,3909,4630,-11068,-29624,-22214,3914,-48,0,1,-6397
1866,1322,BEQ,,-7154,7408,-10306,-29629,8544,0,3909,4630,-11068,-29624,-22214,3914,-48,0,1,-6397
1867,1323,LH,,-7154,7408,3,-29629,8544,0,3909,4630,-11068,-29624,-22214,3914,-48,0,1,-6397
1868,1324,SH,mem[18] = 0,-7154,7408,3,-29629,8544,0,3909,4630,-11068,-29624,-22214,3914,-48,0,1,-6397
1869,1325,SUB,,-7154,7408,3,-29629,2,0,3909,4630,-11068,-29624,-22214,3914,-48,0,1,-6397
1870,1326,ADD,,-7154,7408,3,-29629,2,-2488,3909,4630,-11068,-29624,-22214,3914,-48,0,1,-6397
1871,1327,SUB,,-7154,7408,3,-29629,2,-2488,3909,4630,-11068,-29624,-22214,3914,-48,49,1,-6397
1872,1328,MUL,,-7154,7408,3,-29629,2,-2488,3909,4630,-11068,-29624,-22214,-5844,-48,49,1,-6397
1873,1329,SUB,,-7154,-23785,3,-29629,2,-2488,3909,4630,-11068,-29624,-22214,-5844,-48,49,1,-6397
1874,1330,BEQ,,-7154,-23785,3,-29629,2,-2488,3909,4630,-11068,-29624,-22214,-5844,-48,49,1,-6397
1875,1331,BEQ,,-7154,-23785,3,-29629,2,-2488,3909,4630,-11068,-29624,-22214,-5844,-48,49,1,-6397
1876,1332,SH,mem[7] = 1,-7154,-23785,3,-29629,2,-2488,3909,4630,-11068,-29624,-22214,-5844,-48,49,1,-6397
1877,1333,MUL,,-7154,9,3,-29629,2,-2488,3909,4630,-11068,-29624,-22214,-5844,-48,49,1,-6397
1878,1334,SUB,,-7154,-29581,3,-29629,2,-2488,3909,4630,-11068,-29624,-22214,-5844,-48,49,1,-6397
1879,1335,SUB,,-7154,-29581,3,-29629,2,-2488,3909,4630,-26844,-29624,-22214,-5844,-48,49,1,-6397
1880,1336,SUB,,-7154,-29581,3,-29629,2,-2488,3909,4630,-26844,-29624,553,-5844,-48,49,1,-6397
1881,1337,ADD,,-7154,-29581,3,-29629,2,-2488,3909,4630,-26844,-6394,553,-5844,-48,49,1,-6397
1882,1338,SH,mem[54] = 49,-7154,-29581,3,-29629,2,-2488,3909,4630,-26844,-6394,553,-5844,-48,49,1,-6397
1883,1339,MUL,,-7154,-29581,3,-29629,2,-2488,3909,-7154,-26844,-6394,553,-5844,-48,49,1,-6397
1884,1340,LH,,-7154,-29581,3,-29629,2,-2488,3909,-7154,0,-6394,553,-5844,-48,49,1,-6397
1885,1341,SUB,,-7154,-29581,3,-29629,2,-2488,3909,-7154,0,-6394,553,-5844,-48,49,1,-11063
1886,1342,MUL,,-7154,-29581,3,-14308,2,-2488,3909,-7154,0,-6394,553,-5844,-48,49,1,-11063
1887,1343,SLT,,-7154,-29581,3,-14308,2,-2488,3909,-7154,0,-6394,553,-5844,-48,0,1,-11063
1888,1344,LH,,-7154,-29581,3,-14308,2,-2488,3909,-7154,0,-6394,553,-5844,-48,0,1,-11063
1889,1345,LH,,-7154,-29581,3,-14308,2,-2488,3909,-10306,0,-6394,553,-5844,-48,0,1,-11063
1890,1346,LH,,-7154,-29581,3,-14308,2,-2488,3909,0,0,-6394,553,-5844,-48,0,1,-11063
1891,1347,SH,mem[16] = 0,-7154,-29581,3,-14308,2,-2488,3909,0,0,-6394,553,-5844,-48,0,1,-11063
1892,1348,BEQ,,-7154,-29581,3,-14308,2,-2488,3909,0,0,-6394,553,-5844,-48,0,1,-11063
1893,1354,SUB,,-7154,-29581,3,-14308,2,-2488,3909,0,0,-6394,553,-5844,-48,0,2490,-11063
1894,1355,SH,mem[1] = 2490,-7154,-29581,3,-14308,2,-2488,3909,0,0,-6394,553,-5844,-48,0,2490,-11063
1895,1356,MUL,,-7154,-29581,3,-14308,2,-2488,3909,0,0,-6394,553,0,-48,0,2490,-11063
1896,1357,BEQ,,-7154,-29581,3,-14308,2,-2488,3909,0,0,-6394,553,0,-48,0,2490,-11063
1897,1358,SLT,,-7154,-29581,3,-14308,2,-2488,3909,0,0,-6394,0,0,-48,0,2490,-11063
1898,1359,SH,mem[2502] = 0,-7154,-29581,3,-14308,2,-2488,3909,0,0,-6394,0,0,-48,0,2490,-11063
1899,1360,SUB,,-7154,7154,3,-14308,2,-2488,3909,0,0,-6394,0,0,-48,0,2490,-11063
1900,1361,SH,mem[3] = 3,-7154,7154,3,-14308,2,-2488,3909,0,0,-6394,0,0,-48,0,2490,-11063
1901,1362,LH,,-7154,7154,3,-14308,2,-2488,3909,0,3,-6394,0,0,-48,0,2490,-11063
1902,1363,SH,mem[18] = -48,-7154,7154,3,-14308,2,-2488,3909,0,3,-6394,0,0,-48,0,2490,-11063
1903,1364,LH,,-7154,7154,3,2490,2,-2488,3909,0,3,-6394,0,0,-48,0,2490,-11063
1904,1365,LH,,-7154,7154,3,2490,2,-2488,3909,0,3,-6394,0,0,-48,-29624,2490,-11063
1905,1366,SH,mem[18] = -2488,-7154,7154,3,2490,2,-2488,3909,0,3,-6394,0,0,-48,-29624,2490,-11063
1906,1367,LH,,-29624,7154,3,2490,2,-2488,3909,0,3,-6394,0,0,-48,-29624,2490,-11063
1907,1368,LH,,-29624,7154,3,2490,2,-2488,3909,68,3,-6394,0,0,-48,-29624,2490,-11063
1908,1369,LH,,-29624,7154,3,2490,2,-2488,3909,68,3,-6394,0,0,-48,-29624,2490,0
1909,1370,LH,,-29624,7154,3,2490,2,-2488,3909,68,3,-6394,0,0,-48,-29624,2490,0
1910,1371,BEQ,,-29624,7154,3,2490,2,-2488,3909,68,3,-6394,0,0,-48,-29624,2490,0
1911,1372,LH,,-29624,-2488,3,2490,2,-2488,3909,68,3,-6394,0,0,-48,-29624,2490,0
1912,1373,ADD,,-29624,-2488,3,2490,2,-2488,3909,68,3,-6394,0,0,-8882,-29624,2490,0
1913,1374,SH,mem[2490] = -2488,-29624,-2488,3,2490,2,-2488,3909,68,3,-6394,0,0,-8882,-29624,2490,0
1914,1375,SH,mem[2487] = 3,-29624,-2488,3,2490,2,-2488,3909,68,3,-6394,0,0,-8882,-29624,2490,0
1915,1376,BEQ,,-29624,-2488,3,2490,2,-2488,3909,68,3,-6394,0,0,-8882,-29624,2490,0
1916,1377,SLT,,1,-2488,3,2490,2,-2488,3909,68,3,-6394,0,0,-8882,-29624,2490,0
1917,1378,SH,mem[3896] = 3909,1,-2488,3,2490,2,-2488,3909,68,3,-6394,0,0,-8882,-29624,2490,0
1918,1379,LH,,78,-2488,3,2490,2,-2488,3909,68,3,-6394,0,0,-8882,-29624,2490,0
1919,1380,LH,,1,-2488,3,2490,2,-2488,3909,68,3,-6394,0,0,-8882,-29624,2490,0
1920,1381,SUB,,1,-2488,3,2490,2,-2488,3909,68,3,-6394,0,0,-8882,-29624,2490,0
1921,1382,SH,mem[2478] = 3,1,-2488,3,2490,2,-2488,3909,68,3,-6394,0,0,-8882,-29624,2490,0
1922,1383,BEQ,,1,-2488,3,2490,2,-2488,3909,68,3,-6394,0,0,-8882,-29624,2490,0
1923,1384,LH,,1,-2488,-84,2490,2,-2488,3909,68,3,-6394,0,0,-8882,-29624,2490,0
1924,1385,SH,mem[79] = 2490,1,-2488,-84,2490,2,-2488,3909,68,3,-6394,0,0,-8882,-29624,2490,0
1925,1386,SH,mem[67] = 2490,1,-2488,-84,2490,2,-2488,3909,68,3,-6394,0,0,-8882,-29624,2490,0
1926,1387,LH,,1,-2488,-84,2490,2,-2488,3909,68,3,-6394,0,0,-8882,-14,2490,0
1927,1388,SUB,,1,-2488,2556,2490,2,-2488,3909,68,3,-6394,0,0,-8882,-14,2490,0
1928,1389,LH,,1,-2488,2556,2490,2,2490,3909,68,3,-6394,0,0,-8882,-14,2490,0
1929,1390,SUB,,1,-2488,2556,2490,2,2490,3909,68,-2555,-6394,0,0,-8882,-14,2490,0
1930,1391,BEQ,,1,-2488,2556,2490,2,2490,3909,68,-2555,-6394,0,0,-8882,-14,2490,0
1931,1400,LH,,1,-2488,2556,2490,2,2490,3909,68,-2555,0,0,0,-8882,-14,2490,0
1932,1401,BEQ,,1,-2488,2556,2490,2,2490,3909,68,-2555,0,0,0,-8882,-14,2490,0
1933,1402,SH,mem[3893] = 2556,1,-2488,2556,2490,2,2490,3909,68,-2555,0,0,0,-8882,-14,2490,0
1934,1403,SH,mem[15] = 0,1,-2488,2556,2490,2,2490,3909,68,-2555,0,0,0,-8882,-14,2490,0
1935,1404,SH,mem[5] = 2490,1,-2488,2556,2490,2,2490,3909,68,-2555,0,0,0,-8882,-14,2490,0
1936,1405,SLT,,1,-2488,2556,2490,2,2490,3909,68,-2555,0,0,0,-8882,1,2490,0
1937,1406,BEQ,,1,-2488,2556,2490,2,2490,3909,68,-2555,0,0,0,-8882,1,2490,0
1938,1422,SLT,,1,1,2556,2490,2,2490,3909,68,-2555,0,0,0,-8882,1,2490,0
1939,1423,SH,mem[4] = 0,1,1,2556,2490,2,2490,3909,68,-2555,0,0,0,-8882,1,2490,0
1940,1424,SH,mem[15] = 1,1,1,2556,2490,2,2490,3909,68,-2555,0,0,0,-8882,1,2490,0
1941,1425,SH,mem[2484] = 0,1,1,2556,2490,2,2490,3909,68,-2555,0,0,0,-8882,1,2490,0
1942,1426,SH,mem[11] = 2,1,1,2556,2490,2,2490,3909,68,-2555,0,0,0,-8882,1,2490,0
1943,1427,BEQ,,1,1,2556,2490,2,2490,3909,68,-2555,0,0,0,-8882,1,2490,0
1944,1428,LH,,1,1,2556,2490,2,2490,3909,68,-2555,0,0,0,-8882,60,2490,0
1945,1429,BEQ,,1,1,2556,2490,2,2490,3909,68,-2555,0,0,0,-8882,60,2490,0
1946,1430,LH,,1,1,-29624,2490,2,2490,3909,68,-2555,0,0,0,-8882,60,2490,0
1947,1431,BEQ,,1,1,-29624,2490,2,2490,3909,68,-2555,0,0,0,-8882,60,2490,0
1948,1432,LH,,1,1,-29624,2490,2,2490,3909,68,-2555,0,0,0,-8882,60,3914,0
1949,1433,MUL,,1,1,-29624,2490,2,2490,3909,68,-2555,0,0,0,-8882,60,3914,-31454
1950,1434,SH,mem[15] = 60,1,1,-29624,2490,2,2490,3909,68,-2555,0,0,0,-8882,60,3914,-31454
1951,1435,ADD,,1,1,-29624,2490,-4973,2490,3909,68,-2555,0,0,0,-8882,60,3914,-31454
1952,1436,SH,mem[3920] = 0,1,1,-29624,2490,-4973,2490,3909,68,-2555,0,0,0,-8882,60,3914,-31454
1953,1437,SH,mem[82] = 2490,1,1,-29624,2490,-4973,2490,3909,68,-2555,0,0,0,-8882,60,3914,-31454
1954,1438,ADD,,1,-27134,-29624,2490,-4973,2490,3909,68,-2555,0,0,0,-8882,60,3914,-31454
1955,1439,SLT,,1,-27134,-29624,2490,-4973,2490,0,68,-2555,0,0,0,-8882,60,3914,-31454
1956,1440,ADD,,1,-27134,-29624,2490,-4973,2490,0,68,-2555,0,-31386,0,-8882,60,3914,-31454
1957,1441,ADD,,1,-27134,-29624,2490,-4973,2490,0,68,-2555,0,2558,0,-8882,60,3914,-31454
1958,1442,LH,,1,-27134,-29624,2490,-4973,2490,86,68,-2555,0,2558,0,-8882,60,3914,-31454
1959,1443,SLT,,1,-27134,-29624,2490,-4973,0,86,68,-2555,0,2558,0,-8882,60,3914,-31454
1960,1444,SH,mem[15] = 68,1,-27134,-29624,2490,-4973,0,86,68,-2555,0,2558,0,-8882,60,3914,-31454
1961,1445,SH,mem[0] = 60,1,-27134,-29624,2490,-4973,0,86,68,-2555,0,2558,0,-8882,60,3914,-31454
1962,1446,LH,,1,-27134,-29624,2490,-4973,-54,86,68,-2555,0,2558,0,-8882,60,3914,-31454
1963,1447,ADD,,1,-27134,2436,2490,-4973,-54,86,68,-2555,0,2558,0,-8882,60,3914,-31454
1964,1448,MUL,,0,-27134,2436,2490,-4973,-54,86,68,-2555,0,2558,0,-8882,60,3914,-31454
1965,1449,ADD,,0,-27134,2436,2490,-4973,-2469,86,68,-2555,0,2558,0,-8882,60,3914,-31454
1966,1450,ADD,,0,-27134,2436,2490,-4973,-2469,86,68,-2555,0,2436,0,-8882,60,3914,-31454
1967,1451,LH,,0,-27134,2436,2490,-4973,-2469,86,68,-2555,0,2436,0,-8882,-50,3914,-31454
1968,1452,SH,mem[15] = 2436,0,-27134,2436,2490,-4973,-2469,86,68,-2555,0,2436,0,-8882,-50,3914,-31454
1969,1453,LH,,0,-27134,-2488,2490,-4973,-2469,86,68,-2555,0,2436,0,-8882,-50,3914,-31454
1970,1454,LH,,0,-27134,-2488,2490,-4973,-2469,86,68,-2555,0,2436,0,-8882,-50,-80,-31454
1971,1455,SH,mem[15] = -8882,0,-27134,-2488,2490,-4973,-2469,86,68,-2555,0,2436,0,-8882,-50,-80,-31454
1972,1456,LH,,0,-27134,-2488,2490,-4973,-2469,86,57,-2555,0,2436,0,-8882,-50,-80,-31454
1973,1457,SLT,,0,-27134,1,2490,-4973,-2469,86,57,-2555,0,2436,0,-8882,-50,-80,-31454
1974,1458,BEQ,,0,-27134,1,2490,-4973,-2469,86,57,-2555,0,2436,0,-8882,-50,-80,-31454
1975,1459,SUB,,0,-27134,-86,2490,-4973,-2469,86,57,-2555,0,2436,0,-8882,-50,-80,-31454
1976,1460,LH,,0,-27134,-86,2490,-4973,-2469,86,57,-2555,0,2436,0,-8882,-50,99,-31454
1977,1461,MUL,,0,-27134,-86,0,-4973,-2469,86,57,-2555,0,2436,0,-8882,-50,99,-31454
1978,1462,SH,mem[7] = -4973,0,-27134,-86,0,-4973,-2469,86,57,-2555,0,2436,0,-8882,-50,99,-31454
1979,1463,LH,,0,-27134,-86,90,-4973,-2469,86,57,-2555,0,2436,0,-8882,-50,99,-31454
1980,1464,SLT,,0,-27134,-86,90,-4973,-2469,86,57,-2555,0,1,0,-8882,-50,99,-31454
1981,1465,SLT,,0,-27134,-86,90,0,-2469,86,57,-2555,0,1,0,-8882,-50,99,-31454
1982,1466,SUB,,0,-27134,-86,90,0,-2469,86,57,-2555,0,1,0,-8882,-50,99,0
1983,1467,LH,,0,-27134,-86,90,0,-2469,-8882,57,-2555,0,1,0,-8882,-50,99,0
1984,1468,ADD,,0,-27134,-86,90,0,-2469,-8882,57,-2555,-5024,1,0,-8882,-50,99,0
1985,1469,SH,mem[16] = 90,0,-27134,-86,90,0,-2469,-8882,57,-2555,-5024,1,0,-8882,-50,99,0
1986,1470,MUL,,0,0,-86,90,0,-2469,-8882,57,-2555,-5024,1,0,-8882,-50,99,0
1987,1471,LH,,0,0,-86,47,0,-2469,-8882,57,-2555,-5024,1,0,-8882,-50,99,0
1988,1472,SH,mem[103] = 0,0,0,-86,47,0,-2469,-8882,57,-2555,-5024,1,0,-8882,-50,99,0
1989,1473,LH,,0,0,-86,47,0,-2469,-8882,57,-2555,-5024,1,-8882,-8882,-50,99,0
1990,1474,LH,,0,0,-86,47,0,-2469,-8882,57,-2555,-5024,1,-8882,-8882,-50,99,0
1991,1475,ADD,,0,0,-86,47,0,-2469,-8882,57,-2555,-5024,1,-8882,-8882,-50,-8825,0
1992,1476,BEQ,,0,0,-86,47,0,-2469,-8882,57,-2555,-5024,1,-8882,-8882,-50,-8825,0
1993,1488,LH,,0,0,-86,90,0,-2469,-8882,57,-2555,-5024,1,-8882,-8882,-50,-8825,0
1994,1489,SUB,,0,0,-86,90,0,-2469,-8882,57,-2555,-5024,1,-8882,-8882,-50,51,0
1995,1490,SUB,,0,0,-86,90,0,-2469,-8882,-2555,-2555,-5024,1,-8882,-8882,-50,51,0
1996,1491,SH,mem[16] = 90,0,0,-86,90,0,-2469,-8882,-2555,-2555,-5024,1,-8882,-8882,-50,51,0
1997,1492,SH,mem[77] = -5024,0,0,-86,90,0,-2469,-8882,-2555,-2555,-5024,1,-8882,-8882,-50,51,0
1998,1493,ADD,,0,0,-86,90,0,-2469,-8882,-2555,-2555,-5024,1,-8882,-8882,-50,-2418,0
1999,1494,BEQ,,0,0,-86,90,0,-2469,-8882,-2555,-2555,-5024,1,-8882,-8882,-50,-2418,0
2000,1495,SUB,,0,0,-86,90,0,-2469,-8882,-2555,-2555,-90,1,-8882,-8882,-50,-2418,0
2001,1496,LH,,0,0,-86,90,0,-2469,-8882,-2555,-2555,90,1,-8882,-8882,-50,-2418,0
2002,1497,J,,0,0,-86,90,0,-2469,-8882,-2555,-2555,90,1,-8882,-8882,-50,-2418,0
2003,1532,BEQ,,0,0,-86,90,0,-2469,-8882,-2555,-2555,90,1,-8882,-8882,-50,-2418,0
2004,1533,ADD,,0,0,-86,90,0,-2469,-8882,-2555,-2555,90,1,-8882,-8882,90,-2418,0
2005,1534,MUL,,0,0,-86,90,0,-2469,-8882,-2555,-2555,90,16839,-8882,-8882,90,-2418,0
2006,1535,MUL,,0,-12948,-86,90,0,-2469,-8882,-2555,-2555,90,16839,-8882,-8882,90,-2418,0
2007,1536,LH,,0,-12948,-86,90,0,-2469,-8882,-2555,-2555,90,16839,-8882,-8882,90,-2418,49
2008,1537,MUL,,4410,-12948,-86,90,0,-2469,-8882,-2555,-2555,90,16839,-8882,-8882,90,-2418,49
2009,1538,SH,mem[15] = -2555,4410,-12948,-86,90,0,-2469,-8882,-2555,-2555,90,16839,-8882,-8882,90,-2418,49
2010,1539,MUL,,4410,-12948,-86,90,0,-2469,-8882,-2555,-2555,90,16839,-8882,23122,90,-2418,49
2011,1540,LH,,4410,-12948,-86,90,0,-2469,-8882,-2555,-2555,90,16839,-8882,-486,90,-2418,49
2012,1541,BEQ,,4410,-12948,-86,90,0,-2469,-8882,-2555,-2555,90,16839,-8882,-486,90,-2418,49
2013,1542,SH,mem[81] = 49,4410,-12948,-86,90,0,-2469,-8882,-2555,-2555,90,16839,-8882,-486,90,-2418,49
2014,1543,LH,,1,-12948,-86,90,0,-2469,-8882,-2555,-2555,90,16839,-8882,-486,90,-2418,49
2015,1544,LH,,7410,-12948,-86,90,0,-2469,-8882,-2555,-2555,90,16839,-8882,-486,90,-2418,49
2016,1545,LH,,7410,-12948,-86,90,0,-2469,-8882,-2555,-2555,90,16839,-8882,-486,90,-2418,49
2017,1546,SLT,,7410,-12948,-86,90,0,-2469,-8882,-2555,-2555,90,1,-8882,-486,90,-2418,49
2018,1547,LH,,7410,-12948,-86,90,0,-2469,-8882,-2555,-2555,90,1,-93,-486,90,-2418,49
2019,1548,SUB,,7410,-12948,-86,90,0,-2469,-8882,-2555,-2555,90,1,-93,89,90,-2418,49
2020,1549,SUB,,7410,-12948,-86,-2508,0,-2469,-8882,-2555,-2555,90,1,-93,89,90,-2418,49
2021,1550,J,,7410,-12948,-86,-2508,0,-2469,-8882,-2555,-2555,90,1,-93,89,90,-2418,49
2022,1520,SLT,,7410,-12948,-86,-2508,0,-2469,0,-2555,-2555,90,1,-93,89,90,-2418,49
2023,1521,LH,,7410,-12948,-86,-2508,0,-2469,0,-2555,-2555,90,1,-93,89,90,1,49
2024,1522,ADD,,7410,-12948,-86,-2508,0,-2469,0,-2555,-2555,90,1,-93,89,90,1,179
2025,1523,LH,,7410,-12948,-86,-2508,0,-2469,0,-2555,-2555,-2555,1,-93,89,90,1,179
2026,1524,LH,,7410,-12948,-86,90,0,-2469,0,-2555,-2555,-2555,1,-93,89,90,1,179
2027,1525,SUB,,7410,-12948,-86,90,0,-2469,0,-2555,-2555,-2555,90,-93,89,90,1,179
2028,1526,SH,mem[16] = 1,7410,-12948,-86,90,0,-2469,0,-2555,-2555,-2555,90,-93,89,90,1,179
2029,1527,LH,,7410,-12948,-86,90,0,-2469,0,-2555,-2555,-2555,90,-93,89,90,1,53
2030,1528,ADD,,7410,-12948,-86,90,-5110,-2469,0,-2555,-2555,-2555,90,-93,89,90,1,53
2031,1529,SLT,,7410,-12948,-86,90,-5110,-2469,0,-2555,-2555,-2555,90,0,89,90,1,53
2032,1530,SH,mem[97] = 90,7410,-12948,-86,90,-5110,-2469,0,-2555,-2555,-2555,90,0,89,90,1,53
2033,1531,J,,7410,-12948,-86,90,-5110,-2469,0,-2555,-2555,-2555,90,0,89,90,1,53
2034,1501,ADD,,7410,-12948,-86,-2554,-5110,-2469,0,-2555,-2555,-2555,90,0,89,90,1,53
2035,1502,SLT,,7410,0,-86,-2554,-5110,-2469,0,-2555,-2555,-2555,90,0,89,90,1,53
2036,1503,LH,,7410,0,-86,-2554,-5110,-2469,0,-2555,-2555,-2555,90,0,89,90,3909,53
2037,1504,LH,,7410,0,-86,-2554,-5110,-2469,0,-2555,7408,-2555,90,0,89,90,3909,53
2038,1505,SH,mem[81] = 90,7410,0,-86,-2554,-5110,-2469,0,-2555,7408,-2555,90,0,89,90,3909,53
2039,1506,BEQ,,7410,0,-86,-2554,-5110,-2469,0,-2555,7408,-2555,90,0,89,90,3909,53
2040,1507,BEQ,,7410,0,-86,-2554,-5110,-2469,0,-2555,7408,-2555,90,0,89,90,3909,53
2041,1508,SH,mem[15] = 90,7410,0,-86,-2554,-5110,-2469,0,-2555,7408,-2555,90,0,89,90,3909,53
2042,1509,LH,,7410,0,-86,-2554,-5110,-2469,0,-2555,7408,-2555,90,0,89,90,3909,53
2043,1510,MUL,,7410,0,-86,-2554,-5110,-2469,0,-2555,0,-2555,90,0,89,90,3909,53
2044,1511,SH,mem[5] = 53,7410,0,-86,-2554,-5110,-2469,0,-2555,0,-2555,90,0,89,90,3909,53
2045,1512,SH,mem[15] = -2555,7410,0,-86,-2554,-5110,-2469,0,-2555,0,-2555,90,0,89,90,3909,53
2046,1513,SUB,,7410,0,-2469,-2554,-5110,-2469,0,-2555,0,-2555,90,0,89,90,3909,53
2047,1514,SH,mem[3921] = -2554,7410,0,-2469,-2554,-5110,-2469,0,-2555,0,-2555,90,0,89,90,3909,53
2048,1515,SH,mem[14] = 90,7410,0,-2469,-2554,-5110,-2469,0,-2555,0,-2555,90,0,89,90,3909,53
2049,1516,SH,mem[3916] = 90,7410,0,-2469,-2554,-5110,-2469,0,-2555,0,-2555,90,0,89,90,3909,53
2050,1517,J,,7410,0,-2469,-2554,-5110,-2469,0,-2555,0,-2555,90,0,89,90,3909,53
2051,1551,MUL,,7410,0,-25575,-2554,-5110,-2469,0,-2555,0,-2555,90,0,89,90,3909,53
2052,1552,SH,mem[3899] = 90,7410,0,-25575,-2554,-5110,-2469,0,-2555,0,-2555,90,0,89,90,3909,53
2053,1553,SH,mem[49] = 7410,7410,0,-25575,-2554,-5110,-2469,0,-2555,0,-2555,90,0,89,90,3909,53
2054,1554,SH,mem[1] = 53,7410,0,-25575,-2554,-5110,-2469,0,-2555,0,-2555,90,0,89,90,3909,53
2055,1555,SUB,,7410,0,-25575,-2554,-5110,-2469,0,-2555,0,-2555,90,0,89,90,3909,7320
2056,1556,SH,mem[11] = -2469,7410,0,-25575,-2554,-5110,-2469,0,-2555,0,-2555,90,0,89,90,3909,7320
2057,1557,SH,mem[88] = -2555,7410,0,-25575,-2554,-5110,-2469,0,-2555,0,-2555,90,0,89,90,3909,7320
2058,1558,LH,,7410,-2555,-25575,-2554,-5110,-2469,0,-2555,0,-2555,90,0,89,90,3909,7320
2059,1559,SH,mem[104] = -5110,7410,-2555,-25575,-2554,-5110,-2469,0,-2555,0,-2555,90,0,89,90,3909,7320
2060,1560,SH,mem[6] = -2469,7410,-2555,-25575,-2554,-5110,-2469,0,-2555,0,-2555,90,0,89,90,3909,7320
2061,1561,SH,mem[4] = 90,7410,-2555,-25575,-2554,-5110,-2469,0,-2555,0,-2555,90,0,89,90,3909,7320
2062,1562,LH,,7410,-2555,-25575,-2554,-5110,-2469,0,47,0,-2555,90,0,89,90,3909,7320
2063,1563,MUL,,7410,-2555,-25575,-2554,-5110,-2469,0,47,0,-2555,90,0,4230,90,3909,7320
2064,1564,LH,,7410,-2555,-25575,-2554,-5110,-2469,0,47,0,-2555,90,0,4230,3914,3909,7320
2065,1565,LH,,7410,-2555,-25575,-2554,-5110,-2555,0,47,0,-2555,90,0,4230,3914,3909,7320
2066,1566,SUB,,7410,-2555,-25575,-2554,-5110,-2555,0,-29805,0,-2555,90,0,4230,3914,3909,7320
2067,1567,SH,mem[15] = -29805,7410,-2555,-25575,-2554,-5110,-2555,0,-29805,0,-2555,90,0,4230,3914,3909,7320
2068,1568,LH,,7410,-2555,-25575,-2554,-5110,-2555,0,-29805,0,-2555,90,0,53,3914,3909,7320
2069,1569,LH,,7410,-2555,-25575,-2554,-5110,-2555,0,-29805,-29805,-2555,90,0,53,3914,3909,7320
2070,1570,MUL,,7410,-2555,-25575,-2554,-5110,-2555,0,-29805,-29805,-2555,90,0,53,3914,3909,7354
2071,1571,LH,,7410,-2555,-25575,-2554,-5110,-2555,0,-29805,-29805,-2555,90,0,53,-29805,3909,7354
2072,1572,BEQ,,7410,-2555,-25575,-2554,-5110,-2555,0,-29805,-29805,-2555,90,0,53,-29805,3909,7354
2073,1573,MUL,,7410,-2555,-25575,-2554,-5110,-2555,0,0,-29805,-2555,90,0,53,-29805,3909,7354
2074,1574,LH,,7410,-2555,-25575,-2554,-5110,-2555,0,0,-29805,-2555,90,0,53,-29805,90,7354
2075,1575,LH,,7410,-2555,-25575,-2554,-29805,-2555,0,0,-29805,-2555,90,0,53,-29805,90,7354
2076,1576,SH,mem[3] = 7410,7410,-2555,-25575,-2554,-29805,-2555,0,0,-29805,-2555,90,0,53,-29805,90,7354
2077,1577,ADD,,7410,-2555,-25575,-2554,-29805,-2555,0,0,-29805,-2555,4856,0,53,-29805,90,7354
2078,1578,SLT,,7410,1,-25575,-2554,-29805,-2555,0,0,-29805,-2555,4856,0,53,-29805,90,7354
2079,1579,SH,mem[10] = 0,7410,1,-25575,-2554,-29805,-2555,0,0,-29805,-2555,4856,0,53,-29805,90,7354
2080,1580,SH,mem[15] = -29805,7410,1,-25575,-2554,-29805,-2555,0,0,-29805,-2555,4856,0,53,-29805,90,7354
2081,1581,SH,mem[74] = 0,7410,1,-25575,-2554,-29805,-2555,0,0,-29805,-2555,4856,0,53,-29805,90,7354
2082,1582,LH,,7410,-486,-25575,-2554,-29805,-2555,0,0,-29805,-2555,4856,0,53,-29805,90,7354
2083,1583,SLT,,7410,-486,-25575,-2554,-29805,-2555,0,0,-29805,0,4856,0,53,-29805,90,7354
2084,1584,SH,mem[7] = 7410,7410,-486,-25575,-2554,-29805,-2555,0,0,-29805,0,4856,0,53,-29805,90,7354
2085,1585,SUB,,7410,-486,-25575,-2554,-29805,-2555,0,0,2068,0,4856,0,53,-29805,90,7354
2086,1586,SH,mem[15] = 0,7410,-486,-25575,-2554,-29805,-2555,0,0,2068,0,4856,0,53,-29805,90,7354
2087,1587,SLT,,7410,0,-25575,-2554,-29805,-2555,0,0,2068,0,4856,0,53,-29805,90,7354
2088,1588,ADD,,7410,0,-25575,-2554,-29805,-2555,0,0,2068,0,7444,0,53,-29805,90,7354
2089,1589,SUB,,7410,0,-25575,-2554,-29805,27251,0,0,2068,0,7444,0,53,-29805,90,7354
2090,1590,SLT,,7410,0,0,-2554,-29805,27251,0,0,2068,0,7444,0,53,-29805,90,7354
2091,1591,MUL,,7410,0,0,-2554,-29805,27251,0,0,2068,0,7444,0,53,-29805,90,7354
2092,1592,BEQ,,7410,0,0,-2554,-29805,27251,0,0,2068,0,7444,0,53,-29805,90,7354
2093,1593,ADD,,7410,0,0,-2554,2068,27251,0,0,2068,0,7444,0,53,-29805,90,7354
2094,1594,BEQ,,7410,0,0,-2554,2068,27251,0,0,2068,0,7444,0,53,-29805,90,7354
2095,1595,SH,mem[58] = 27251,7410,0,0,-2554,2068,27251,0,0,2068,0,7444,0,53,-29805,90,7354
2096,1596,SH,mem[15] = 7444,7410,0,0,-2554,2068,27251,0,0,2068,0,7444,0,53,-29805,90,7354
2097,1597,LH,,60,0,0,-2554,2068,27251,0,0,2068,0,7444,0,53,-29805,90,7354
2098,1598,SLT,,60,0,0,-2554,2068,27251,0,0,2068,0,7444,0,53,-29805,0,7354
2099,1599,SLT,,60,0,0,-2554,2068,27251,0,0,2068,0,7444,0,53,-29805,0,7354
2100,1600,SH,mem[12] = 2068,60,0,0,-2554,2068,27251,0,0,2068,0,7444,0,53,-29805,0,7354
2101,1601,LH,,60,0,0,-2554,2068,-2469,0,0,2068,0,7444,0,53,-29805,0,7354
2102,1602,SUB,,60,0,0,-2554,2068,-2469,0,0,2068,60,7444,0,53,-29805,0,7354
2103,1603,BEQ,,60,0,0,-2554,2068,-2469,0,0,2068,60,7444,0,53,-29805,0,7354
2104,1617,LH,,60,0,0,-2554,2068,-2469,0,0,7444,60,7444,0,53,-29805,0,7354
2105,1618,LH,,60,0,0,-2554,2068,-2469,0,0,7444,60,176,0,53,-29805,0,7354
2106,1619,BEQ,,60,0,0,-2554,2068,-2469,0,0,7444,60,176,0,53,-29805,0,7354
2107,1620,SUB,,-7268,0,0,-2554,2068,-2469,0,0,7444,60,176,0,53,-29805,0,7354
2108,1621,MUL,,-7268,0,0,-2554,2068,-2469,0,0,7444,60,176,0,53,-29805,0,7354
2109,1622,SUB,,-7268,0,0,-2554,2068,-2469,7268,0,7444,60,176,0,53,-29805,0,7354
2110,1623,ADD,,-7268,-486,0,-2554,2068,-2469,7268,0,7444,60,176,0,53,-29805,0,7354
2111,1624,SUB,,-7268,-486,0,-2554,2068,-2469,7268,0,7444,60,176,0,53,-1892,0,7354
2112,1625,SLT,,-7268,-486,0,-2554,2068,-2469,7268,0,7444,60,176,0,53,-1892,0,7354
2113,1626,SH,mem[15] = -2554,-7268,-486,0,-2554,2068,-2469,7268,0,7444,60,176,0,53,-1892,0,7354
2114,1627,SH,mem[0] = -2469,-7268,-486,0,-2554,2068,-2469,7268,0,7444,60,176,0,53,-1892,0,7354
2115,1628,ADD,,-7268,-486,0,-2554,2068,-2469,-4361,0,7444,60,176,0,53,-1892,0,7354
2116,1629,LH,,-7268,-486,0,-2554,-2554,-2469,-4361,0,7444,60,176,0,53,-1892,0,7354
2117,1630,BEQ,,-7268,-486,0,-2554,-2554,-2469,-4361,0,7444,60,176,0,53,-1892,0,7354
2118,1631,SUB,,-7268,-486,0,-2554,-2554,-2469,-4361,0,7444,60,176,0,53,-7354,0,7354
2119,1632,BEQ,,-7268,-486,0,-2554,-2554,-2469,-4361,0,7444,60,176,0,53,-7354,0,7354
2120,1633,LH,,-7268,-486,0,-2554,-2554,-2469,-4361,0,7444,60,176,0,53,-7354,0,0
2121,1634,SH,mem[60] = 0,-7268,-486,0,-2554,-2554,-2469,-4361,0,7444,60,176,0,53,-7354,0,0
2122,1635,SUB,,-7268,-486,0,-2554,0,-2469,-4361,0,7444,60,176,0,53,-7354,0,0
2123,1636,MUL,,-7268,-486,0,-2554,0,-20000,-4361,0,7444,60,176,0,53,-7354,0,0
2124,1637,ADD,,-7268,-486,0,-2554,0,-20000,-4361,0,7444,60,176,0,53,-7354,0,-2378
2125,1638,LH,,-7268,-46,0,-2554,0,-20000,-4361,0,7444,60,176,0,53,-7354,0,-2378
2126,1639,SH,mem[72] = -2554,-7268,-46,0,-2554,0,-20000,-4361,0,7444,60,176,0,53,-7354,0,-2378
2127,1640,LH,,-7268,-46,0,-2554,0,-20000,53,0,7444,60,176,0,53,-7354,0,-2378
2128,1641,SUB,,-7268,-46,0,-2554,0,-20000,53,0,7444,60,176,0,53,-7354,0,0
2129,1642,LH,,-7268,-46,0,-2554,0,-20000,53,0,-46,60,176,0,53,-7354,0,0
2130,1643,SUB,,-7268,-46,0,-2554,0,-20000,53,0,0,60,176,0,53,-7354,0,0
2131,1644,SH,mem[15] = 60,-7268,-46,0,-2554,0,-20000,53,0,0,60,176,0,53,-7354,0,0
2132,1645,LH,,-7268,-46,53,-2554,0,-20000,53,0,0,60,176,0,53,-7354,0,0
2133,1646,BEQ,,-7268,-46,53,-2554,0,-20000,53,0,0,60,176,0,53,-7354,0,0
2134,1647,BEQ,,-7268,-46,53,-2554,0,-20000,53,0,0,60,176,0,53,-7354,0,0
2135,1648,MUL,,-7268,-46,53,-2554,0,-20000,53,0,0,0,176,0,53,-7354,0,0
2136,1649,SH,mem[66] = -7354,-7268,-46,53,-2554,0,-20000,53,0,0,0,176,0,53,-7354,0,0
2137,1650,LH,,-7268,-46,53,-2554,0,-20000,53,0,0,0,176,0,53,-7354,49,0
2138,1651,SLT,,-7268,-46,53,-2554,0,-20000,53,0,0,0,176,0,1,-7354,49,0
2139,1652,SH,mem[41] = -20000,-7268,-46,53,-2554,0,-20000,53,0,0,0,176,0,1,-7354,49,0
2140,1653,SH,mem[15] = 0,-7268,-46,53,-2554,0,-20000,53,0,0,0,176,0,1,-7354,49,0
2141,1654,SH,mem[42] = 49,-7268,-46,53,-2554,0,-20000,53,0,0,0,176,0,1,-7354,49,0
2142,1655,MUL,,-7268,-46,53,-2554,0,-20000,18944,0,0,0,176,0,1,-7354,49,0
2143,1656,LH,,-7268,-46,0,-2554,0,-20000,18944,0,0,0,176,0,1,-7354,49,0
2144,1657,LH,,-7268,-46,0,-2554,0,-20000,18944,0,0,0,176,0,1,-7354,49,0
2145,1658,SUB,,-7268,-46,0,-2554,-49,-20000,18944,0,0,0,176,0,1,-7354,49,0
2146,1659,SUB,,2508,-46,0,-2554,-49,-20000,18944,0,0,0,176,0,1,-7354,49,0
2147,1660,LH,,2508,-46,0,-2554,-49,0,18944,0,0,0,176,0,1,-7354,49,0
2148,1661,SH,mem[2] = 0,2508,-46,0,-2554,-49,0,18944,0,0,0,176,0,1,-7354,49,0
2149,1662,SH,mem[15] = 2508,2508,-46,0,-2554,-49,0,18944,0,0,0,176,0,1,-7354,49,0
2150,1663,ADD,,2508,-46,0,-2554,-49,0,176,0,0,0,176,0,1,-7354,49,0
2151,1664,LH,,2508,-46,0,2508,-49,0,176,0,0,0,176,0,1,-7354,49,0
2152,1665,LH,,2508,-46,0,2508,13,0,176,0,0,0,176,0,1,-7354,49,0
2153,1666,SH,mem[15] = 0,2508,-46,0,2508,13,0,176,0,0,0,176,0,1,-7354,49,0
2154,1667,SLT,,2508,-46,0,2508,13,0,0,0,0,0,176,0,1,-7354,49,0
2155,1668,SLT,,2508,-46,0,2508,13,0,0,0,0,0,176,0,1,-7354,49,0
2156,1669,BEQ,,2508,-46,0,2508,13,0,0,0,0,0,176,0,1,-7354,49,0
2157,1684,SUB,,-2508,-46,0,2508,13,0,0,0,0,0,176,0,1,-7354,49,0
2158,1685,BEQ,,-2508,-46,0,2508,13,0,0,0,0,0,176,0,1,-7354,49,0
2159,1686,LH,,-2508,-46,0,2508,13,0,0,0,0,0,176,-39,1,-7354,49,0
2160,1687,SUB,,-2508,-46,0,2508,13,0,0,0,0,2684,176,-39,1,-7354,49,0
2161,1688,MUL,,-2508,-46,0,2508,13,0,0,0,0,2684,176,-39,0,-7354,49,0
2162,1689,SUB,,-2508,-46,0,7308,13,0,0,0,0,2684,176,-39,0,-7354,49,0
2163,1690,LH,,-2508,-46,0,7308,13,0,0,0,0,2684,176,-39,7410,-7354,49,0
2164,1691,ADD,,-2508,0,0,7308,13,0,0,0,0,2684,176,-39,7410,-7354,49,0
2165,1692,SH,mem[160] = 49,-2508,0,0,7308,13,0,0,0,0,2684,176,-39,7410,-7354,49,0
2166,1693,LH,,-2508,0,0,7308,13,0,0,0,0,2684,176,-39,7410,7410,49,0
2167,1694,SH,mem[175] = 0,-2508,0,0,7308,13,0,0,0,0,2684,176,-39,7410,7410,49,0
2168,1695,SH,mem[27] = 0,-2508,0,0,7308,13,0,0,0,0,2684,176,-39,7410,7410,49,0
2169,1696,LH,,-2508,0,0,7308,13,0,0,0,0,2684,176,-39,7410,7410,0,0
2170,1697,BEQ,,-2508,0,0,7308,13,0,0,0,0,2684,176,-39,7410,7410,0,0
2171,1698,MUL,,-2508,0,0,7308,13,0,0,0,0,2684,176,-39,7410,7410,0,0
2172,1699,SH,mem[2694] = -2508,-2508,0,0,7308,13,0,0,0,0,2684,176,-39,7410,7410,0,0
2173,1700,SLT,,-2508,0,0,7308,13,0,0,0,0,2684,176,-39,7410,7410,0,0
2174,1701,SH,mem[6] = 7410,-2508,0,0,7308,13,0,0,0,0,2684,176,-39,7410,7410,0,0
2175,1702,LH,,-2508,0,0,7308,13,0,0,0,90,2684,176,-39,7410,7410,0,0
2176,1703,SH,mem[15] = 0,-2508,0,0,7308,13,0,0,0,90,2684,176,-39,7410,7410,0,0
2177,1704,LH,,-2508,0,0,7308,13,0,0,0,0,2684,176,-39,7410,7410,0,0
2178,1705,SH,mem[10] = -39,-2508,0,0,7308,13,0,0,0,0,2684,176,-39,7410,7410,0,0
2179,1706,BEQ,,-2508,0,0,7308,13,0,0,0,0,2684,176,-39,7410,7410,0,0
2180,1707,SLT,,-2508,0,0,7308,13,0,0,0,0,2684,176,0,7410,7410,0,0
2181,1708,MUL,,-2508,0,0,7308,0,0,0,0,0,2684,176,0,7410,7410,0,0
2182,1709,BEQ,,-2508,0,0,7308,0,0,0,0,0,2684,176,0,7410,7410,0,0
2183,1710,LH,,2068,0,0,7308,0,0,0,0,0,2684,176,0,7410,7410,0,0
2184,1711,SUB,,2068,0,0,7308,0,0,0,0,0,2684,176,0,7410,7410,0,0
2185,1712,SH,mem[15] = 176,2068,0,0,7308,0,0,0,0,0,2684,176,0,7410,7410,0,0
2186,1713,SH,mem[15] = 7410,2068,0,0,7308,0,0,0,0,0,2684,176,0,7410,7410,0,0
2187,1714,LH,,2068,0,9,7308,0,0,0,0,0,2684,176,0,7410,7410,0,0
2188,1715,SH,mem[15] = 2068,2068,0,9,7308,0,0,0,0,0,2684,176,0,7410,7410,0,0
2189,1716,SH,mem[5] = 0,2068,0,9,7308,0,0,0,0,0,2684,176,0,7410,7410,0,0
2190,1717,SH,mem[15] = 0,2068,0,9,7308,0,0,0,0,0,2684,176,0,7410,7410,0,0
2191,1718,LH,,2068,90,9,7308,0,0,0,0,0,2684,176,0,7410,7410,0,0
2192,1719,SH,mem[15] = 7410,2068,90,9,7308,0,0,0,0,0,2684,176,0,7410,7410,0,0
2193,1720,SUB,,2068,90,9,7308,0,0,0,0,0,2684,176,0,-2684,7410,0,0
2194,1721,MUL,,2068,90,9,7308,0,0,0,0,0,0,176,0,-2684,7410,0,0
2195,1722,LH,,2068,-2469,9,7308,0,0,0,0,0,0,176,0,-2684,7410,0,0
2196,1723,ADD,,2068,-2469,9,7410,0,0,0,0,0,0,176,0,-2684,7410,0,0
2197,1724,SH,mem[9] = 0,2068,-2469,9,7410,0,0,0,0,0,0,176,0,-2684,7410,0,0
2198,1725,BEQ,,2068,-2469,9,7410,0,0,0,0,0,0,176,0,-2684,7410,0,0
2199,1726,SLT,,2068,-2469,0,7410,0,0,0,0,0,0,176,0,-2684,7410,0,0
2200,1727,SH,mem[11] = 7410,2068,-2469,0,7410,0,0,0,0,0,0,176,0,-2684,7410,0,0
2201,1728,LH,,2068,-2469,0,7410,0,0,0,0,0,0,176,7410,-2684,7410,0,0
2202,1729,LH,,2068,-2469,0,7410,0,0,0,0,0,0,176,7410,-2684,-70,0,0
2203,1730,LH,,2068,-2469,0,7410,0,0,0,7410,0,0,176,7410,-2684,-70,0,0
2204,1731,SH,mem[15] = -2469,2068,-2469,0,7410,0,0,0,7410,0,0,176,7410,-2684,-70,0,0
2205,1732,LH,,2068,-2469,0,7410,0,0,0,7410,0,0,176,7410,-2684,-70,-2469,0
2206,1733,ADD,,2068,-2469,0,7410,0,0,0,7410,0,0,176,7410,-2684,7586,-2469,0
2207,1734,MUL,,2068,0,0,7410,0,0,0,7410,0,0,176,7410,-2684,7586,-2469,0
2208,1735,SH,mem[2064] = 0,2068,0,0,7410,0,0,0,7410,0,0,176,7410,-2684,7586,-2469,0
2209,1736,SLT,,2068,0,0,7410,0,0,0,7410,1,0,176,7410,-2684,7586,-2469,0
2210,1737,ADD,,2068,0,0,7410,0,0,0,7410,-4938,0,176,7410,-2684,7586,-2469,0
2211,1738,SLT,,2068,0,0,7410,0,0,0,7410,-4938,0,176,7410,-2684,7586,-2469,0
2212,1739,MUL,,2068,0,0,7410,0,0,0,7410,-4938,0,176,7410,-2684,0,-2469,0
2213,1740,BEQ,,2068,0,0,7410,0,0,0,7410,-4938,0,176,7410,-2684,0,-2469,0
2214,1750,J,,2068,0,0,7410,0,0,0,7410,-4938,0,176,7410,-2684,0,-2469,0
2215,1767,SLT,,2068,0,0,7410,0,0,0,7410,-4938,0,176,7410,-2684,0,-2469,0
2216,1768,SUB,,2068,0,0,7410,0,0,0,7410,-4938,0,176,7410,-2684,0,-2469,0
2217,1769,SLT,,2068,0,0,7410,0,0,0,7410,-4938,0,176,7410,-2684,0,0,0
2218,1770,ADD,,2068,0,0,7410,-9876,0,0,7410,-4938,0,176,7410,-2684,0,0,0
2219,1771,SLT,,2068,0,0,7410,-9876,0,0,7410,-4938,0,176,7410,-2684,0,0,1
2220,1772,MUL,,2068,0,-6560,7410,-9876,0,0,7410,-4938,0,176,7410,-2684,0,0,1
2221,1773,SH,mem[14] = 0,2068,0,-6560,7410,-9876,0,0,7410,-4938,0,176,7410,-2684,0,0,1
2222,1774,BEQ,,2068,0,-6560,7410,-9876,0,0,7410,-4938,0,176,7410,-2684,0,0,1
2223,1775,BEQ,,2068,0,-6560,7410,-9876,0,0,7410,-4938,0,176,7410,-2684,0,0,1
2224,1776,BEQ,,2068,0,-6560,7410,-9876,0,0,7410,-4938,0,176,7410,-2684,0,0,1
2225,1777,LH,,2068,7410,-6560,7410,-9876,0,0,7410,-4938,0,176,7410,-2684,0,0,1
2226,1778,SUB,,2068,7410,-6560,7410,7192,0,0,7410,-4938,0,176,7410,-2684,0,0,1
2227,1779,SH,mem[16] = 0,2068,7410,-6560,7410,7192,0,0,7410,-4938,0,176,7410,-2684,0,0,1
2228,1780,SH,mem[15] = 7410,2068,7410,-6560,7410,7192,0,0,7410,-4938,0,176,7410,-2684,0,0,1
2229,1781,BEQ,,2068,7410,-6560,7410,7192,0,0,7410,-4938,0,176,7410,-2684,0,0,1
2230,1782,SH,mem[177] = 0,2068,7410,-6560,7410,7192,0,0,7410,-4938,0,176,7410,-2684,0,0,1
2231,1783,SUB,,2068,7410,-6560,7410,7192,0,0,7410,-4938,0,176,7410,-2684,0,-10094,1
2232,1784,SH,mem[15] = -2684,2068,7410,-6560,7410,7192,0,0,7410,-4938,0,176,7410,-2684,0,-10094,1
2233,1785,SH,mem[2] = 0,2068,7410,-6560,7410,7192,0,0,7410,-4938,0,176,7410,-2684,0,-10094,1
2234,1786,MUL,,2068,7410,-6560,7410,7192,0,0,7410,-4938,0,0,7410,-2684,0,-10094,1
2235,1787,SH,mem[2079] = -6560,2068,7410,-6560,7410,7192,0,0,7410,-4938,0,0,7410,-2684,0,-10094,1
2236,1788,MUL,,2068,7410,-6560,0,7192,0,0,7410,-4938,0,0,7410,-2684,0,-10094,1
2237,1789,MUL,,2068,7410,-6560,0,7192,0,0,7410,-4938,17840,0,7410,-2684,0,-10094,1
2238,1790,LH,,2068,7410,-6560,0,7192,0,0,7410,-4938,17840,0,7410,-2684,0,-2684,1
2239,1791,SH,mem[15] = -2684,2068,7410,-6560,0,7192,0,0,7410,-4938,17840,0,7410,-2684,0,-2684,1
2240,1792,SUB,,2068,7410,-6560,0,7192,0,0,7410,-4938,17840,0,7410,-2684,7410,-2684,1
2241,1793,LH,,2068,7410,-6560,0,7192,0,0,-2684,-4938,17840,0,7410,-2684,7410,-2684,1
2242,1794,LH,,2068,7410,0,0,7192,0,0,-2684,-4938,17840,0,7410,-2684,7410,-2684,1
2243,1795,SH,mem[7] = 1,2068,7410,0,0,7192,0,0,-2684,-4938,17840,0,7410,-2684,7410,-2684,1
2244,1796,MUL,,2068,7410,0,0,7192,0,0,-2684,-4938,-2684,0,7410,-2684,7410,-2684,1
2245,1797,ADD,,2068,7410,0,0,7192,0,0,-2684,-4938,-2684,0,7193,-2684,7410,-2684,1
2246,1798,ADD,,2068,7410,0,0,7192,0,0,-2684,-4938,4136,0,7193,-2684,7410,-2684,1
2247,1799,LH,,2068,7410,0,0,7192,0,-39,-2684,-4938,4136,0,7193,-2684,7410,-2684,1
2248,1800,LH,,2068,7410,0,0,7192,0,-39,-2684,-4938,4136,0,7193,-2684,7410,-2684,1
2249,1801,SH,mem[13] = 7192,2068,7410,0,0,7192,0,-39,-2684,-4938,4136,0,7193,-2684,7410,-2684,1
2250,1802,SH,mem[16] = 0,2068,7410,0,0,7192,0,-39,-2684,-4938,4136,0,7193,-2684,7410,-2684,1
2251,1803,ADD,,2068,7410,0,0,7192,0,-39,-2684,-4938,4136,0,7193,-2684,7410,-2684,1
2252,1804,SH,mem[16] = 4136,2068,7410,0,0,7192,0,-39,-2684,-4938,4136,0,7193,-2684,7410,-2684,1
2253,1805,ADD,,2068,7410,0,0,7192,2069,-39,-2684,-4938,4136,0,7193,-2684,7410,-2684,1
2254,1806,MUL,,2068,7410,0,0,7192,6416,-39,-2684,-4938,4136,0,7193,-2684,7410,-2684,1
2255,1807,SUB,,2068,7410,0,0,7192,6416,-39,-2684,10094,4136,0,7193,-2684,7410,-2684,1
2256,1808,LH,,2068,7410,0,0,7192,6416,-39,-2684,10094,4136,0,7193,-2684,4136,-2684,1
2257,1809,MUL,,2068,7410,0,0,7192,6416,-39,-2684,10094,4136,0,7193,-2684,4136,30016,1
2258,1810,MUL,,0,7410,0,0,7192,6416,-39,-2684,10094,4136,0,7193,-2684,4136,30016,1
2259,1811,SH,mem[4] = 0,0,7410,0,0,7192,6416,-39,-2684,10094,4136,0,7193,-2684,4136,30016,1
2260,1812,LH,,0,7410,-2684,0,7192,6416,-39,-2684,10094,4136,0,7193,-2684,4136,30016,1
2261,1813,BEQ,,0,7410,-2684,0,7192,6416,-39,-2684,10094,4136,0,7193,-2684,4136,30016,1
2262,1817,SH,mem[1] = 0,0,7410,-2684,0,7192,6416,-39,-2684,10094,4136,0,7193,-2684,4136,30016,1
2263,1818,LH,,0,7410,-2684,0,7192,0,-39,-2684,10094,4136,0,7193,-2684,4136,30016,1
2264,1819,LH,,0,7410,-2684,0,7192,0,-39,-2684,10094,4136,0,7193,0,4136,30016,1
2265,1820,LH,,0,7410,-2684,0,7192,0,-39,-2684,10094,4136,0,7193,0,4136,0,1
2266,1821,ADD,,0,7410,-2684,0,7192,0,-2684,-2684,10094,4136,0,7193,0,4136,0,1
2267,1822,MUL,,0,7410,-2684,0,7192,0,-2684,-2684,10094,4136,0,7193,0,4136,0,1
2268,1823,LH,,0,7410,-2684,0,7410,0,-2684,-2684,10094,4136,0,7193,0,4136,0,1
2269,1824,LH,,0,7410,7410,0,7410,0,-2684,-2684,10094,4136,0,7193,0,4136,0,1
2270,1825,MUL,,0,7410,7410,0,7410,0,-2684,-2684,10094,4136,0,7193,0,0,0,1
2271,1826,BEQ,,0,7410,7410,0,7410,0,-2684,-2684,10094,4136,0,7193,0,0,0,1
2272,1827,SH,mem[16] = 10094,0,7410,7410,0,7410,0,-2684,-2684,10094,4136,0,7193,0,0,0,1
2273,1828,LH,,0,7410,7410,0,7410,0,-2684,-2684,10094,4136,0,-2684,0,0,0,1
2274,1829,SH,mem[13] = -2684,0,7410,7410,0,7410,0,-2684,-2684,10094,4136,0,-2684,0,0,0,1
2275,1830,SH,mem[5] = -2684,0,7410,7410,0,7410,0,-2684,-2684,10094,4136,0,-2684,0,0,0,1
2276,1831,SH,mem[15] = 0,0,7410,7410,0,7410,0,-2684,-2684,10094,4136,0,-2684,0,0,0,1
2277,1832,LH,,0,7410,7410,0,7410,0,-2684,-2684,7410,4136,0,-2684,0,0,0,1
2278,1833,SLT,,0,7410,7410,0,7410,0,-2684,-2684,7410,4136,0,-2684,0,0,0,1
2279,1834,ADD,,0,7410,7410,0,7410,0,-2684,-2684,7410,4136,0,-2684,0,0,7411,1
2280,1835,LH,,0,7410,7410,0,7410,0,-2684,-2684,7410,4136,0,-2684,0,0,7411,1
2281,1836,LH,,0,7410,7410,0,7410,0,-2684,0,7410,4136,0,-2684,0,0,7411,1
2282,1837,SLT,,0,7410,7410,0,7410,0,-2684,0,7410,4136,0,-2684,0,0,7411,1
2283,1838,ADD,,0,7410,7410,0,7410,0,-2684,4726,7410,4136,0,-2684,0,0,7411,1
2284,1839,BEQ,,0,7410,7410,0,7410,0,-2684,4726,7410,4136,0,-2684,0,0,7411,1
2285,1840,SLT,,0,7410,7410,0,7410,0,-2684,4726,7410,4136,0,-2684,0,0,7411,1
2286,1841,BEQ,,0,7410,7410,0,7410,0,-2684,4726,7410,4136,0,-2684,0,0,7411,1
2287,1844,LH,,0,7410,7410,0,7410,0,-2684,4726,7410,4136,0,-2684,0,0,7411,1
2288,1845,SH,mem[5] = -2684,0,7410,7410,0,7410,0,-2684,4726,7410,4136,0,-2684,0,0,7411,1
2289,1846,SH,mem[15] = -2684,0,7410,7410,0,7410,0,-2684,4726,7410,4136,0,-2684,0,0,7411,1
2290,1847,SH,mem[15] = 7410,0,7410,7410,0,7410,0,-2684,4726,7410,4136,0,-2684,0,0,7411,1
2291,1848,SH,mem[15] = 7411,0,7410,7410,0,7410,0,-2684,4726,7410,4136,0,-2684,0,0,7411,1
2292,1849,LH,,0,7410,7410,0,7410,0,-2684,4726,7410,7411,0,-2684,0,0,7411,1
2293,1850,SH,mem[15] = 7410,0,7410,7410,0,7410,0,-2684,4726,7410,7411,0,-2684,0,0,7411,1
2294,1851,BEQ,,0,7410,7410,0,7410,0,-2684,4726,7410,7411,0,-2684,0,0,7411,1
2295,1852,SH,mem[10] = 7410,0,7410,7410,0,7410,0,-2684,4726,7410,7411,0,-2684,0,0,7411,1
2296,1853,BEQ,,0,7410,7410,0,7410,0,-2684,4726,7410,7411,0,-2684,0,0,7411,1
2297,1854,ADD,,0,7410,7410,0,7410,0,-2684,4726,7410,7411,7410,-2684,0,0,7411,1
2298,1855,ADD,,0,7410,7410,0,7410,0,-2684,4726,7410,7411,7410,-2684,0,0,7411,1
2299,1856,LH,,0,7410,7410,0,7410,0,-2684,4726,7410,7410,7410,-2684,0,0,7411,1
2300,1857,SUB,,0,7410,7410,0,7410,0,-2684,4726,7410,-7410,7410,-2684,0,0,7411,1
2301,1858,ADD,,0,7410,7410,0,7410,0,-2684,4726,7410,-7410,7410,-2684,0,0,7411,0
2302,1859,BEQ,,0,7410,7410,0,7410,0,-2684,4726,7410,-7410,7410,-2684,0,0,7411,0
2303,1863,BEQ,,0,7410,7410,0,7410,0,-2684,4726,7410,-7410,7410,-2684,0,0,7411,0
2304,1864,BEQ,,0,7410,7410,0,7410,0,-2684,4726,7410,-7410,7410,-2684,0,0,7411,0
2305,1869,SH,mem[5] = 0,0,7410,7410,0,7410,0,-2684,4726,7410,-7410,7410,-2684,0,0,7411,0
2306,1870,SH,mem[15] = 7410,0,7410,7410,0,7410,0,-2684,4726,7410,-7410,7410,-2684,0,0,7411,0
2307,1871,SLT,,0,7410,7410,0,7410,0,1,4726,7410,-7410,7410,-2684,0,0,7411,0
2308,1872,SUB,,0,7410,7410,0,7410,0,1,4726,7410,-7410,7410,-2684,0,0,7411,0
2309,1873,SH,mem[15] = -2684,0,7410,7410,0,7410,0,1,4726,7410,-7410,7410,-2684,0,0,7411,0
2310,1874,SH,mem[1] = 7410,0,7410,7410,0,7410,0,1,4726,7410,-7410,7410,-2684,0,0,7411,0
2311,1875,LH,,0,7410,7410,0,7410,0,1,4726,7410,-7410,7410,-2684,-2684,0,7411,0
2312,1876,BEQ,,0,7410,7410,0,7410,0,1,4726,7410,-7410,7410,-2684,-2684,0,7411,0
2313,1887,SLT,,0,7410,7410,0,7410,0,1,4726,0,-7410,7410,-2684,-2684,0,7411,0
2314,1888,SH,mem[13] = 0,0,7410,7410,0,7410,0,1,4726,0,-7410,7410,-2684,-2684,0,7411,0
2315,1889,SH,mem[15] = -2684,0,7410,7410,0,7410,0,1,4726,0,-7410,7410,-2684,-2684,0,7411,0
2316,1890,LH,,0,7410,7410,-2684,7410,0,1,4726,0,-7410,7410,-2684,-2684,0,7411,0
2317,1891,ADD,,0,7410,7410,-2684,7410,0,1,4726,0,-7410,7410,-2684,-2684,0,-7410,0
2318,1892,SH,mem[11] = 0,0,7410,7410,-2684,7410,0,1,4726,0,-7410,7410,-2684,-2684,0,-7410,0
2319,1893,MUL,,0,7410,7410,-2684,7410,0,1,4726,0,0,7410,-2684,-2684,0,-7410,0
2320,1894,LH,,0,7410,7410,-2684,7410,0,1,4726,0,0,7410,-2684,-2684,0,-7410,0
2321,1895,BEQ,,0,7410,7410,-2684,7410,0,1,4726,0,0,7410,-2684,-2684,0,-7410,0
2322,1900,LH,,0,7410,-2684,-2684,7410,0,1,4726,0,0,7410,-2684,-2684,0,-7410,0
2323,1901,LH,,0,7410,-2684,-2684,7410,0,-2684,4726,0,0,7410,-2684,-2684,0,-7410,0
2324,1902,SUB,,0,7410,-2684,-2684,7410,0,-2684,4726,0,7410,7410,-2684,-2684,0,-7410,0
2325,1903,BEQ,,0,7410,-2684,-2684,7410,0,-2684,4726,0,7410,7410,-2684,-2684,0,-7410,0
2326,1904,SH,mem[7] = 4726,0,7410,-2684,-2684,7410,0,-2684,4726,0,7410,7410,-2684,-2684,0,-7410,0
2327,1905,BEQ,,0,7410,-2684,-2684,7410,0,-2684,4726,0,7410,7410,-2684,-2684,0,-7410,0
2328,1916,BEQ,,0,7410,-2684,-2684,7410,0,-2684,4726,0,7410,7410,-2684,-2684,0,-7410,0
2329,1924,LH,,0,7410,-2684,-2684,7410,0,-2684,4726,0,7410,7410,-2684,-2684,0,-7410,0
2330,1925,LH,,0,3909,-2684,-2684,7410,0,-2684,4726,0,7410,7410,-2684,-2684,0,-7410,0
2331,1926,LH,,0,3909,-2684,-2684,7410,0,-2684,4726,0,7410,7410,-2684,-2684,0,-7410,-2684
2332,1927,LH,,0,3909,-2684,-2684,7410,0,-2684,4726,0,7410,7410,-2684,-2684,0,0,-2684
2333,1928,ADD,,0,3909,-2684,-2684,7410,0,-2684,4726,0,7410,7410,14820,-2684,0,0,-2684
2334,1929,SH,mem[15] = 7410,0,3909,-2684,-2684,7410,0,-2684,4726,0,7410,7410,14820,-2684,0,0,-2684
2335,1930,BEQ,,0,3909,-2684,-2684,7410,0,-2684,4726,0,7410,7410,14820,-2684,0,0,-2684
2336,1931,SLT,,0,3909,-2684,-2684,7410,0,-2684,4726,0,7410,7410,14820,1,0,0,-2684
2337,1932,LH,,0,3909,-2684,-2684,7410,0,-2684,4726,0,7410,7410,7410,1,0,0,-2684
2338,1933,LH,,7410,3909,-2684,-2684,7410,0,-2684,4726,0,7410,7410,7410,1,0,0,-2684
2339,1934,LH,,7410,3909,-2684,-2684,7410,0,-2684,4726,0,7410,7410,7410,1,0,0,-2684
2340,1935,BEQ,,7410,3909,-2684,-2684,7410,0,-2684,4726,0,7410,7410,7410,1,0,0,-2684
2341,1936,SH,mem[3] = 4726,7410,3909,-2684,-2684,7410,0,-2684,4726,0,7410,7410,7410,1,0,0,-2684
2342,1937,MUL,,7410,3909,-2684,-2684,7410,0,-2684,4726,0,7410,7410,7410,1,29400,0,-2684
2343,1938,BEQ,,7410,3909,-2684,-2684,7410,0,-2684,4726,0,7410,7410,7410,1,29400,0,-2684
2344,1939,SH,mem[3917] = 0,7410,3909,-2684,-2684,7410,0,-2684,4726,0,7410,7410,7410,1,29400,0,-2684
2345,1940,SH,mem[15] = 7410,7410,3909,-2684,-2684,7410,0,-2684,4726,0,7410,7410,7410,1,29400,0,-2684
2346,1941,SUB,,7410,3909,-2684,-2684,7410,0,-2684,1,0,7410,7410,7410,1,29400,0,-2684
2347,1942,BEQ,,7410,3909,-2684,-2684,7410,0,-2684,1,0,7410,7410,7410,1,29400,0,-2684
2348,1949,LH,,7410,3909,-2684,-2684,7410,10094,-2684,1,0,7410,7410,7410,1,29400,0,-2684
2349,1950,SLT,,7410,3909,-2684,-2684,7410,10094,-2684,1,0,7410,7410,7410,1,29400,0,-2684
2350,1951,LH,,7410,3909,49,-2684,7410,10094,-2684,1,0,7410,7410,7410,1,29400,0,-2684
2351,1952,SLT,,1,3909,49,-2684,7410,10094,-2684,1,0,7410,7410,7410,1,29400,0,-2684
2352,1953,SH,mem[16] = 7410,1,3909,49,-2684,7410,10094,-2684,1,0,7410,7410,7410,1,29400,0,-2684
2353,1954,LH,,1,3909,49,-2469,7410,10094,-2684,1,0,7410,7410,7410,1,29400,0,-2684
2354,1955,SH,mem[16] = 49,1,3909,49,-2469,7410,10094,-2684,1,0,7410,7410,7410,1,29400,0,-2684
2355,1956,SUB,,1,3909,49,-2469,7410,-2684,-2684,1,0,7410,7410,7410,1,29400,0,-2684
2356,1957,LH,,1,3909,49,-2469,7410,-2684,-2684,1,0,7410,7410,7410,1,29400,0,-2684
2357,1958,MUL,,1,3909,49,-2469,7410,-2684,-2684,1,0,7410,7410,7410,1,29400,0,-30126
2358,1959,SH,mem[16] = 3909,1,3909,49,-2469,7410,-2684,-2684,1,0,7410,7410,7410,1,29400,0,-30126
2359,1960,BEQ,,1,3909,49,-2469,7410,-2684,-2684,1,0,7410,7410,7410,1,29400,0,-30126
2360,1961,BEQ,,1,3909,49,-2469,7410,-2684,-2684,1,0,7410,7410,7410,1,29400,0,-30126
2361,1977,SH,mem[16] = 49,1,3909,49,-2469,7410,-2684,-2684,1,0,7410,7410,7410,1,29400,0,-30126
2362,1978,LH,,1,3909,49,-2469,7410,-2684,-2684,1,0,7410,7410,7410,49,29400,0,-30126
2363,1979,ADD,,1,3909,49,-2469,7410,-2684,-2684,1,0,7410,7410,7410,49,29400,7411,-30126
2364,1980,SUB,,1,3909,49,-2469,7410,29351,-2684,1,0,7410,7410,7410,49,29400,7411,-30126
2365,1981,SH,mem[16] = -30126,1,3909,49,-2469,7410,29351,-2684,1,0,7410,7410,7410,49,29400,7411,-30126
2366,1982,BEQ,,1,3909,49,-2469,7410,29351,-2684,1,0,7410,7410,7410,49,29400,7411,-30126
2367,1983,LH,,1,3909,49,-2469,7410,29351,-19650,1,0,7410,7410,7410,49,29400,7411,-30126
2368,1984,SH,mem[12] = 0,1,3909,49,-2469,7410,29351,-19650,1,0,7410,7410,7410,49,29400,7411,-30126
2369,1985,SH,mem[16] = 29351,1,3909,49,-2469,7410,29351,-19650,1,0,7410,7410,7410,49,29400,7411,-30126
2370,1986,LH,,1,3909,49,-2469,7410,29351,-19650,1,0,7410,7410,7410,49,0,7411,-30126
2371,1987,BEQ,,1,3909,49,-2469,7410,29351,-19650,1,0,7410,7410,7410,49,0,7411,-30126
2372,1988,SH,mem[58] = 3909,1,3909,49,-2469,7410,29351,-19650,1,0,7410,7410,7410,49,0,7411,-30126
2373,1989,ADD,,1,3909,49,-2469,7410,-28775,-19650,1,0,7410,7410,7410,49,0,7411,-30126
2374,1990,BEQ,,1,3909,49,-2469,7410,-28775,-19650,1,0,7410,7410,7410,49,0,7411,-30126
2375,1991,LH,,1,3909,49,-2469,7410,-28775,-19650,0,0,7410,7410,7410,49,0,7411,-30126
2376,1992,LH,,1,3909,49,-2469,7410,-28775,-19650,0,0,7410,7410,7410,49,0,7411,-30126
2377,1993,MUL,,1,0,49,-2469,7410,-28775,-19650,0,0,7410,7410,7410,49,0,7411,-30126
2378,1994,ADD,,1,0,49,-2469,7410,-28775,49,0,0,7410,7410,7410,49,0,7411,-30126
2379,1995,LH,,1,0,49,-2469,7410,-28775,49,0,0,7410,7410,29351,49,0,7411,-30126
2380,1996,SH,mem[16] = 49,1,0,49,-2469,7410,-28775,49,0,0,7410,7410,29351,49,0,7411,-30126
2381,1997,SLT,,1,0,49,-2469,7410,-28775,49,0,0,7410,7410,29351,49,0,7411,-30126
2382,1998,BEQ,,1,0,49,-2469,7410,-28775,49,0,0,7410,7410,29351,49,0,7411,-30126
2383,1999,SUB,,1,0,49,-2469,7410,-28775,49,0,-7362,7410,7410,29351,49,0,7411,-30126
2384,2000,LH,,1,0,49,-2469,7410,-28775,49,0,-7362,7410,7410,29351,49,0,7411,-30126
2385,2001,SLT,,1,0,49,-2469,7410,-28775,49,0,-7362,7410,1,29351,49,0,7411,-30126
2386,2002,LH,,1,0,49,-2469,7410,-28775,49,0,-7362,7410,1,29351,49,0,7411,-30126
2387,2003,MUL,,1,0,49,-2469,7410,-28775,49,0,-7362,7410,1,29351,-10746,0,7411,-30126
2388,2004,SH,mem[16] = 49,1,0,49,-2469,7410,-28775,49,0,-7362,7410,1,29351,-10746,0,7411,-30126
2389,2005,ADD,,-28774,0,49,-2469,7410,-28775,49,0,-7362,7410,1,29351,-10746,0,7411,-30126
2390,2006,LH,,-28774,0,49,-2469,7410,-28775,49,7410,-7362,7410,1,29351,-10746,0,7411,-30126
2391,2007,LH,,-28774,0,49,-2469,7410,-28775,7410,7410,-7362,7410,1,29351,-10746,0,7411,-30126
2392,2008,LH,,-28774,49,49,-2469,7410,-28775,7410,7410,-7362,7410,1,29351,-10746,0,7411,-30126
2393,2009,SH,mem[16] = 7410,-28774,49,49,-2469,7410,-28775,7410,7410,-7362,7410,1,29351,-10746,0,7411,-30126
2394,2010,BEQ,,-28774,49,49,-2469,7410,-28775,7410,7410,-7362,7410,1,29351,-10746,0,7411,-30126
2395,2011,SH,mem[56] = 49,-28774,49,49,-2469,7410,-28775,7410,7410,-7362,7410,1,29351,-10746,0,7411,-30126
2396,2012,LH,,-28774,49,49,-2469,7410,-28775,7410,7410,-7362,7410,1,29351,-10746,0,7411,-30126
2397,2013,SH,mem[64] = 7410,-28774,49,49,-2469,7410,-28775,7410,7410,-7362,7410,1,29351,-10746,0,7411,-30126
2398,2014,SUB,,-28774,-18156,49,-2469,7410,-28775,7410,7410,-7362,7410,1,29351,-10746,0,7411,-30126
2399,2015,SH,mem[64] = -18156,-28774,-18156,49,-2469,7410,-28775,7410,7410,-7362,7410,1,29351,-10746,0,7411,-30126
2400,2016,SH,mem[50] = -2469,-28774,-18156,49,-2469,7410,-28775,7410,7410,-7362,7410,1,29351,-10746,0,7411,-30126
2401,2017,SH,mem[16] = 7410,-28774,-18156,49,-2469,7410,-28775,7410,7410,-7362,7410,1,29351,-10746,0,7411,-30126
2402,2018,LH,,7410,-18156,49,-2469,7410,-28775,7410,7410,-7362,7410,1,29351,-10746,0,7411,-30126
2403,2019,BEQ,,7410,-18156,49,-2469,7410,-28775,7410,7410,-7362,7410,1,29351,-10746,0,7411,-30126
2404,2020,SH,mem[11] = 0,7410,-18156,49,-2469,7410,-28775,7410,7410,-7362,7410,1,29351,-10746,0,7411,-30126
2405,2021,LH,,7410,-18156,49,-2469,7410,-28775,7410,7410,-7362,0,1,29351,-10746,0,7411,-30126
2406,2022,LH,,7410,-18156,49,-2469,0,-28775,7410,7410,-7362,0,1,29351,-10746,0,7411,-30126
2407,2023,SH,mem[64] = -7362,7410,-18156,49,-2469,0,-28775,7410,7410,-7362,0,1,29351,-10746,0,7411,-30126
2408,2024,SUB,,7410,-18156,49,-21941,0,-28775,7410,7410,-7362,0,1,29351,-10746,0,7411,-30126
2409,2025,BEQ,,7410,-18156,49,-21941,0,-28775,7410,7410,-7362,0,1,29351,-10746,0,7411,-30126
2410,2026,SLT,,7410,-18156,49,-21941,0,-28775,1,7410,-7362,0,1,29351,-10746,0,7411,-30126
2411,2027,SH,mem[47] = -18156,7410,-18156,49,-21941,0,-28775,1,7410,-7362,0,1,29351,-10746,0,7411,-30126
2412,2028,ADD,,49,-18156,49,-21941,0,-28775,1,7410,-7362,0,1,29351,-10746,0,7411,-30126
2413,2029,ADD,,-21892,-18156,49,-21941,0,-28775,1,7410,-7362,0,1,29351,-10746,0,7411,-30126
2414,2030,ADD,,-21892,-18156,49,-21941,0,-28775,1,7410,-7362,0,1,29351,-10746,-10745,7411,-30126
2415,2031,SH,mem[9] = -10746,-21892,-18156,49,-21941,0,-28775,1,7410,-7362,0,1,29351,-10746,-10745,7411,-30126
2416,2032,LH,,-21892,-18156,49,-21941,0,-28775,1,7410,-7362,0,1,29351,-10746,-10745,7411,-30126
2417,2033,MUL,,-21892,18922,49,-21941,0,-28775,1,7410,-7362,0,1,29351,-10746,-10745,7411,-30126
2418,2034,BEQ,,-21892,18922,49,-21941,0,-28775,1,7410,-7362,0,1,29351,-10746,-10745,7411,-30126
2419,2040,SH,mem[15] = 7410,-21892,18922,49,-21941,0,-28775,1,7410,-7362,0,1,29351,-10746,-10745,7411,-30126
2420,2041,SH,mem[33] = 29351,-21892,18922,49,-21941,0,-28775,1,7410,-7362,0,1,29351,-10746,-10745,7411,-30126
2421,2042,LH,,-21892,18922,49,-21941,0,-28775,1,7410,-7362,7410,1,29351,-10746,-10745,7411,-30126
2422,2043,SH,mem[40] = 7410,-21892,18922,49,-21941,0,-28775,1,7410,-7362,7410,1,29351,-10746,-10745,7411,-30126
2423,2044,ADD,,-21892,18922,49,-21941,0,-28775,1,7410,-2970,7410,1,29351,-10746,-10745,7411,-30126
2424,2045,LH,,-21892,18922,49,-21941,0,-28775,1,7410,2,7410,1,29351,-10746,-10745,7411,-30126
2425,2046,BEQ,,-21892,18922,49,-21941,0,-28775,1,7410,2,7410,1,29351,-10746,-10745,7411,-30126
2426,2047,SUB,,-21892,18922,49,-21941,0,-28775,1,7410,2,14244,1,29351,-10746,-10745,7411,-30126
2427,2048,ADD,,-21892,18922,49,-30124,0,-28775,1,7410,2,14244,1,29351,-10746,-10745,7411,-30126
2428,2049,LH,,-21892,18922,49,-30124,0,-28775,1,7410,2,14244,1,29351,-10746,-10745,7411,-30126
2429,2050,ADD,,-21892,18922,49,-30124,-3334,-28775,1,7410,2,14244,1,29351,-10746,-10745,7411,-30126
2430,2051,BEQ,,-21892,18922,49,-30124,-3334,-28775,1,7410,2,14244,1,29351,-10746,-10745,7411,-30126
2431,2052,LH,,-21892,18922,49,-30124,-3334,-28775,1,7410,2,14244,1,29351,-10746,-10745,7411,0
2432,2053,LH,,-21892,18922,49,-30124,-3334,-28775,1,7410,2,14244,1,29351,-10746,-10745,7411,7410
2433,2054,ADD,,-21892,18922,49,-30124,-3334,-30123,1,7410,2,14244,1,29351,-10746,-10745,7411,7410
2434,2055,ADD,,-21892,18922,49,-30124,-3334,-30123,1,-21490,2,14244,1,29351,-10746,-10745,7411,7410
2435,2056,SLT,,0,18922,49,-30124,-3334,-30123,1,-21490,2,14244,1,29351,-10746,-10745,7411,7410
2436,2057,LH,,0,18922,49,-30124,-3334,-30123,1,-21490,2,14244,1,29351,0,-10745,7411,7410
2437,2058,ADD,,0,18922,49,-30124,-3334,7412,1,-21490,2,14244,1,29351,0,-10745,7411,7410
2438,2059,LH,,0,18922,49,-30124,-3334,7412,1,-21490,2,7410,1,29351,0,-10745,7411,7410
2439,2060,SLT,,0,18922,49,-30124,-3334,7412,1,-21490,2,7410,1,29351,0,-10745,7411,7410
2440,2061,SH,mem[17] = 29351,0,18922,49,-30124,-3334,7412,1,-21490,2,7410,1,29351,0,-10745,7411,7410
2441,2062,MUL,,0,18922,49,-30124,-3334,0,1,-21490,2,7410,1,29351,0,-10745,7411,7410
2442,2063,LH,,0,18922,49,-30124,-3334,0,1,7410,2,7410,1,29351,0,-10745,7411,7410
2443,2064,LH,,0,18922,49,-30124,-3334,0,1,7410,2,7410,1,29351,0,-10745,7411,7410
2444,2065,LH,,0,18922,7410,-30124,-3334,0,1,7410,2,7410,1,29351,0,-10745,7411,7410
2445,2066,SH,mem[14] = -3334,0,18922,7410,-30124,-3334,0,1,7410,2,7410,1,29351,0,-10745,7411,7410
2446,2067,SH,mem[15] = 7410,0,18922,7410,-30124,-3334,0,1,7410,2,7410,1,29351,0,-10745,7411,7410
2447,2068,LH,,0,7410,7410,-30124,-3334,0,1,7410,2,7410,1,29351,0,-10745,7411,7410
2448,2069,LH,,0,7410,7410,-30124,-3334,0,1,7410,2,7410,1,29351,0,-10745,7411,7410
2449,2070,ADD,,0,7410,7410,-30124,-3334,0,1,24667,2,7410,1,29351,0,-10745,7411,7410
2450,2071,SUB,,-7409,7410,7410,-30124,-3334,0,1,24667,2,7410,1,29351,0,-10745,7411,7410
2451,2072,ADD,,-7409,7410,7410,-30124,-3334,0,1,24667,2,7410,1,29351,0,-10745,7411,26017
2452,2073,SH,mem[17] = 0,-7409,7410,7410,-30124,-3334,0,1,24667,2,7410,1,29351,0,-10745,7411,26017
2453,2074,SH,mem[15] = 0,-7409,7410,7410,-30124,-3334,0,1,24667,2,7410,1,29351,0,-10745,7411,26017
2454,2075,SUB,,-7409,7410,7410,-30124,-3334,0,1,24667,2,7410,1,29351,0,-10745,7411,-14819
2455,2076,BEQ,,-7409,7410,7410,-30124,-3334,0,1,24667,2,7410,1,29351,0,-10745,7411,-14819
2456,2077,ADD,,-7409,7410,7410,-30124,-3334,0,1,24667,2,7410,-7408,29351,0,-10745,7411,-14819
2457,2078,LH,,-7409,7410,7410,-30124,-3334,0,1,24667,2,7410,-7408,29351,0,-10745,7411,0
2458,2079,SH,mem[0] = -3334,-7409,7410,7410,-30124,-3334,0,1,24667,2,7410,-7408,29351,0,-10745,7411,0
2459,2080,SUB,,-7409,7410,7410,10745,-3334,0,1,24667,2,7410,-7408,29351,0,-10745,7411,0
2460,2081,SH,mem[15] = 7411,-7409,7410,7410,10745,-3334,0,1,24667,2,7410,-7408,29351,0,-10745,7411,0
2461,2082,SH,mem[15] = 0,-7409,7410,7410,10745,-3334,0,1,24667,2,7410,-7408,29351,0,-10745,7411,0
2462,2083,BEQ,,-7409,7410,7410,10745,-3334,0,1,24667,2,7410,-7408,29351,0,-10745,7411,0
2463,2084,LH,,-7409,7410,0,10745,-3334,0,1,24667,2,7410,-7408,29351,0,-10745,7411,0
2464,2085,LH,,-7409,7410,0,10745,-3334,0,1,24667,2,7410,0,29351,0,-10745,7411,0
2465,2086,ADD,,-7409,7410,0,10745,-3334,0,1,24667,2,7410,0,29351,0,-10745,-10743,0
2466,2087,SH,mem[15] = 7410,-7409,7410,0,10745,-3334,0,1,24667,2,7410,0,29351,0,-10745,-10743,0
2467,2088,LH,,-7409,7410,0,10745,-3334,0,1,24667,2,7410,0,7410,0,-10745,-10743,0
2468,2089,LH,,7410,7410,0,10745,-3334,0,1,24667,2,7410,0,7410,0,-10745,-10743,0
2469,2090,LH,,7410,7410,0,10745,-3334,0,1,24667,7410,7410,0,7410,0,-10745,-10743,0
2470,2091,BEQ,,7410,7410,0,10745,-3334,0,1,24667,7410,7410,0,7410,0,-10745,-10743,0
2471,2092,SH,mem[15] = 10745,7410,7410,0,10745,-3334,0,1,24667,7410,7410,0,7410,0,-10745,-10743,0
2472,2093,BEQ,,7410,7410,0,10745,-3334,0,1,24667,7410,7410,0,7410,0,-10745,-10743,0
2473,2094,ADD,,7410,7410,0,10745,-3334,0,1,24667,7410,7410,-10745,7410,0,-10745,-10743,0
2474,2095,BEQ,,7410,7410,0,10745,-3334,0,1,24667,7410,7410,-10745,7410,0,-10745,-10743,0
2475,2096,SH,mem[15] = 7410,7410,7410,0,10745,-3334,0,1,24667,7410,7410,-10745,7410,0,-10745,-10743,0
2476,2097,MUL,,0,7410,0,10745,-3334,0,1,24667,7410,7410,-10745,7410,0,-10745,-10743,0
2477,2098,SH,mem[1] = -10745,0,7410,0,10745,-3334,0,1,24667,7410,7410,-10745,7410,0,-10745,-10743,0
2478,2099,MUL,,0,7410,0,10745,-3334,0,1,24667,7410,7410,-10745,0,0,-10745,-10743,0
2479,2100,BEQ,,0,7410,0,10745,-3334,0,1,24667,7410,7410,-10745,0,0,-10745,-10743,0
2480,2101,LH,,0,7410,0,10745,-3334,0,7410,24667,7410,7410,-10745,0,0,-10745,-10743,0
2481,2102,SLT,,0,7410,0,10745,-3334,0,0,24667,7410,7410,-10745,0,0,-10745,-10743,0
2482,2103,SLT,,0,7410,0,10745,-3334,0,0,24667,7410,7410,0,0,0,-10745,-10743,0
2483,2104,LH,,0,7410,0,10745,-3334,0,0,24667,7410,7410,0,0,0,-10745,0,0
2484,2105,LH,,0,7410,0,10745,-3334,0,0,24667,7410,7410,0,0,0,-10745,0,0
2485,2106,SLT,,0,7410,0,10745,-3334,0,0,24667,7410,0,0,0,0,-10745,0,0
2486,2107,LH,,0,7410,0,10745,-3334,7410,0,24667,7410,0,0,0,0,-10745,0,0
2487,2108,SLT,,0,7410,0,10745,-3334,7410,0,24667,7410,0,0,0,0,-10745,0,0
2488,2109,SLT,,0,7410,0,10745,-3334,7410,0,24667,7410,0,0,0,0,-10745,0,0
2489,2110,SH,mem[15] = 10745,0,7410,0,10745,-3334,7410,0,24667,7410,0,0,0,0,-10745,0,0
2490,2111,LH,,0,7410,0,10745,-3334,7410,0,24667,7410,0,0,0,0,10745,0,0
2491,2112,MUL,,0,7410,0,10745,-3334,0,0,24667,7410,0,0,0,0,10745,0,0
2492,2113,BEQ,,0,7410,0,10745,-3334,0,0,24667,7410,0,0,0,0,10745,0,0
2493,2116,ADD,,10745,7410,0,10745,-3334,0,0,24667,7410,0,0,0,0,10745,0,0
2494,2117,SLT,,10745,7410,0,0,-3334,0,0,24667,7410,0,0,0,0,10745,0,0
2495,2118,LH,,10745,7410,0,-3334,-3334,0,0,24667,7410,0,0,0,0,10745,0,0
2496,2119,SLT,,10745,7410,0,-3334,-3334,1,0,24667,7410,0,0,0,0,10745,0,0
2497,2120,SH,mem[15] = 24667,10745,7410,0,-3334,-3334,1,0,24667,7410,0,0,0,0,10745,0,0
2498,2121,SH,mem[4] = 0,10745,7410,0,-3334,-3334,1,0,24667,7410,0,0,0,0,10745,0,0
2499,2122,LH,,10745,7410,0,24667,-3334,1,0,24667,7410,0,0,0,0,10745,0,0
2500,2123,LH,,10745,24667,0,24667,-3334,1,0,24667,7410,0,0,0,0,10745,0,0
2501,2124,BEQ,,10745,24667,0,24667,-3334,1,0,24667,7410,0,0,0,0,10745,0,0
2502,2125,SUB,,10745,24667,0,24667,-3334,1,0,24667,7410,0,0,0,0,10745,0,0
2503,2126,SLT,,0,24667,0,24667,-3334,1,0,24667,7410,0,0,0,0,10745,0,0
2504,2127,SUB,,0,24667,0,0,-3334,1,0,24667,7410,0,0,0,0,10745,0,0
2505,2128,LH,,0,24667,0,0,-3334,1,0,24667,7410,0,0,0,0,10745,0,0
2506,2129,SUB,,0,24667,0,0,-3334,0,0,24667,7410,0,0,0,0,10745,0,0
2507,2130,LH,,0,24667,0,0,-3334,0,0,24667,7410,0,0,24667,0,10745,0,0
2508,2131,SLT,,0,24667,0,0,-3334,0,0,24667,7410,0,0,24667,0,0,0,0
2509,2132,SUB,,0,0,0,0,-3334,0,0,24667,7410,0,0,24667,0,0,0,0
2510,2133,SH,mem[15] = 0,0,0,0,0,-3334,0,0,24667,7410,0,0,24667,0,0,0,0
2511,2134,LH,,0,0,0,0,-3334,0,0,24667,7410,0,0,0,0,0,0,0
2512,2135,LH,,0,0,0,0,-3334,0,0,24667,7410,0,0,0,0,0,0,0
2513,2136,LH,,0,0,0,0,-3334,0,0,24667,7410,0,0,0,0,0,0,0
2514,2137,LH,,0,0,0,0,-3334,0,0,24667,7410,0,0,0,0,0,0,0
2515,2138,SLT,,0,0,0,0,-3334,0,0,0,7410,0,0,0,0,0,0,0
2516,2139,SUB,,0,0,0,0,-3334,0,0,0,7410,0,0,0,0,0,0,0
2517,2140,SLT,,0,0,0,0,-3334,0,0,0,7410,0,0,0,0,0,0,0
2518,2141,SH,mem[15] = 0,0,0,0,0,-3334,0,0,0,7410,0,0,0,0,0,0,0
2519,2142,BEQ,,0,0,0,0,-3334,0,0,0,7410,0,0,0,0,0,0,0
2520,2143,LH,,0,0,0,0,-3334,0,0,0,7410,0,0,0,0,0,0,0
2521,2144,LH,,0,0,0,0,-3334,0,0,0,7410,0,0,0,0,0,0,0
2522,2145,LH,,0,0,0,0,-3334,0,0,0,7410,0,0,0,0,0,0,0
2523,2146,LH,,0,0,0,0,-3334,0,0,0,7410,0,0,0,0,0,0,0
2524,2147,LH,,0,0,0,0,-3334,0,0,0,7410,0,0,0,0,0,0,0
2525,2148,SH,mem[6] = 0,0,0,0,0,-3334,0,0,0,7410,0,0,0,0,0,0,0
2526,2149,LH,,0,0,0,0,-3334,0,0,0,7410,0,0,0,0,0,0,0
2527,2150,SH,mem[9] = 0,0,0,0,0,-3334,0,0,0,7410,0,0,0,0,0,0,0
2528,2151,LH,,0,0,0,0,-3334,0,0,0,7410,0,0,0,0,0,0,0
2529,2152,LH,,0,0,0,0,-3334,0,0,0,7410,0,0,0,0,0,0,0
2530,2153,LH,,0,0,0,0,-3334,0,0,0,-10745,0,0,0,0,0,0,0
2531,2154,SH,mem[14] = 0,0,0,0,0,-3334,0,0,0,-10745,0,0,0,0,0,0,0
2532,2155,SH,mem[15] = 0,0,0,0,0,-3334,0,0,0,-10745,0,0,0,0,0,0,0
2533,2156,ADD,,0,0,0,-3334,-3334,0,0,0,-10745,0,0,0,0,0,0,0
2534,2157,SH,mem[10] = 0,0,0,0,-3334,-3334,0,0,0,-10745,0,0,0,0,0,0,0
2535,2158,SUB,,0,0,0,-3334,-3334,0,0,0,-10745,0,0,0,0,0,0,0
2536,2159,SH,mem[12] = 0,0,0,0,-3334,-3334,0,0,0,-10745,0,0,0,0,0,0,0
2537,2160,LH,,0,0,0,-3334,-3334,0,0,0,-10745,0,0,0,0,0,0,0
2538,2161,LH,,0,0,0,-3334,-3334,0,0,0,-10745,0,0,0,0,0,0,0
2539,2162,BEQ,,0,0,0,-3334,-3334,0,0,0,-10745,0,0,0,0,0,0,0
2540,2169,MUL,,0,0,0,-3334,-3334,0,0,0,-10745,0,0,0,0,0,0,0
2541,2170,SH,mem[15] = 0,0,0,0,-3334,-3334,0,0,0,-10745,0,0,0,0,0,0,0
2542,2171,SUB,,0,0,0,-3334,-3334,0,0,0,-10745,0,0,0,0,0,0,0
2543,2172,SUB,,0,0,0,-3334,-3334,0,0,0,-10745,0,0,0,0,0,0,0
2544,2173,SUB,,0,0,0,-3334,-3334,0,3334,0,-10745,0,0,0,0,0,0,0
2545,2174,SH,mem[15] = 0,0,0,0,-3334,-3334,0,3334,0,-10745,0,0,0,0,0,0,0
2546,2175,LH,,0,0,0,-3334,-3334,-83,3334,0,-10745,0,0,0,0,0,0,0
2547,2176,LH,,0,0,0,-3334,-3334,-83,3334,0,-10745,0,0,0,0,0,0,0
2548,2177,SLT,,0,0,1,-3334,-3334,-83,3334,0,-10745,0,0,0,0,0,0,0
2549,2178,LH,,0,0,1,-3334,71,-83,3334,0,-10745,0,0,0,0,0,0,0
2550,2179,MUL,,0,0,1,-3334,71,-83,3334,0,-10745,0,0,0,0,0,0,0
2551,2180,SH,mem[15] = 0,0,0,1,-3334,71,-83,3334,0,-10745,0,0,0,0,0,0,0
2552,2181,BEQ,,0,0,1,-3334,71,-83,3334,0,-10745,0,0,0,0,0,0,0
2553,2188,LH,,0,0,1,-3334,71,-83,3334,2490,-10745,0,0,0,0,0,0,0
2554,2189,SH,mem[3321] = -3334,0,0,1,-3334,71,-83,3334,2490,-10745,0,0,0,0,0,0,0
2555,2190,SH,mem[15] = 0,0,0,1,-3334,71,-83,3334,2490,-10745,0,0,0,0,0,0,0
2556,2191,ADD,,0,0,1,-3334,71,-83,3334,2490,-10745,0,0,0,0,0,0,-3334
2557,2192,BEQ,,0,0,1,-3334,71,-83,3334,2490,-10745,0,0,0,0,0,0,-3334
2558,2193,LH,,0,0,1,-3334,45,-83,3334,2490,-10745,0,0,0,0,0,0,-3334
2559,2194,BEQ,,0,0,1,-3334,45,-83,3334,2490,-10745,0,0,0,0,0,0,-3334
2560,2195,SLT,,0,0,1,-3334,45,-83,0,2490,-10745,0,0,0,0,0,0,-3334
2561,2196,LH,,0,0,1,0,45,-83,0,2490,-10745,0,0,0,0,0,0,-3334
2562,2197,LH,,0,0,1,0,45,-83,0,2490,-10745,0,0,0,0,0,0,-3334
2563,2198,BEQ,,0,0,1,0,45,-83,0,2490,-10745,0,0,0,0,0,0,-3334
2564,2199,LH,,0,0,1,0,4726,-83,0,2490,-10745,0,0,0,0,0,0,-3334
2565,2200,BEQ,,0,0,1,0,4726,-83,0,2490,-10745,0,0,0,0,0,0,-3334
2566,2201,LH,,0,0,1,0,4726,-1,0,2490,-10745,0,0,0,0,0,0,-3334
2567,2202,SUB,,0,0,1,0,4726,-1,0,2490,-10745,0,0,0,-13235,0,0,-3334
2568,2203,BEQ,,0,0,1,0,4726,-1,0,2490,-10745,0,0,0,-13235,0,0,-3334
2569,2204,SLT,,0,0,1,0,4726,-1,0,2490,-10745,0,0,0,1,0,0,-3334
2570,2205,SH,mem[15] = -3334,0,0,1,0,4726,-1,0,2490,-10745,0,0,0,1,0,0,-3334
2571,2206,SLT,,0,0,1,0,4726,-1,0,2490,-10745,0,0,0,1,0,0,0
2572,2207,SH,mem[2504] = -1,0,0,1,0,4726,-1,0,2490,-10745,0,0,0,1,0,0,0
2573,2208,ADD,,0,0,1,0,4726,-1,0,2490,-10745,0,0,0,1,0,0,0
2574,2209,SLT,,0,0,1,0,4726,-1,0,2490,-10745,0,0,0,1,0,0,0
2575,2210,SLT,,0,0,1,0,4726,-1,0,0,-10745,0,0,0,1,0,0,0
2576,2211,SH,mem[6] = 1,0,0,1,0,4726,-1,0,0,-10745,0,0,0,1,0,0,0
2577,2212,SLT,,0,0,1,0,4726,-1,0,0,-10745,0,0,0,1,0,0,0
2578,2213,SH,mem[15] = 4726,0,0,1,0,4726,-1,0,0,-10745,0,0,0,1,0,0,0
2579,2214,LH,,0,0,1,0,4726,4726,0,0,-10745,0,0,0,1,0,0,0
2580,2215,SLT,,0,0,1,0,4726,4726,0,0,-10745,0,0,0,1,0,0,0
2581,2216,LH,,0,0,1,0,4726,4726,0,0,-10745,0,0,0,1,0,0,0
2582,2217,LH,,0,0,1,0,4726,4726,0,0,0,0,0,0,1,0,0,0
2583,2218,ADD,,0,0,1,0,4726,4726,0,0,0,0,0,0,1,0,0,0
2584,2219,ADD,,0,0,1,0,4726,4726,0,0,0,0,0,0,1,0,0,0
2585,2220,SH,mem[10] = 0,0,0,1,0,4726,4726,0,0,0,0,0,0,1,0,0,0
2586,2221,SH,mem[5] = 1,0,0,1,0,4726,4726,0,0,0,0,0,0,1,0,0,0
2587,2222,SUB,,0,0,1,0,4726,4726,0,0,0,0,0,0,1,0,0,1
2588,2223,LH,,0,0,1,0,4726,4726,0,0,0,0,0,0,1,0,4726,1
2589,2224,SH,mem[15] = 0,0,0,1,0,4726,4726,0,0,0,0,0,0,1,0,4726,1
2590,2225,SUB,,0,0,1,1,4726,4726,0,0,0,0,0,0,1,0,4726,1
2591,2226,LH,,0,0,1,1,4726,4726,0,0,0,4726,0,0,1,0,4726,1
2592,2227,SUB,,0,0,1,1,4726,4726,0,0,0,4726,0,0,1,0,-1,1
2593,2228,LH,,0,0,1,1,4726,4726,0,0,0,4726,0,0,1,0,-1,4726
2594,2229,SLT,,0,0,1,1,4726,0,0,0,0,4726,0,0,1,0,-1,4726
2595,2230,SH,mem[5] = -1,0,0,1,1,4726,0,0,0,0,4726,0,0,1,0,-1,4726
2596,2231,SH,mem[15] = 1,0,0,1,1,4726,0,0,0,0,4726,0,0,1,0,-1,4726
2597,2232,BEQ,,0,0,1,1,4726,0,0,0,0,4726,0,0,1,0,-1,4726
2598,2233,SH,mem[15] = 1,0,0,1,1,4726,0,0,0,0,4726,0,0,1,0,-1,4726
2599,2234,MUL,,0,0,1,1,0,0,0,0,0,4726,0,0,1,0,-1,4726
2600,2235,SH,mem[3] = 0,0,0,1,1,0,0,0,0,0,4726,0,0,1,0,-1,4726
2601,2236,MUL,,0,0,1,1,0,0,0,0,0,4726,0,0,1,0,-1,4726
2602,2237,SH,mem[15] = 4726,0,0,1,1,0,0,0,0,0,4726,0,0,1,0,-1,4726
2603,2238,MUL,,0,0,1,1,0,0,0,0,0,4726,0,0,1,0,-1,4726
2604,2239,SH,mem[5] = 0,0,0,1,1,0,0,0,0,0,4726,0,0,1,0,-1,4726
2605,2240,LH,,0,0,1,4726,0,0,0,0,0,4726,0,0,1,0,-1,4726
2606,2241,LH,,0,0,1,4726,0,0,0,0,0,4726,0,4726,1,0,-1,4726
2607,2242,BEQ,,0,0,1,4726,0,0,0,0,0,4726,0,4726,1,0,-1,4726
2608,2243,MUL,,0,0,0,4726,0,0,0,0,0,4726,0,4726,1,0,-1,4726
2609,2244,LH,,0,0,0,4726,0,0,0,0,0,4726,0,4726,1,4726,-1,4726
2610,2245,SH,mem[14] = 4726,0,0,0,4726,0,0,0,0,0,4726,0,4726,1,4726,-1,4726
2611,2246,SLT,,0,0,0,1,0,0,0,0,0,4726,0,4726,1,4726,-1,4726
2612,2247,LH,,0,0,0,1,0,0,0,0,0,4726,0,4726,1,4726,-1,0
2613,2248,SLT,,0,0,0,1,0,0,0,0,0,4726,0,4726,1,4726,-1,0
2614,2249,SUB,,0,0,0,1,0,0,0,0,0,4726,0,4726,1,4726,-1,0
2615,2250,BEQ,,0,0,0,1,0,0,0,0,0,4726,0,4726,1,4726,-1,0
2616,2253,LH,,0,0,0,1,0,0,0,0,0,4726,0,4726,1,7410,-1,0
2617,2254,SH,mem[13] = 0,0,0,0,1,0,0,0,0,0,4726,0,4726,1,7410,-1,0
2618,2255,SLT,,0,0,0,1,0,0,0,0,0,4726,0,4726,1,7410,-1,0
2619,2256,SH,mem[15] = 0,0,0,0,1,0,0,0,0,0,4726,0,4726,1,7410,-1,0
2620,2257,LH,,0,0,0,1,0,0,0,0,0,4726,0,4726,1,7410,-1,0
2621,2258,SUB,,0,0,0,1,0,0,0,0,0,4726,0,4726,1,7410,-1,0
2622,2259,SH,mem[15] = 7410,0,0,0,1,0,0,0,0,0,4726,0,4726,1,7410,-1,0
2623,2260,MUL,,0,0,0,1,0,0,0,0,0,4726,0,4726,1,7410,0,0
2624,2261,SH,mem[6] = 0,0,0,0,1,0,0,0,0,0,4726,0,4726,1,7410,0,0
2625,2262,SUB,,0,0,0,1,0,0,0,0,0,7410,0,4726,1,7410,0,0
2626,2263,BEQ,,0,0,0,1,0,0,0,0,0,7410,0,4726,1,7410,0,0
2627,2276,SH,mem[16] = 0,0,0,0,1,0,0,0,0,0,7410,0,4726,1,7410,0,0
2628,2277,BEQ,,0,0,0,1,0,0,0,0,0,7410,0,4726,1,7410,0,0
2629,2289,LH,,0,0,0,1,0,0,0,0,0,7410,7410,4726,1,7410,0,0
2630,2290,SLT,,0,0,0,1,0,0,0,0,0,7410,7410,4726,1,7410,0,0
2631,2291,SLT,,0,0,0,1,0,0,0,0,0,7410,0,4726,1,7410,0,0
2632,2292,SH,mem[15] = 1,0,0,0,1,0,0,0,0,0,7410,0,4726,1,7410,0,0
2633,2293,SH,mem[12] = 0,0,0,0,1,0,0,0,0,0,7410,0,4726,1,7410,0,0
2634,2294,ADD,,0,0,0,1,12136,0,0,0,0,7410,0,4726,1,7410,0,0
2635,2295,SUB,,0,0,0,1,0,0,0,0,0,7410,0,4726,1,7410,0,0
2636,2296,SUB,,0,0,0,1,0,0,0,0,0,7410,0,0,1,7410,0,0
2637,2297,LH,,0,0,0,1,0,0,0,1,0,7410,0,0,1,7410,0,0
2638,2298,SH,mem[11] = 0,0,0,0,1,0,0,0,1,0,7410,0,0,1,7410,0,0
2639,2299,BEQ,,0,0,0,1,0,0,0,1,0,7410,0,0,1,7410,0,0
2640,2300,BEQ,,0,0,0,1,0,0,0,1,0,7410,0,0,1,7410,0,0
2641,2309,MUL,,0,0,0,1,0,0,0,1,0,7410,0,0,1,7410,0,0
2642,2310,SLT,,0,0,0,1,0,0,0,1,0,7410,0,0,1,7410,0,0
2643,2311,MUL,,0,0,0,0,0,0,0,1,0,7410,0,0,1,7410,0,0
2644,2312,MUL,,0,0,0,0,0,0,0,1,0,7410,0,0,1,7410,0,0
2645,2313,ADD,,0,0,0,0,0,0,0,1,0,7410,0,0,1,7410,0,0
2646,2314,SH,mem[1] = 1,0,0,0,0,0,0,0,1,0,7410,0,0,1,7410,0,0
2647,2315,LH,,0,0,0,3909,0,0,0,1,0,7410,0,0,1,7410,0,0
2648,2316,SH,mem[15] = 0,0,0,0,3909,0,0,0,1,0,7410,0,0,1,7410,0,0
2649,2317,SH,mem[15] = 7410,0,0,0,3909,0,0,0,1,0,7410,0,0,1,7410,0,0
2650,2318,SLT,,0,0,0,3909,0,0,0,1,0,7410,0,1,1,7410,0,0
2651,2319,SUB,,0,0,0,3909,0,0,0,1,0,7410,0,1,1,7410,0,0
2652,2320,ADD,,0,0,0,0,0,0,0,1,0,7410,0,1,1,7410,0,0
2653,2321,LH,,0,0,0,0,0,0,0,1,0,7410,0,1,1,7410,0,0
2654,2322,BEQ,,0,0,0,0,0,0,0,1,0,7410,0,1,1,7410,0,0
2655,2323,LH,,0,0,0,0,0,0,0,1,0,7410,0,1,1,7410,0,0
2656,2324,BEQ,,0,0,0,0,0,0,0,1,0,7410,0,1,1,7410,0,0
2657,2325,LH,,0,0,0,0,0,0,0,7410,0,7410,0,1,1,7410,0,0
2658,2326,SH,mem[16] = 7410,0,0,0,0,0,0,0,7410,0,7410,0,1,1,7410,0,0
2659,2327,SLT,,0,0,0,0,0,0,0,7410,0,7410,0,1,1,7410,0,0
2660,2328,SH,mem[10] = 1,0,0,0,0,0,0,0,7410,0,7410,0,1,1,7410,0,0
2661,2329,SUB,,0,0,0,0,0,0,0,7410,7410,7410,0,1,1,7410,0,0
2662,2330,SLT,,0,0,0,0,0,0,0,7410,7410,7410,0,1,0,7410,0,0
2663,2331,SH,mem[15] = 0,0,0,0,0,0,0,0,7410,7410,7410,0,1,0,7410,0,0
2664,2332,LH,,0,0,0,0,4726,0,0,7410,7410,7410,0,1,0,7410,0,0
2665,2333,MUL,,0,0,0,0,0,0,0,7410,7410,7410,0,1,0,7410,0,0
2666,2334,SUB,,0,0,0,0,0,0,0,7410,7410,7410,0,1,0,0,0,0
2667,2335,SLT,,0,0,0,0,0,0,0,7410,7410,7410,0,1,0,0,0,0
2668,2336,SH,mem[8] = 0,0,0,0,0,0,0,0,7410,7410,7410,0,1,0,0,0,0
2669,2337,BEQ,,0,0,0,0,0,0,0,7410,7410,7410,0,1,0,0,0,0
2670,2352,MUL,,0,0,0,0,0,0,0,7410,7410,7410,0,1,0,0,0,0
2671,2353,MUL,,0,0,0,0,0,0,0,7410,7410,7410,0,1,0,0,0,0
2672,2354,SLT,,0,0,0,0,0,0,0,7410,7410,7410,0,1,0,0,0,0
2673,2355,SLT,,0,0,0,0,0,0,0,7410,0,7410,0,1,0,0,0,0
2674,2356,SH,mem[15] = 0,0,0,0,0,0,0,0,7410,0,7410,0,1,0,0,0,0
2675,2357,BEQ,,0,0,0,0,0,0,0,7410,0,7410,0,1,0,0,0,0
2676,2358,ADD,,0,0,0,0,0,0,0,7410,0,7410,0,1,0,0,1,0
2677,2359,BEQ,,0,0,0,0,0,0,0,7410,0,7410,0,1,0,0,1,0
2678,2361,LH,,0,0,0,0,0,0,0,7410,0,7410,7410,1,0,0,1,0
2679,2362,SH,mem[15] = 7410,0,0,0,0,0,0,0,7410,0,7410,7410,1,0,0,1,0
2680,2363,BEQ,,0,0,0,0,0,0,0,7410,0,7410,7410,1,0,0,1,0
2681,2371,SH,mem[15] = 0,0,0,0,0,0,0,0,7410,0,7410,7410,1,0,0,1,0
2682,2372,SUB,,0,0,0,0,-1,0,0,7410,0,7410,7410,1,0,0,1,0
2683,2373,MUL,,0,0,0,0,0,0,0,7410,0,7410,7410,1,0,0,1,0
2684,2374,LH,,0,0,0,0,0,0,0,7410,0,7410,7410,1,0,0,1,0
2685,2375,BEQ,,0,0,0,0,0,0,0,7410,0,7410,7410,1,0,0,1,0
2686,2376,SH,mem[15] = 0,0,0,0,0,0,0,0,7410,0,7410,7410,1,0,0,1,0
2687,2377,ADD,,0,0,0,0,0,0,0,7410,0,7410,7410,1,0,0,0,0
2688,2378,SH,mem[1] = 0,0,0,0,0,0,0,0,7410,0,7410,7410,1,0,0,0,0
2689,2379,SH,mem[16] = 7410,0,0,0,0,0,0,0,7410,0,7410,7410,1,0,0,0,0
2690,2380,LH,,0,0,0,0,0,0,0,7410,0,7410,7410,1,0,0,0,0
2691,2381,ADD,,0,0,0,0,0,0,0,1,0,7410,7410,1,0,0,0,0
2692,2382,ADD,,0,0,0,0,0,0,0,0,0,7410,7410,1,0,0,0,0
2693,2383,SH,mem[15] = 0,0,0,0,0,0,0,0,0,0,7410,7410,1,0,0,0,0
2694,2384,LH,,0,0,0,0,0,0,0,0,0,7410,7410,1,0,0,0,0
2695,2385,LH,,0,0,0,0,0,0,0,0,0,7410,7410,1,0,0,7410,0
2696,2386,SUB,,0,0,0,0,0,0,0,0,1,7410,7410,1,0,0,7410,0
2697,2387,SUB,,0,0,0,0,0,0,0,0,1,7410,1,1,0,0,7410,0
2698,2388,LH,,0,0,0,0,0,0,0,0,1,7410,1,1,0,0,7410,0
2699,2389,BEQ,,0,0,0,0,0,0,0,0,1,7410,1,1,0,0,7410,0
2700,2393,LH,,0,0,0,0,0,0,0,0,1,7410,1,1,0,0,0,0
2701,2394,ADD,,0,0,0,0,0,0,0,0,1,7410,1,0,0,0,0,0
2702,2395,SH,mem[11] = 0,0,0,0,0,0,0,0,0,1,7410,1,0,0,0,0,0
2703,2396,MUL,,0,0,0,0,0,0,0,0,1,7410,1,0,0,0,0,0
2704,2397,MUL,,0,0,0,0,0,0,0,0,1,7410,1,0,0,0,0,0
2705,2398,SH,mem[16] = 0,0,0,0,0,0,0,0,0,1,7410,1,0,0,0,0,0
2706,2399,LH,,0,0,0,0,0,0,0,0,1,7410,1,0,0,0,0,0
2707,2400,SLT,,0,0,0,0,0,0,0,0,1,7410,1,0,0,0,0,0
2708,2401,SH,mem[15] = 0,0,0,0,0,0,0,0,0,1,7410,1,0,0,0,0,0
2709,2402,SLT,,0,0,0,0,0,0,0,0,1,7410,1,0,0,0,0,0
2710,2403,LH,,0,0,0,0,0,0,0,0,1,7410,1,0,0,0,0,0
2711,2404,SUB,,0,0,0,0,0,0,0,0,1,7410,1,0,0,0,0,0
2712,2405,MUL,,0,0,0,0,0,0,0,0,1,7410,1,0,0,0,0,0
2713,2406,SH,mem[16] = 0,0,0,0,0,0,0,0,0,1,7410,1,0,0,0,0,0
2714,2407,SUB,,0,0,0,0,0,0,0,0,1,0,1,0,0,0,0,0
2715,2408,LH,,0,0,0,0,0,0,0,0,1,0,0,0,0,0,0,0
2716,2409,SH,mem[8] = 0,0,0,0,0,0,0,0,0,1,0,0,0,0,0,0,0
2717,2410,SUB,,0,0,0,0,0,0,0,0,1,0,0,0,0,0,0,0
2718,2411,LH,,0,0,0,0,0,0,0,0,1,0,0,0,0,0,0,0
2719,2412,ADD,,0,0,0,0,0,0,0,0,1,0,0,0,0,0,0,0
2720,2413,LH,,0,0,0,0,0,0,0,0,1,0,0,0,0,0,0,0
2721,2414,SH,mem[15] = 0,0,0,0,0,0,0,0,0,1,0,0,0,0,0,0,0
2722,2415,LH,,0,0,0,0,0,0,0,0,1,0,0,0,0,0,0,0
2723,2416,SH,mem[15] = 0,0,0,0,0,0,0,0,0,1,0,0,0,0,0,0,0
2724,2417,SH,mem[10] = 0,0,0,0,0,0,0,0,0,1,0,0,0,0,0,0,0
2725,2418,ADD,,0,0,0,0,0,0,0,0,0,0,0,0,0,0,0,0
2726,2419,SH,mem[15] = 0,0,0,0,0,0,0,0,0,0,0,0,0,0,0,0,0
2727,2420,SH,mem[15] = 0,0,0,0,0,0,0,0,0,0,0,0,0,0,0,0,0
2728,2421,SH,mem[1] = 0,0,0,0,0,0,0,0,0,0,0,0,0,0,0,0,0
2729,2422,LH,,0,0,0,0,0,0,0,0,0,0,0,0,0,0,0,0
2730,2423,SLT,,0,0,0,0,0,0,0,0,0,0,0,0,0,0,0,0
2731,2424,LH,,0,0,0,0,0,0,0,0,0,0,0,0,0,0,0,0
2732,2425,LH,,0,0,0,0,0,0,0,0,0,0,0,0,0,0,0,0
2733,2426,SH,mem[15] = 0,0,0,0,0,0,0,0,0,0,0,0,0,0,0,0,0
2734,2427,ADD,,0,0,0,0,0,0,0,0,0,0,0,0,0,0,0,0
2735,2428,LH,,0,0,0,0,0,0,0,0,0,0,0,0,0,0,0,0
2736,2429,SH,mem[5] = 0,0,0,0,0,0,0,0,0,0,0,0,0,0,0,0,0
2737,2430,BEQ,,0,0,0,0,0,0,0,0,0,0,0,0,0,0,0,0
2738,2435,LH,,0,0,0,0,0,0,0,0,0,0,0,0,0,0,0,0
2739,2436,SH,mem[3] = 0,0,0,0,0,0,0,0,0,0,0,0,0,0,0,0,0
2740,2437,SH,mem[7] = 0,0,0,0,0,0,0,0,0,0,0,0,0,0,0,0,0
2741,2438,LH,,0,0,0,0,0,0,0,0,0,0,0,0,0,0,0,0
2742,2439,LH,,0,0,0,0,0,0,0,0,0,0,0,0,0,0,0,0
2743,2440,SH,mem[15] = 0,0,0,0,0,0,0,0,0,0,0,0,0,0,0,0,0
2744,2441,SUB,,0,0,0,0,0,0,0,0,0,0,0,0,0,0,0,0
2745,2442,LH,,0,0,0,0,0,0,0,0,0,0,0,0,0,0,0,0
2746,2443,LH,,0,0,0,0,0,0,0,0,0,0,0,0,0,0,0,0
2747,2444,BEQ,,0,0,0,0,0,0,0,0,0,0,0,0,0,0,0,0
2748,2458,LH,,0,0,0,0,0,0,0,0,0,0,0,0,0,0,0,0
2749,2459,SH,mem[4] = 0,0,0,0,0,0,0,0,0,0,0,0,0,0,0,0,0
2750,2460,SUB,,0,0,0,0,0,0,0,0,0,0,0,0,0,0,0,0
2751,2461,SH,mem[10] = 0,0,0,0,0,0,0,0,0,0,0,0,0,0,0,0,0
2752,2462,ADD,,0,0,0,0,0,0,0,0,0,0,0,0,0,0,0,0
2753,2463,SH,mem[9] = 0,0,0,0,0,0,0,0,0,0,0,0,0,0,0,0,0
2754,2464,SH,mem[9] = 0,0,0,0,0,0,0,0,0,0,0,0,0,0,0,0,0
2755,2465,LH,,0,0,0,0,0,0,0,0,0,0,0,0,0,0,0,0
2756,2466,BEQ,,0,0,0,0,0,0,0,0,0,0,0,0,0,0,0,0
2757,2479,SLT,,0,0,0,0,0,0,0,0,0,0,0,0,0,0,0,0
2758,2480,SH,mem[15] = 0,0,0,0,0,0,0,0,0,0,0,0,0,0,0,0,0
2759,2481,LH,,0,0,0,0,0,0,0,0,0,0,0,0,0,0,0,0
2760,2482,SH,mem[14] = 0,0,0,0,0,0,0,0,0,0,0,0,0,0,0,0,0
2761,2483,SH,mem[5] = 0,0,0,0,0,0,0,0,0,0,0,0,0,0,0,0,0
2762,2484,SH,mem[15] = 0,0,0,0,0,0,0,0,0,0,0,0,0,0,0,0,0
2763,2485,SH,mem[7] = 0,0,0,0,0,0,0,0,0,0,0,0,0,0,0,0,0
2764,2486,MUL,,0,0,0,0,0,0,0,0,0,0,0,0,0,0,0,0
2765,2487,LH,,0,0,0,0,0,0,0,0,0,0,0,0,0,0,0,0
2766,2488,SUB,,0,0,0,0,0,0,0,0,0,0,0,0,0,0,0,0
2767,2489,LH,,0,0,0,0,0,0,0,0,0,0,0,0,0,0,0,0
2768,2490,SH,mem[15] = 0,0,0,0,0,0,0,0,0,0,0,0,0,0,0,0,0
2769,2491,BEQ,,0,0,0,0,0,0,0,0,0,0,0,0,0,0,0,0
2770,2495,ADD,,0,0,0,0,0,0,0,0,0,0,0,0,0,0,0,0
2771,2496,LH,,0,0,0,0,0,0,0,0,0,0,0,0,0,0,0,0
2772,2497,LH,,0,0,0,0,0,0,0,0,0,0,0,0,0,0,0,0
2773,2498,SH,mem[2] = 0,0,0,0,0,0,0,0,0,0,0,0,0,0,0,0,0
2774,2499,MUL,,0,0,0,0,0,0,0,0,0,0,0,0,0,0,0,0
2775,2500,LH,,0,0,0,0,0,0,0,0,0,0,0,0,0,0,0,0
2776,2501,LH,,0,0,0,0,0,0,0,0,0,0,0,0,0,0,0,0
2777,2502,MUL,,0,0,0,0,0,0,0,0,0,0,0,0,0,0,0,0
2778,2503,ADD,,0,0,0,0,0,0,0,0,0,0,0,0,0,0,0,0
2779,2504,MUL,,0,0,0,0,0,0,0,0,0,0,0,0,0,0,0,0
2780,2505,SH,mem[9] = 0,0,0,0,0,0,0,0,0,0,0,0,0,0,0,0,0
2781,2506,SH,mem[6] = 0,0,0,0,0,0,0,0,0,0,0,0,0,0,0,0,0
2782,2507,SH,mem[13] = 0,0,0,0,0,0,0,0,0,0,0,0,0,0,0,0,0
2783,2508,SUB,,0,0,0,0,0,0,0,0,0,0,0,0,0,0,0,0
2784,2509,LH,,0,0,0,0,0,0,0,0,0,0,0,0,0,0,0,0
2785,2510,ADD,,0,0,0,0,0,0,0,0,0,0,0,0,0,0,0,0
2786,2511,SUB,,0,0,0,0,0,0,0,0,0,0,0,0,0,0,0,0
2787,2512,ADD,,0,0,0,0,0,0,0,0,0,0,0,0,0,0,0,0
2788,2513,MUL,,0,0,0,0,0,0,0,0,0,0,0,0,0,0,0,0
2789,2514,ADD,,0,0,0,0,0,0,0,0,0,0,0,0,0,0,0,0
2790,2515,SUB,,0,0,0,0,0,0,0,0,0,0,0,0,0,0,0,0
2791,2516,MUL,,0,0,0,0,0,0,0,0,0,0,0,0,0,0,0,0
2792,2517,ADD,,0,0,0,0,0,0,0,0,0,0,0,0,0,0,0,0
2793,2518,ADD,,0,0,0,0,0,0,0,0,0,0,0,0,0,0,0,0
2794,2519,SLT,,0,0,0,0,0,0,0,0,0,0,0,0,0,0,0,0
2795,2520,MUL,,0,0,0,0,0,0,0,0,0,0,0,0,0,0,0,0
2796,2521,SUB,,0,0,0,0,0,0,0,0,0,0,0,0,0,0,0,0
2797,2522,ADD,,0,0,0,0,0,0,0,0,0,0,0,0,0,0,0,0
2798,2523,BEQ,,0,0,0,0,0,0,0,0,0,0,0,0,0,0,0,0
2799,2537,BEQ,,0,0,0,0,0,0,0,0,0,0,0,0,0,0,0,0
2800,2545,LH,,0,0,0,0,0,0,0,0,0,0,0,0,0,0,0,0
2801,2546,LH,,0,0,0,0,0,0,0,0,0,0,0,0,0,0,0,0
2802,2547,SUB,,0,0,0,0,0,0,0,0,0,0,0,0,0,0,0,0
2803,2548,LH,,0,0,0,0,0,0,0,0,0,0,0,0,0,0,0,0
2804,2549,LH,,0,0,0,0,0,0,0,0,0,0,0,0,0,0,0,0
2805,2550,SUB,,0,0,0,0,0,0,0,0,0,0,0,0,0,0,0,0
2806,2551,SH,mem[15] = 0,0,0,0,0,0,0,0,0,0,0,0,0,0,0,0,0
2807,2552,SH,mem[15] = 0,0,0,0,0,0,0,0,0,0,0,0,0,0,0,0,0
2808,2553,ADD,,0,0,0,0,0,0,0,0,0,0,0,0,0,0,0,0
2809,2554,LH,,0,0,0,0,0,0,0,0,0,0,0,0,0,0,0,0
2810,2555,SLT,,0,0,0,0,0,0,0,0,0,0,0,0,0,0,0,0
2811,2556,ADD,,0,0,0,0,0,0,0,0,0,0,0,0,0,0,0,0
2812,2557,ADD,,0,0,0,0,0,0,0,0,0,0,0,0,0,0,0,0
2813,2558,ADD,,0,0,0,0,0,0,0,0,0,0,0,0,0,0,0,0
2814,2559,SH,mem[1] = 0,0,0,0,0,0,0,0,0,0,0,0,0,0,0,0,0
2815,2560,ADD,,0,0,0,0,0,0,0,0,0,0,0,0,0,0,0,0
2816,2561,ADD,,0,0,0,0,0,0,0,0,0,0,0,0,0,0,0,0
2817,2562,SH,mem[0] = 0,0,0,0,0,0,0,0,0,0,0,0,0,0,0,0,0
2818,2563,SH,mem[15] = 0,0,0,0,0,0,0,0,0,0,0,0,0,0,0,0,0
2819,2564,SH,mem[4] = 0,0,0,0,0,0,0,0,0,0,0,0,0,0,0,0,0
2820,2565,SLT,,0,0,0,0,0,0,0,0,0,0,0,0,0,0,0,0
2821,2566,SH,mem[15] = 0,0,0,0,0,0,0,0,0,0,0,0,0,0,0,0,0
2822,2567,LH,,0,0,0,0,0,0,0,0,0,0,0,0,0,0,0,0
2823,2568,LH,,0,0,0,0,0,0,0,0,0,0,0,0,0,0,0,0
2824,2569,SH,mem[12] = 0,0,0,0,0,0,0,0,0,0,0,0,0,0,0,0,0
2825,2570,SLT,,0,0,0,0,0,0,0,0,0,0,0,0,0,0,0,0
2826,2571,MUL,,0,0,0,0,0,0,0,0,0,0,0,0,0,0,0,0
2827,2572,LH,,0,0,0,0,0,0,0,0,0,0,0,0,0,0,0,0
2828,2573,ADD,,0,0,0,0,0,0,0,0,0,0,0,0,0,0,0,0
2829,2574,SH,mem[0] = 0,0,0,0,0,0,0,0,0,0,0,0,0,0,0,0,0
2830,2575,SH,mem[3] = 0,0,0,0,0,0,0,0,0,0,0,0,0,0,0,0,0
2831,2576,SH,mem[15] = 0,0,0,0,0,0,0,0,0,0,0,0,0,0,0,0,0
2832,2577,LH,,0,0,0,0,0,0,0,0,0,0,0,0,0,0,0,0
2833,2578,SH,mem[0] = 0,0,0,0,0,0,0,0,0,0,0,0,0,0,0,0,0
2834,2579,LH,,0,0,0,0,0,0,0,0,0,0,0,0,0,0,0,0
2835,2580,MUL,,0,0,0,0,0,0,0,0,0,0,0,0,0,0,0,0
2836,2581,SH,mem[4] = 0,0,0,0,0,0,0,0,0,0,0,0,0,0,0,0,0
2837,2582,MUL,,0,0,0,0,0,0,0,0,0,0,0,0,0,0,0,0
2838,2583,BEQ,,0,0,0,0,0,0,0,0,0,0,0,0,0,0,0,0
2839,2593,BEQ,,0,0,0,0,0,0,0,0,0,0,0,0,0,0,0,0
2840,2598,BEQ,,0,0,0,0,0,0,0,0,0,0,0,0,0,0,0,0
2841,2604,LH,,0,0,0,0,0,0,0,0,0,0,0,0,0,0,0,0
2842,2605,LH,,0,0,0,0,0,0,0,0,0,0,0,0,0,0,0,0
2843,2606,BEQ,,0,0,0,0,0,0,0,0,0,0,0,0,0,0,0,0
2844,2611,LH,,0,0,0,0,0,0,0,0,0,0,0,0,0,0,0,0
2845,2612,SLT,,0,0,0,0,0,0,0,0,0,0,0,0,0,0,0,0
2846,2613,MUL,,0,0,0,0,0,0,0,0,0,0,0,0,0,0,0,0
2847,2614,BEQ,,0,0,0,0,0,0,0,0,0,0,0,0,0,0,0,0
2848,2625,SLT,,0,0,0,0,0,0,0,0,0,0,0,0,0,0,0,0
2849,2626,SUB,,0,0,0,0,0,0,0,0,0,0,0,0,0,0,0,0
2850,2627,SH,mem[15] = 0,0,0,0,0,0,0,0,0,0,0,0,0,0,0,0,0
2851,2628,LH,,0,0,0,0,0,0,0,0,0,0,0,0,0,0,0,0
2852,2629,SH,mem[15] = 0,0,0,0,0,0,0,0,0,0,0,0,0,0,0,0,0
2853,2630,ADD,,0,0,0,0,0,0,0,0,0,0,0,0,0,0,0,0
2854,2631,MUL,,0,0,0,0,0,0,0,0,0,0,0,0,0,0,0,0
2855,2632,SUB,,0,0,0,0,0,0,0,0,0,0,0,0,0,0,0,0
2856,2633,MUL,,0,0,0,0,0,0,0,0,0,0,0,0,0,0,0,0
2857,2634,SLT,,0,0,0,0,0,0,0,0,0,0,0,0,0,0,0,0
2858,2635,LH,,0,0,0,0,0,0,0,0,0,0,0,0,0,0,0,0
2859,2636,BEQ,,0,0,0,0,0,0,0,0,0,0,0,0,0,0,0,0
2860,2642,LH,,0,0,0,0,0,0,0,0,0,0,0,0,0,0,0,0
2861,2643,LH,,0,0,0,0,0,0,0,0,0,0,0,0,0,0,0,0
2862,2644,ADD,,0,0,0,0,0,0,0,0,0,0,0,0,0,0,0,0
2863,2645,LH,,0,0,0,0,0,0,0,0,0,0,0,0,0,0,0,0
2864,2646,LH,,0,0,0,0,0,0,0,0,0,0,0,0,0,0,0,0
2865,2647,LH,,0,0,0,0,0,0,0,0,0,0,0,0,0,0,0,0
2866,2648,LH,,0,0,0,0,0,0,0,0,0,0,0,0,0,0,0,0
2867,2649,SH,mem[15] = 0,0,0,0,0,0,0,0,0,0,0,0,0,0,0,0,0
2868,2650,BEQ,,0,0,0,0,0,0,0,0,0,0,0,0,0,0,0,0
2869,2661,LH,,0,0,0,0,0,0,0,0,0,0,0,0,0,0,0,0
2870,2662,LH,,0,0,0,0,0,0,0,0,0,0,0,0,0,0,0,0
2871,2663,SUB,,0,0,0,0,0,0,0,0,0,0,0,0,0,0,0,0
2872,2664,SH,mem[15] = 0,0,0,0,0,0,0,0,0,0,0,0,0,0,0,0,0
2873,2665,LH,,0,0,0,0,0,0,0,0,0,0,0,0,0,0,0,0
2874,2666,LH,,0,0,0,0,0,0,0,0,0,0,0,0,0,0,0,0
2875,2667,SUB,,0,0,0,0,0,0,0,0,0,0,0,0,0,0,0,0
2876,2668,BEQ,,0,0,0,0,0,0,0,0,0,0,0,0,0,0,0,0
2877,2684,SUB,,0,0,0,0,0,0,0,0,0,0,0,0,0,0,0,0
2878,2685,LH,,0,0,0,0,0,0,0,0,0,0,0,0,0,0,0,0
2879,2686,SH,mem[14] = 0,0,0,0,0,0,0,0,0,0,0,0,0,0,0,0,0
2880,2687,LH,,0,0,0,0,0,0,0,0,0,0,0,0,0,0,0,0
2881,2688,SLT,,0,0,0,0,0,0,0,0,0,0,0,0,0,0,0,0
2882,2689,MUL,,0,0,0,0,0,0,0,0,0,0,0,0,0,0,0,0
2883,2690,BEQ,,0,0,0,0,0,0,0,0,0,0,0,0,0,0,0,0
2884,2693,SH,mem[12] = 0,0,0,0,0,0,0,0,0,0,0,0,0,0,0,0,0
2885,2694,BEQ,,0,0,0,0,0,0,0,0,0,0,0,0,0,0,0,0
2886,2695,LH,,0,0,0,0,0,0,0,0,0,0,0,0,0,0,0,0
2887,2696,SH,mem[15] = 0,0,0,0,0,0,0,0,0,0,0,0,0,0,0,0,0
2888,2697,LH,,0,0,0,0,0,0,0,0,0,0,0,0,0,0,0,0
2889,2698,BEQ,,0,0,0,0,0,0,0,0,0,0,0,0,0,0,0,0
2890,2714,MUL,,0,0,0,0,0,0,0,0,0,0,0,0,0,0,0,0
2891,2715,ADD,,0,0,0,0,0,0,0,0,0,0,0,0,0,0,0,0
2892,2716,LH,,0,0,0,0,0,0,0,0,0,0,0,0,0,0,0,0
2893,2717,LH,,0,0,0,0,0,0,0,0,0,0,0,0,0,0,0,0
2894,2718,SUB,,0,0,0,0,0,0,0,0,0,0,0,0,0,0,0,0
2895,2719,SUB,,0,0,0,0,0,0,0,0,0,0,0,0,0,0,0,0
2896,2720,ADD,,0,0,0,0,0,0,0,0,0,0,0,0,0,0,0,0
2897,2721,BEQ,,0,0,0,0,0,0,0,0,0,0,0,0,0,0,0,0
2898,2724,LH,,0,0,0,0,0,0,0,0,0,0,0,0,0,0,0,0
2899,2725,SH,mem[15] = 0,0,0,0,0,0,0,0,0,0,0,0,0,0,0,0,0
2900,2726,BEQ,,0,0,0,0,0,0,0,0,0,0,0,0,0,0,0,0
2901,2740,BEQ,,0,0,0,0,0,0,0,0,0,0,0,0,0,0,0,0
2902,2747,MUL,,0,0,0,0,0,0,0,0,0,0,0,0,0,0,0,0
2903,2748,LH,,0,0,0,0,0,0,0,0,0,0,0,0,0,0,0,0
2904,2749,SLT,,0,0,0,0,0,0,0,0,0,0,0,0,0,0,0,0
2905,2750,SLT,,0,0,0,0,0,0,0,0,0,0,0,0,0,0,0,0
2906,2751,SH,mem[15] = 0,0,0,0,0,0,0,0,0,0,0,0,0,0,0,0,0
2907,2752,LH,,0,0,0,0,0,0,0,0,0,0,0,0,0,0,0,0
2908,2753,MUL,,0,0,0,0,0,0,0,0,0,0,0,0,0,0,0,0
2909,2754,LH,,0,0,0,0,0,0,0,0,0,0,0,0,0,0,0,0
2910,2755,LH,,0,0,0,0,0,0,0,0,0,0,0,0,0,0,0,0
2911,2756,BEQ,,0,0,0,0,0,0,0,0,0,0,0,0,0,0,0,0
2912,2762,SUB,,0,0,0,0,0,0,0,0,0,0,0,0,0,0,0,0
2913,2763,MUL,,0,0,0,0,0,0,0,0,0,0,0,0,0,0,0,0
2914,2764,BEQ,,0,0,0,0,0,0,0,0,0,0,0,0,0,0,0,0
2915,2765,SH,mem[5] = 0,0,0,0,0,0,0,0,0,0,0,0,0,0,0,0,0
2916,2766,LH,,0,0,0,0,0,0,0,0,0,0,0,0,0,0,0,0
2917,2767,MUL,,0,0,0,0,0,0,0,0,0,0,0,0,0,0,0,0
2918,2768,SH,mem[8] = 0,0,0,0,0,0,0,0,0,0,0,0,0,0,0,0,0
2919,2769,LH,,0,0,0,0,0,0,0,0,0,0,0,0,0,0,0,0
2920,2770,LH,,0,0,0,0,0,0,0,0,0,0,0,0,0,0,0,0
2921,2771,LH,,0,0,0,0,0,0,0,0,0,0,0,0,0,0,0,0
2922,2772,LH,,0,0,0,0,0,0,0,0,0,0,0,0,0,0,0,0
2923,2773,BEQ,,0,0,0,0,0,0,0,0,0,0,0,0,0,0,0,0
2924,2783,SLT,,0,0,0,0,0,0,0,0,0,0,0,0,0,0,0,0
2925,2784,ADD,,0,0,0,0,0,0,0,0,0,0,0,0,0,0,0,0
2926,2785,LH,,0,0,0,0,0,0,0,0,0,0,0,0,0,0,0,0
2927,2786,LH,,0,0,0,0,0,0,0,0,0,0,0,0,0,0,0,0
2928,2787,SUB,,0,0,0,0,0,0,0,0,0,0,0,0,0,0,0,0
2929,2788,BEQ,,0,0,0,0,0,0,0,0,0,0,0,0,0,0,0,0
2930,2802,SH,mem[15] = 0,0,0,0,0,0,0,0,0,0,0,0,0,0,0,0,0
2931,2803,SH,mem[12] = 0,0,0,0,0,0,0,0,0,0,0,0,0,0,0,0,0
2932,2804,MUL,,0,0,0,0,0,0,0,0,0,0,0,0,0,0,0,0
2933,2805,MUL,,0,0,0,0,0,0,0,0,0,0,0,0,0,0,0,0
2934,2806,LH,,0,0,0,0,0,0,0,0,0,0,0,0,0,0,0,0
2935,2807,SH,mem[13] = 0,0,0,0,0,0,0,0,0,0,0,0,0,0,0,0,0
2936,2808,SLT,,0,0,0,0,0,0,0,0,0,0,0,0,0,0,0,0
2937,2809,MUL,,0,0,0,0,0,0,0,0,0,0,0,0,0,0,0,0
2938,2810,LH,,0,0,0,0,0,0,0,0,0,0,0,0,0,0,0,0
2939,2811,ADD,,0,0,0,0,0,0,0,0,0,0,0,0,0,0,0,0
2940,2812,LH,,0,0,0,0,0,0,0,0,0,0,0,0,0,0,0,0
2941,2813,BEQ,,0,0,0,0,0,0,0,0,0,0,0,0,0,0,0,0
2942,2822,SLT,,0,0,0,0,0,0,0,0,0,0,0,0,0,0,0,0
2943,2823,SH,mem[13] = 0,0,0,0,0,0,0,0,0,0,0,0,0,0,0,0,0
2944,2824,SLT,,0,0,0,0,0,0,0,0,0,0,0,0,0,0,0,0
2945,2825,SLT,,0,0,0,0,0,0,0,0,0,0,0,0,0,0,0,0
2946,2826,SLT,,0,0,0,0,0,0,0,0,0,0,0,0,0,0,0,0
2947,2827,LH,,0,0,0,0,0,0,0,0,0,0,0,0,0,0,0,0
2948,2828,ADD,,0,0,0,0,0,0,0,0,0,0,0,0,0,0,0,0
2949,2829,BEQ,,0,0,0,0,0,0,0,0,0,0,0,0,0,0,0,0
2950,2839,ADD,,0,0,0,0,0,0,0,0,0,0,0,0,0,0,0,0
2951,2840,LH,,0,0,0,0,0,0,0,0,0,0,0,0,0,0,0,0
2952,2841,LH,,0,0,0,0,0,0,0,0,0,0,0,0,0,0,0,0
2953,2842,LH,,0,0,0,0,0,0,0,0,0,0,0,0,0,0,0,0
2954,2843,SH,mem[10] = 0,0,0,0,0,0,0,0,0,0,0,0,0,0,0,0,0
2955,2844,LH,,0,0,0,0,0,0,0,0,0,0,0,0,0,0,0,0
2956,2845,SH,mem[10] = 0,0,0,0,0,0,0,0,0,0,0,0,0,0,0,0,0
2957,2846,LH,,0,0,0,0,0,0,0,0,0,0,0,0,0,0,0,0
2958,2847,ADD,,0,0,0,0,0,0,0,0,0,0,0,0,0,0,0,0
2959,2848,SUB,,0,0,0,0,0,0,0,0,0,0,0,0,0,0,0,0
2960,2849,LH,,0,0,0,0,0,0,0,0,0,0,0,0,0,0,0,0
2961,2850,MUL,,0,0,0,0,0,0,0,0,0,0,0,0,0,0,0,0
2962,2851,LH,,0,0,0,0,0,0,0,0,0,0,0,0,0,0,0,0
2963,2852,LH,,0,0,0,0,0,0,0,0,0,0,0,0,0,0,0,0
2964,2853,SUB,,0,0,0,0,0,0,0,0,0,0,0,0,0,0,0,0
2965,2854,ADD,,0,0,0,0,0,0,0,0,0,0,0,0,0,0,0,0
2966,2855,LH,,0,0,0,0,0,0,0,0,0,0,0,0,0,0,0,0
2967,2856,SH,mem[15] = 0,0,0,0,0,0,0,0,0,0,0,0,0,0,0,0,0
2968,2857,SUB,,0,0,0,0,0,0,0,0,0,0,0,0,0,0,0,0
2969,2858,LH,,0,0,0,0,0,0,0,0,0,0,0,0,0,0,0,0
2970,2859,LH,,0,0,0,0,0,0,0,0,0,0,0,0,0,0,0,0
2971,2860,SUB,,0,0,0,0,0,0,0,0,0,0,0,0,0,0,0,0
2972,2861,LH,,0,0,0,0,0,0,0,0,0,0,0,0,0,0,0,0
2973,2862,SH,mem[15] = 0,0,0,0,0,0,0,0,0,0,0,0,0,0,0,0,0
2974,2863,LH,,0,0,0,0,0,0,0,0,0,0,0,0,0,0,0,0
2975,2864,SH,mem[15] = 0,0,0,0,0,0,0,0,0,0,0,0,0,0,0,0,0
2976,2865,MUL,,0,0,0,0,0,0,0,0,0,0,0,0,0,0,0,0
2977,2866,LH,,0,0,0,0,0,0,0,0,0,0,0,0,0,0,0,0
2978,2867,LH,,0,0,0,0,0,0,0,0,0,0,0,0,0,0,0,0
2979,2868,SH,mem[15] = 0,0,0,0,0,0,0,0,0,0,0,0,0,0,0,0,0
2980,2869,ADD,,0,0,0,0,0,0,0,0,0,0,0,0,0,0,0,0
2981,2870,SLT,,0,0,0,0,0,0,0,0,0,0,0,0,0,0,0,0
2982,2871,LH,,0,0,0,0,0,0,0,0,0,0,0,0,0,0,0,0
2983,2872,SH,mem[15] = 0,0,0,0,0,0,0,0,0,0,0,0,0,0,0,0,0
2984,2873,BEQ,,0,0,0,0,0,0,0,0,0,0,0,0,0,0,0,0
2985,2882,SH,mem[0] = 0,0,0,0,0,0,0,0,0,0,0,0,0,0,0,0,0
2986,2883,SUB,,0,0,0,0,0,0,0,0,0,0,0,0,0,0,0,0
2987,2884,SH,mem[15] = 0,0,0,0,0,0,0,0,0,0,0,0,0,0,0,0,0
2988,2885,SUB,,0,0,0,0,0,0,0,0,0,0,0,0,0,0,0,0
2989,2886,ADD,,0,0,0,0,0,0,0,0,0,0,0,0,0,0,0,0
2990,2887,SH,mem[15] = 0,0,0,0,0,0,0,0,0,0,0,0,0,0,0,0,0
2991,2888,SLT,,0,0,0,0,0,0,0,0,0,0,0,0,0,0,0,0
2992,2889,ADD,,0,0,0,0,0,0,0,0,0,0,0,0,0,0,0,0
2993,2890,ADD,,0,0,0,0,0,0,0,0,0,0,0,0,0,0,0,0
2994,2891,LH,,0,0,0,0,0,0,0,0,0,0,0,0,0,0,0,0
2995,2892,SH,mem[15] = 0,0,0,0,0,0,0,0,0,0,0,0,0,0,0,0,0
2996,2893,SH,mem[15] = 0,0,0,0,0,0,0,0,0,0,0,0,0,0,0,0,0
2997,2894,LH,,0,0,0,0,0,0,0,0,0,0,0,0,0,0,0,0
2998,2895,SH,mem[8] = 0,0,0,0,0,0,0,0,0,0,0,0,0,0,0,0,0
2999,2896,SH,mem[9] = 0,0,0,0,0,0,0,0,0,0,0,0,0,0,0,0,0
3000,2897,MUL,,0,0,0,0,0,0,0,0,0,0,0,0,0,0,0,0
3001,2898,SLT,,0,0,0,0,0,0,0,0,0,0,0,0,0,0,0,0
3002,2899,LH,,0,0,0,0,0,0,0,0,0,0,0,0,0,0,0,0
3003,2900,ADD,,0,0,0,0,0,0,0,0,0,0,0,0,0,0,0,0
3004,2901,LH,,0,0,0,0,0,0,0,0,0,0,0,0,0,0,0,0
3005,2902,LH,,0,0,0,0,0,0,0,0,0,0,0,0,0,0,0,0
3006,2903,ADD,,0,0,0,0,0,0,0,0,0,0,0,0,0,0,0,0
3007,2904,LH,,0,0,0,0,0,0,0,0,0,0,0,0,0,0,0,0
3008,2905,LH,,0,0,0,0,0,0,0,0,0,0,0,0,0,0,0,0
3009,2906,MUL,,0,0,0,0,0,0,0,0,0,0,0,0,0,0,0,0
3010,2907,BEQ,,0,0,0,0,0,0,0,0,0,0,0,0,0,0,0,0
3011,2909,SH,mem[2] = 0,0,0,0,0,0,0,0,0,0,0,0,0,0,0,0,0
3012,2910,LH,,0,0,0,0,0,0,0,0,0,0,0,0,0,0,0,0
3013,2911,SH,mem[15] = 0,0,0,0,0,0,0,0,0,0,0,0,0,0,0,0,0
3014,2912,ADD,,0,0,0,0,0,0,0,0,0,0,0,0,0,0,0,0
3015,2913,LH,,0,0,0,0,0,0,0,0,0,0,0,0,0,0,0,0
3016,2914,BEQ,,0,0,0,0,0,0,0,0,0,0,0,0,0,0,0,0
3017,2926,LH,,0,0,0,0,0,0,0,0,0,0,0,0,0,0,0,0
3018,2927,LH,,0,0,0,0,0,0,0,0,0,0,0,0,0,0,0,0
3019,2928,SH,mem[15] = 0,0,0,0,0,0,0,0,0,0,0,0,0,0,0,0,0
3020,2929,SH,mem[13] = 0,0,0,0,0,0,0,0,0,0,0,0,0,0,0,0,0
3021,2930,LH,,0,0,0,0,0,0,0,0,0,0,0,0,0,0,0,0
3022,2931,BEQ,,0,0,0,0,0,0,0,0,0,0,0,0,0,0,0,0
3023,2942,SH,mem[9] = 0,0,0,0,0,0,0,0,0,0,0,0,0,0,0,0,0
3024,2943,SUB,,0,0,0,0,0,0,0,0,0,0,0,0,0,0,0,0
3025,2944,SH,mem[15] = 0,0,0,0,0,0,0,0,0,0,0,0,0,0,0,0,0
3026,2945,LH,,0,0,0,0,0,0,0,0,0,0,0,0,0,0,0,0
3027,2946,SH,mem[15] = 0,0,0,0,0,0,0,0,0,0,0,0,0,0,0,0,0
3028,2947,LH,,0,0,0,0,0,0,0,0,0,0,0,0,0,0,0,0
3029,2948,SH,mem[15] = 0,0,0,0,0,0,0,0,0,0,0,0,0,0,0,0,0
3030,2949,LH,,0,0,0,0,0,0,0,0,0,0,0,0,0,0,0,0
3031,2950,LH,,0,0,0,0,0,0,0,0,0,0,0,0,0,0,0,0
3032,2951,LH,,0,0,0,0,0,0,0,0,0,0,0,0,0,0,0,0
3033,2952,LH,,0,0,0,0,0,0,0,0,0,0,0,0,0,0,0,0
3034,2953,LH,,0,0,0,0,0,0,0,0,0,0,0,0,0,0,0,0
3035,2954,SH,mem[15] = 0,0,0,0,0,0,0,0,0,0,0,0,0,0,0,0,0
3036,2955,LH,,0,0,0,0,0,0,0,0,0,0,0,0,0,0,0,0
3037,2956,ADD,,0,0,0,0,0,0,0,0,0,0,0,0,0,0,0,0
3038,2957,SH,mem[12] = 0,0,0,0,0,0,0,0,0,0,0,0,0,0,0,0,0
3039,2958,LH,,0,0,0,0,0,0,0,0,0,0,0,0,0,0,0,0
3040,2959,SH,mem[0] = 0,0,0,0,0,0,0,0,0,0,0,0,0,0,0,0,0
3041,2960,LH,,0,0,0,0,0,0,0,0,0,0,0,0,0,0,0,0
3042,2961,LH,,0,0,0,0,0,0,0,0,0,0,0,0,0,0,0,0
3043,2962,LH,,0,0,0,0,0,0,0,0,0,0,0,0,0,0,0,0
3044,2963,SH,mem[11] = 0,0,0,0,0,0,0,0,0,0,0,0,0,0,0,0,0
3045,2964,BEQ,,0,0,0,0,0,0,0,0,0,0,0,0,0,0,0,0
3046,2971,BEQ,,0,0,0,0,0,0,0,0,0,0,0,0,0,0,0,0
3047,2975,SLT,,0,0,0,0,0,0,0,0,0,0,0,0,0,0,0,0
3048,2976,ADD,,0,0,0,0,0,0,0,0,0,0,0,0,0,0,0,0
3049,2977,ADD,,0,0,0,0,0,0,0,0,0,0,0,0,0,0,0,0
3050,2978,LH,,0,0,0,0,0,0,0,0,0,0,0,0,0,0,0,0
3051,2979,LH,,0,0,0,0,0,0,0,0,0,0,0,0,0,0,0,0
3052,2980,LH,,0,0,0,0,0,0,0,0,0,0,0,0,0,0,0,0
3053,2981,SH,mem[0] = 0,0,0,0,0,0,0,0,0,0,0,0,0,0,0,0,0
3054,2982,LH,,0,0,0,0,0,0,0,0,0,0,0,0,0,0,0,0
3055,2983,LH,,0,0,0,0,0,0,0,0,0,0,0,0,0,0,0,0
3056,2984,MUL,,0,0,0,0,0,0,0,0,0,0,0,0,0,0,0,0
3057,2985,LH,,0,0,0,0,0,0,0,0,0,0,0,0,0,0,0,0
3058,2986,ADD,,0,0,0,0,0,0,0,0,0,0,0,0,0,0,0,0
3059,2987,SH,mem[15] = 0,0,0,0,0,0,0,0,0,0,0,0,0,0,0,0,0
3060,2988,SH,mem[15] = 0,0,0,0,0,0,0,0,0,0,0,0,0,0,0,0,0
3061,2989,BEQ,,0,0,0,0,0,0,0,0,0,0,0,0,0,0,0,0
3062,2999,SLT,,0,0,0,0,0,0,0,0,0,0,0,0,0,0,0,0
3063,3000,MUL,,0,0,0,0,0,0,0,0,0,0,0,0,0,0,0,0
3064,3001,LH,,0,0,0,0,0,0,0,0,0,0,0,0,0,0,0,0
3065,3002,SUB,,0,0,0,0,0,0,0,0,0,0,0,0,0,0,0,0
3066,3003,BEQ,,0,0,0,0,0,0,0,0,0,0,0,0,0,0,0,0
3067,3010,SLT,,0,0,0,0,0,0,0,0,0,0,0,0,0,0,0,0
3068,3011,LH,,0,0,0,0,0,0,0,0,0,0,0,0,0,0,0,0
3069,3012,SH,mem[3] = 0,0,0,0,0,0,0,0,0,0,0,0,0,0,0,0,0
3070,3013,SUB,,0,0,0,0,0,0,0,0,0,0,0,0,0,0,0,0
3071,3014,BEQ,,0,0,0,0,0,0,0,0,0,0,0,0,0,0,0,0
3072,3024,SLT,,0,0,0,0,0,0,0,0,0,0,0,0,0,0,0,0
3073,3025,ADD,,0,0,0,0,0,0,0,0,0,0,0,0,0,0,0,0
3074,3026,LH,,0,0,0,0,0,0,0,0,0,0,0,0,0,0,0,0
3075,3027,SH,mem[15] = 0,0,0,0,0,0,0,0,0,0,0,0,0,0,0,0,0
3076,3028,SLT,,0,0,0,0,0,0,0,0,0,0,0,0,0,0,0,0
3077,3029,BEQ,,0,0,0,0,0,0,0,0,0,0,0,0,0,0,0,0
3078,3036,LH,,0,0,0,0,0,0,0,0,0,0,0,0,0,0,0,0
3079,3037,ADD,,0,0,0,0,0,0,0,0,0,0,0,0,0,0,0,0
3080,3038,SUB,,0,0,0,0,0,0,0,0,0,0,0,0,0,0,0,0
3081,3039,SH,mem[6] = 0,0,0,0,0,0,0,0,0,0,0,0,0,0,0,0,0
3082,3040,SLT,,0,0,0,0,0,0,0,0,0,0,0,0,0,0,0,0
3083,3041,SH,mem[15] = 0,0,0,0,0,0,0,0,0,0,0,0,0,0,0,0,0
3084,3042,LH,,0,0,0,0,0,0,0,0,0,0,0,0,0,0,0,0
3085,3043,LH,,0,0,0,0,0,0,0,0,0,0,0,0,0,0,0,0
3086,3044,MUL,,0,0,0,0,0,0,0,0,0,0,0,0,0,0,0,0
3087,3045,SUB,,0,0,0,0,0,0,0,0,0,0,0,0,0,0,0,0
3088,3046,SLT,,0,0,0,0,0,0,0,0,0,0,0,0,0,0,0,0
3089,3047,LH,,0,0,0,0,0,0,0,0,0,0,0,0,0,0,0,0
3090,3048,ADD,,0,0,0,0,0,0,0,0,0,0,0,0,0,0,0,0
3091,3049,SLT,,0,0,0,0,0,0,0,0,0,0,0,0,0,0,0,0
3092,3050,SH,mem[7] = 0,0,0,0,0,0,0,0,0,0,0,0,0,0,0,0,0
3093,3051,SH,mem[0] = 0,0,0,0,0,0,0,0,0,0,0,0,0,0,0,0,0
3094,3052,SUB,,0,0,0,0,0,0,0,0,0,0,0,0,0,0,0,0
3095,3053,SH,mem[14] = 0,0,0,0,0,0,0,0,0,0,0,0,0,0,0,0,0
3096,3054,SH,mem[15] = 0,0,0,0,0,0,0,0,0,0,0,0,0,0,0,0,0
3097,3055,SH,mem[8] = 0,0,0,0,0,0,0,0,0,0,0,0,0,0,0,0,0
3098,3056,ADD,,0,0,0,0,0,0,0,0,0,0,0,0,0,0,0,0
3099,3057,SH,mem[15] = 0,0,0,0,0,0,0,0,0,0,0,0,0,0,0,0,0
3100,3058,BEQ,,0,0,0,0,0,0,0,0,0,0,0,0,0,0,0,0
3101,3063,ADD,,0,0,0,0,0,0,0,0,0,0,0,0,0,0,0,0
3102,3064,SUB,,0,0,0,0,0,0,0,0,0,0,0,0,0,0,0,0
3103,3065,SUB,,0,0,0,0,0,0,0,0,0,0,0,0,0,0,0,0
3104,3066,SLT,,0,0,0,0,0,0,0,0,0,0,0,0,0,0,0,0
3105,3067,SH,mem[11] = 0,0,0,0,0,0,0,0,0,0,0,0,0,0,0,0,0
3106,3068,LH,,0,0,0,0,0,0,0,0,0,0,0,0,0,0,0,0
3107,3069,BEQ,,0,0,0,0,0,0,0,0,0,0,0,0,0,0,0,0
3108,3083,ADD,,0,0,0,0,0,0,0,0,0,0,0,0,0,0,0,0
3109,3084,ADD,,0,0,0,0,0,0,0,0,0,0,0,0,0,0,0,0
3110,3085,ADD,,0,0,0,0,0,0,0,0,0,0,0,0,0,0,0,0
3111,3086,MUL,,0,0,0,0,0,0,0,0,0,0,0,0,0,0,0,0
3112,3087,SH,mem[15] = 0,0,0,0,0,0,0,0,0,0,0,0,0,0,0,0,0
3113,3088,ADD,,0,0,0,0,0,0,0,0,0,0,0,0,0,0,0,0
3114,3089,LH,,0,0,0,0,0,0,0,0,0,0,0,0,0,0,0,0
3115,3090,SH,mem[15] = 0,0,0,0,0,0,0,0,0,0,0,0,0,0,0,0,0
3116,3091,SLT,,0,0,0,0,0,0,0,0,0,0,0,0,0,0,0,0
3117,3092,MUL,,0,0,0,0,0,0,0,0,0,0,0,0,0,0,0,0
3118,3093,LH,,0,0,0,0,0,0,0,0,0,0,0,0,0,0,0,0
3119,3094,SH,mem[14] = 0,0,0,0,0,0,0,0,0,0,0,0,0,0,0,0,0
3120,3095,BEQ,,0,0,0,0,0,0,0,0,0,0,0,0,0,0,0,0
3121,3102,MUL,,0,0,0,0,0,0,0,0,0,0,0,0,0,0,0,0
3122,3103,SH,mem[15] = 0,0,0,0,0,0,0,0,0,0,0,0,0,0,0,0,0
3123,3104,SLT,,0,0,0,0,0,0,0,0,0,0,0,0,0,0,0,0
3124,3105,LH,,0,0,0,0,0,0,0,0,0,0,0,0,0,0,0,0
3125,3106,BEQ,,0,0,0,0,0,0,0,0,0,0,0,0,0,0,0,0
3126,3114,SH,mem[15] = 0,0,0,0,0,0,0,0,0,0,0,0,0,0,0,0,0
3127,3115,BEQ,,0,0,0,0,0,0,0,0,0,0,0,0,0,0,0,0
3128,3124,SH,mem[15] = 0,0,0,0,0,0,0,0,0,0,0,0,0,0,0,0,0
3129,3125,LH,,0,0,0,0,0,0,0,0,0,0,0,0,0,0,0,0
3130,3126,BEQ,,0,0,0,0,0,0,0,0,0,0,0,0,0,0,0,0
3131,3137,BEQ,,0,0,0,0,0,0,0,0,0,0,0,0,0,0,0,0
3132,3153,SUB,,0,0,0,0,0,0,0,0,0,0,0,0,0,0,0,0
3133,3154,SH,mem[12] = 0,0,0,0,0,0,0,0,0,0,0,0,0,0,0,0,0
3134,3155,SUB,,0,0,0,0,0,0,0,0,0,0,0,0,0,0,0,0
3135,3156,MUL,,0,0,0,0,0,0,0,0,0,0,0,0,0,0,0,0
3136,3157,SH,mem[15] = 0,0,0,0,0,0,0,0,0,0,0,0,0,0,0,0,0
3137,3158,SUB,,0,0,0,0,0,0,0,0,0,0,0,0,0,0,0,0
3138,3159,SLT,,0,0,0,0,0,0,0,0,0,0,0,0,0,0,0,0
3139,3160,LH,,0,0,0,0,0,0,0,0,0,0,0,0,0,0,0,0
3140,3161,BEQ,,0,0,0,0,0,0,0,0,0,0,0,0,0,0,0,0
3141,3176,MUL,,0,0,0,0,0,0,0,0,0,0,0,0,0,0,0,0
3142,3177,SH,mem[15] = 0,0,0,0,0,0,0,0,0,0,0,0,0,0,0,0,0
3143,3178,MUL,,0,0,0,0,0,0,0,0,0,0,0,0,0,0,0,0
3144,3179,SH,mem[15] = 0,0,0,0,0,0,0,0,0,0,0,0,0,0,0,0,0
3145,3180,LH,,0,0,0,0,0,0,0,0,0,0,0,0,0,0,0,0
3146,3181,LH,,0,0,0,0,0,0,0,0,0,0,0,0,0,0,0,0
3147,3182,SUB,,0,0,0,0,0,0,0,0,0,0,0,0,0,0,0,0
3148,3183,BEQ,,0,0,0,0,0,0,0,0,0,0,0,0,0,0,0,0
3149,3187,SH,mem[15] = 0,0,0,0,0,0,0,0,0,0,0,0,0,0,0,0,0
3150,3188,SH,mem[15] = 0,0,0,0,0,0,0,0,0,0,0,0,0,0,0,0,0
3151,3189,SH,mem[15] = 0,0,0,0,0,0,0,0,0,0,0,0,0,0,0,0,0
3152,3190,LH,,0,0,0,0,0,0,0,0,0,0,0,0,0,0,0,0
3153,3191,LH,,0,0,0,0,0,0,0,0,0,0,0,0,0,0,0,0
3154,3192,MUL,,0,0,0,0,0,0,0,0,0,0,0,0,0,0,0,0
3155,3193,BEQ,,0,0,0,0,0,0,0,0,0,0,0,0,0,0,0,0
3156,3203,LH,,0,0,0,0,0,0,0,0,0,0,0,0,0,0,0,0
3157,3204,SLT,,0,0,0,0,0,0,0,0,0,0,0,0,0,0,0,0
3158,3205,LH,,0,0,0,0,0,0,0,0,0,0,0,0,0,0,0,0
3159,3206,LH,,0,0,0,0,0,0,0,0,0,0,0,0,0,0,0,0
3160,3207,MUL,,0,0,0,0,0,0,0,0,0,0,0,0,0,0,0,0
3161,3208,MUL,,0,0,0,0,0,0,0,0,0,0,0,0,0,0,0,0
3162,3209,LH,,0,0,0,0,0,0,0,0,0,0,0,0,0,0,0,0
3163,3210,BEQ,,0,0,0,0,0,0,0,0,0,0,0,0,0,0,0,0
3164,3213,LH,,0,0,0,0,0,0,0,0,0,0,0,0,0,0,0,0
3165,3214,SH,mem[15] = 0,0,0,0,0,0,0,0,0,0,0,0,0,0,0,0,0
3166,3215,BEQ,,0,0,0,0,0,0,0,0,0,0,0,0,0,0,0,0
3167,3228,SLT,,0,0,0,0,0,0,0,0,0,0,0,0,0,0,0,0
3168,3229,SLT,,0,0,0,0,0,0,0,0,0,0,0,0,0,0,0,0
3169,3230,LH,,0,0,0,0,0,0,0,0,0,0,0,0,0,0,0,0
3170,3231,SH,mem[15] = 0,0,0,0,0,0,0,0,0,0,0,0,0,0,0,0,0
3171,3232,SLT,,0,0,0,0,0,0,0,0,0,0,0,0,0,0,0,0
3172,3233,SUB,,0,0,0,0,0,0,0,0,0,0,0,0,0,0,0,0
3173,3234,SH,mem[15] = 0,0,0,0,0,0,0,0,0,0,0,0,0,0,0,0,0
3174,3235,BEQ,,0,0,0,0,0,0,0,0,0,0,0,0,0,0,0,0
3175,3242,BEQ,,0,0,0,0,0,0,0,0,0,0,0,0,0,0,0,0
3176,3247,SH,mem[15] = 0,0,0,0,0,0,0,0,0,0,0,0,0,0,0,0,0
3177,3248,LH,,0,0,0,0,0,0,0,0,0,0,0,0,0,0,0,0
3178,3249,SH,mem[15] = 0,0,0,0,0,0,0,0,0,0,0,0,0,0,0,0,0
3179,3250,SH,mem[15] = 0,0,0,0,0,0,0,0,0,0,0,0,0,0,0,0,0
3180,3251,SH,mem[15] = 0,0,0,0,0,0,0,0,0,0,0,0,0,0,0,0,0
3181,3252,MUL,,0,0,0,0,0,0,0,0,0,0,0,0,0,0,0,0
3182,3253,LH,,0,0,0,0,0,0,0,0,0,0,0,0,0,0,0,0
3183,3254,MUL,,0,0,0,0,0,0,0,0,0,0,0,0,0,0,0,0
3184,3255,SH,mem[7] = 0,0,0,0,0,0,0,0,0,0,0,0,0,0,0,0,0
3185,3256,SH,mem[7] = 0,0,0,0,0,0,0,0,0,0,0,0,0,0,0,0,0
3186,3257,SH,mem[11] = 0,0,0,0,0,0,0,0,0,0,0,0,0,0,0,0,0
3187,3258,SH,mem[15] = 0,0,0,0,0,0,0,0,0,0,0,0,0,0,0,0,0
3188,3259,MUL,,0,0,0,0,0,0,0,0,0,0,0,0,0,0,0,0
3189,3260,LH,,0,0,0,0,0,0,0,0,0,0,0,0,0,0,0,0
3190,3261,LH,,0,0,0,0,0,0,0,0,0,0,0,0,0,0,0,0
3191,3262,SH,mem[15] = 0,0,0,0,0,0,0,0,0,0,0,0,0,0,0,0,0
3192,3263,SLT,,0,0,0,0,0,0,0,0,0,0,0,0,0,0,0,0
3193,3264,ADD,,0,0,0,0,0,0,0,0,0,0,0,0,0,0,0,0
3194,3265,ADD,,0,0,0,0,0,0,0,0,0,0,0,0,0,0,0,0
3195,3266,LH,,0,0,0,0,0,0,0,0,0,0,0,0,0,0,0,0
3196,3267,LH,,0,0,0,0,0,0,0,0,0,0,0,0,0,0,0,0
3197,3268,MUL,,0,0,0,0,0,0,0,0,0,0,0,0,0,0,0,0
3198,3269,SH,mem[15] = 0,0,0,0,0,0,0,0,0,0,0,0,0,0,0,0,0
3199,3270,SH,mem[15] = 0,0,0,0,0,0,0,0,0,0,0,0,0,0,0,0,0
3200,3271,LH,,0,0,0,0,0,0,0,0,0,0,0,0,0,0,0,0
3201,3272,BEQ,,0,0,0,0,0,0,0,0,0,0,0,0,0,0,0,0
3202,3283,SH,mem[15] = 0,0,0,0,0,0,0,0,0,0,0,0,0,0,0,0,0
3203,3284,SUB,,0,0,0,0,0,0,0,0,0,0,0,0,0,0,0,0
3204,3285,SH,mem[6] = 0,0,0,0,0,0,0,0,0,0,0,0,0,0,0,0,0
3205,3286,SLT,,0,0,0,0,0,0,0,0,0,0,0,0,0,0,0,0
3206,3287,MUL,,0,0,0,0,0,0,0,0,0,0,0,0,0,0,0,0
3207,3288,SH,mem[15] = 0,0,0,0,0,0,0,0,0,0,0,0,0,0,0,0,0
3208,3289,LH,,0,0,0,0,0,0,0,0,0,0,0,0,0,0,0,0
3209,3290,SH,mem[14] = 0,0,0,0,0,0,0,0,0,0,0,0,0,0,0,0,0
3210,3291,SH,mem[15] = 0,0,0,0,0,0,0,0,0,0,0,0,0,0,0,0,0
3211,3292,SUB,,0,0,0,0,0,0,0,0,0,0,0,0,0,0,0,0
3212,3293,LH,,0,0,0,0,0,0,0,0,0,0,0,0,0,0,0,0
3213,3294,BEQ,,0,0,0,0,0,0,0,0,0,0,0,0,0,0,0,0
3214,3300,SH,mem[15] = 0,0,0,0,0,0,0,0,0,0,0,0,0,0,0,0,0
3215,3301,SUB,,0,0,0,0,0,0,0,0,0,0,0,0,0,0,0,0
3216,3302,LH,,0,0,0,0,0,0,0,0,0,0,0,0,0,0,0,0
3217,3303,LH,,0,0,0,0,0,0,0,0,0,0,0,0,0,0,0,0
3218,3304,LH,,0,0,0,0,0,0,0,0,0,0,0,0,0,0,0,0
3219,3305,SLT,,0,0,0,0,0,0,0,0,0,0,0,0,0,0,0,0
3220,3306,SH,mem[13] = 0,0,0,0,0,0,0,0,0,0,0,0,0,0,0,0,0
3221,3307,SH,mem[12] = 0,0,0,0,0,0,0,0,0,0,0,0,0,0,0,0,0
3222,3308,LH,,0,0,0,0,0,0,0,0,0,0,0,0,0,0,0,0
3223,3309,SH,mem[8] = 0,0,0,0,0,0,0,0,0,0,0,0,0,0,0,0,0
3224,3310,LH,,0,0,0,0,0,0,0,0,0,0,0,0,0,0,0,0
3225,3311,LH,,0,0,0,0,0,0,0,0,0,0,0,0,0,0,0,0
3226,3312,SH,mem[15] = 0,0,0,0,0,0,0,0,0,0,0,0,0,0,0,0,0
3227,3313,LH,,0,0,0,0,0,0,0,0,0,0,0,0,0,0,0,0
3228,3314,ADD,,0,0,0,0,0,0,0,0,0,0,0,0,0,0,0,0
3229,3315,LH,,0,0,0,0,0,0,0,0,0,0,0,0,0,0,0,0
3230,3316,BEQ,,0,0,0,0,0,0,0,0,0,0,0,0,0,0,0,0
3231,3328,SH,mem[15] = 0,0,0,0,0,0,0,0,0,0,0,0,0,0,0,0,0
3232,3329,BEQ,,0,0,0,0,0,0,0,0,0,0,0,0,0,0,0,0
3233,3338,MUL,,0,0,0,0,0,0,0,0,0,0,0,0,0,0,0,0
3234,3339,MUL,,0,0,0,0,0,0,0,0,0,0,0,0,0,0,0,0
3235,3340,SH,mem[3] = 0,0,0,0,0,0,0,0,0,0,0,0,0,0,0,0,0
3236,3341,ADD,,0,0,0,0,0,0,0,0,0,0,0,0,0,0,0,0
3237,3342,LH,,0,0,0,0,0,0,0,0,0,0,0,0,0,0,0,0
3238,3343,SH,mem[15] = 0,0,0,0,0,0,0,0,0,0,0,0,0,0,0,0,0
3239,3344,LH,,0,0,0,0,0,0,0,0,0,0,0,0,0,0,0,0
3240,3345,ADD,,0,0,0,0,0,0,0,0,0,0,0,0,0,0,0,0
3241,3346,LH,,0,0,0,0,0,0,0,0,0,0,0,0,0,0,0,0
3242,3347,SH,mem[15] = 0,0,0,0,0,0,0,0,0,0,0,0,0,0,0,0,0
3243,3348,ADD,,0,0,0,0,0,0,0,0,0,0,0,0,0,0,0,0
3244,3349,LH,,0,0,0,0,0,0,0,0,0,0,0,0,0,0,0,0
3245,3350,SUB,,0,0,0,0,0,0,0,0,0,0,0,0,0,0,0,0
3246,3351,LH,,0,0,0,0,0,0,0,0,0,0,0,0,0,0,0,0
3247,3352,SH,mem[10] = 0,0,0,0,0,0,0,0,0,0,0,0,0,0,0,0,0
3248,3353,BEQ,,0,0,0,0,0,0,0,0,0,0,0,0,0,0,0,0
3249,3355,SH,mem[15] = 0,0,0,0,0,0,0,0,0,0,0,0,0,0,0,0,0
3250,3356,SH,mem[15] = 0,0,0,0,0,0,0,0,0,0,0,0,0,0,0,0,0
3251,3357,LH,,0,0,0,0,0,0,0,0,0,0,0,0,0,0,0,0
3252,3358,LH,,0,0,0,0,0,0,0,0,0,0,0,0,0,0,0,0
3253,3359,MUL,,0,0,0,0,0,0,0,0,0,0,0,0,0,0,0,0
3254,3360,MUL,,0,0,0,0,0,0,0,0,0,0,0,0,0,0,0,0
3255,3361,SUB,,0,0,0,0,0,0,0,0,0,0,0,0,0,0,0,0
3256,3362,SUB,,0,0,0,0,0,0,0,0,0,0,0,0,0,0,0,0
3257,3363,SH,mem[9] = 0,0,0,0,0,0,0,0,0,0,0,0,0,0,0,0,0
3258,3364,SH,mem[15] = 0,0,0,0,0,0,0,0,0,0,0,0,0,0,0,0,0
3259,3365,MUL,,0,0,0,0,0,0,0,0,0,0,0,0,0,0,0,0
3260,3366,SH,mem[15] = 0,0,0,0,0,0,0,0,0,0,0,0,0,0,0,0,0
3261,3367,LH,,0,0,0,0,0,0,0,0,0,0,0,0,0,0,0,0
3262,3368,SUB,,0,0,0,0,0,0,0,0,0,0,0,0,0,0,0,0
3263,3369,SH,mem[7] = 0,0,0,0,0,0,0,0,0,0,0,0,0,0,0,0,0
3264,3370,LH,,0,0,0,0,0,0,0,0,0,0,0,0,0,0,0,0
3265,3371,SH,mem[14] = 0,0,0,0,0,0,0,0,0,0,0,0,0,0,0,0,0
3266,3372,LH,,0,0,0,0,0,0,0,0,0,0,0,0,0,0,0,0
3267,3373,SH,mem[15] = 0,0,0,0,0,0,0,0,0,0,0,0,0,0,0,0,0
3268,3374,ADD,,0,0,0,0,0,0,0,0,0,0,0,0,0,0,0,0
3269,3375,LH,,0,0,0,0,0,0,0,0,0,0,0,0,0,0,0,0
3270,3376,LH,,0,0,0,0,0,0,0,0,0,0,0,0,0,0,0,0
3271,3377,LH,,0,0,0,0,0,0,0,0,0,0,0,0,0,0,0,0
3272,3378,LH,,0,0,0,0,0,0,0,0,0,0,0,0,0,0,0,0
3273,3379,SH,mem[6] = 0,0,0,0,0,0,0,0,0,0,0,0,0,0,0,0,0
3274,3380,SH,mem[15] = 0,0,0,0,0,0,0,0,0,0,0,0,0,0,0,0,0
3275,3381,LH,,0,0,0,0,0,0,0,0,0,0,0,0,0,0,0,0
3276,3382,MUL,,0,0,0,0,0,0,0,0,0,0,0,0,0,0,0,0
3277,3383,SH,mem[10] = 0,0,0,0,0,0,0,0,0,0,0,0,0,0,0,0,0
3278,3384,LH,,0,0,0,0,0,0,0,0,0,0,0,0,0,0,0,0
3279,3385,SH,mem[2] = 0,0,0,0,0,0,0,0,0,0,0,0,0,0,0,0,0
3280,3386,SH,mem[5] = 0,0,0,0,0,0,0,0,0,0,0,0,0,0,0,0,0
3281,3387,LH,,0,0,0,0,0,0,0,0,0,0,0,0,0,0,0,0
3282,3388,LH,,0,0,0,0,0,0,0,0,0,0,0,0,0,0,0,0
3283,3389,SH,mem[15] = 0,0,0,0,0,0,0,0,0,0,0,0,0,0,0,0,0
3284,3390,SH,mem[15] = 0,0,0,0,0,0,0,0,0,0,0,0,0,0,0,0,0
3285,3391,LH,,0,0,0,0,0,0,0,0,0,0,0,0,0,0,0,0
3286,3392,BEQ,,0,0,0,0,0,0,0,0,0,0,0,0,0,0,0,0
3287,3393,LH,,0,0,0,0,0,0,0,0,0,0,0,0,0,0,0,0
3288,3394,SH,mem[14] = 0,0,0,0,0,0,0,0,0,0,0,0,0,0,0,0,0
3289,3395,SUB,,0,0,0,0,0,0,0,0,0,0,0,0,0,0,0,0
3290,3396,LH,,0,0,0,0,0,0,0,0,0,0,0,0,0,0,0,0
3291,3397,LH,,0,0,0,0,0,0,0,0,0,0,0,0,0,0,0,0
3292,3398,SLT,,0,0,0,0,0,0,0,0,0,0,0,0,0,0,0,0
3293,3399,SH,mem[13] = 0,0,0,0,0,0,0,0,0,0,0,0,0,0,0,0,0
3294,3400,LH,,0,0,0,0,0,0,0,0,0,0,0,0,0,0,0,0
3295,3401,MUL,,0,0,0,0,0,0,0,0,0,0,0,0,0,0,0,0
3296,3402,SLT,,0,0,0,0,0,0,0,0,0,0,0,0,0,0,0,0
3297,3403,MUL,,0,0,0,0,0,0,0,0,0,0,0,0,0,0,0,0
3298,3404,BEQ,,0,0,0,0,0,0,0,0,0,0,0,0,0,0,0,0
3299,3407,BEQ,,0,0,0,0,0,0,0,0,0,0,0,0,0,0,0,0
3300,3416,SH,mem[15] = 0,0,0,0,0,0,0,0,0,0,0,0,0,0,0,0,0
3301,3417,MUL,,0,0,0,0,0,0,0,0,0,0,0,0,0,0,0,0
3302,3418,SUB,,0,0,0,0,0,0,0,0,0,0,0,0,0,0,0,0
3303,3419,LH,,0,0,0,0,0,0,0,0,0,0,0,0,0,0,0,0
3304,3420,SUB,,0,0,0,0,0,0,0,0,0,0,0,0,0,0,0,0
3305,3421,SH,mem[15] = 0,0,0,0,0,0,0,0,0,0,0,0,0,0,0,0,0
3306,3422,SUB,,0,0,0,0,0,0,0,0,0,0,0,0,0,0,0,0
3307,3423,SH,mem[13] = 0,0,0,0,0,0,0,0,0,0,0,0,0,0,0,0,0
3308,3424,LH,,0,0,0,0,0,0,0,0,0,0,0,0,0,0,0,0
3309,3425,SH,mem[7] = 0,0,0,0,0,0,0,0,0,0,0,0,0,0,0,0,0
3310,3426,SH,mem[1] = 0,0,0,0,0,0,0,0,0,0,0,0,0,0,0,0,0
3311,3427,BEQ,,0,0,0,0,0,0,0,0,0,0,0,0,0,0,0,0
3312,3428,LH,,0,0,0,0,0,0,0,0,0,0,0,0,0,0,0,0
3313,3429,LH,,0,0,0,0,0,0,0,0,0,0,0,0,0,0,0,0
3314,3430,LH,,0,0,0,0,0,0,0,0,0,0,0,0,0,0,0,0
3315,3431,ADD,,0,0,0,0,0,0,0,0,0,0,0,0,0,0,0,0
3316,3432,LH,,0,0,0,0,0,0,0,0,0,0,0,0,0,0,0,0
3317,3433,SLT,,0,0,0,0,0,0,0,0,0,0,0,0,0,0,0,0
3318,3434,BEQ,,0,0,0,0,0,0,0,0,0,0,0,0,0,0,0,0
3319,3446,SUB,,0,0,0,0,0,0,0,0,0,0,0,0,0,0,0,0
3320,3447,SUB,,0,0,0,0,0,0,0,0,0,0,0,0,0,0,0,0
3321,3448,SUB,,0,0,0,0,0,0,0,0,0,0,0,0,0,0,0,0
3322,3449,SH,mem[11] = 0,0,0,0,0,0,0,0,0,0,0,0,0,0,0,0,0
3323,3450,LH,,0,0,0,0,0,0,0,0,0,0,0,0,0,0,0,0
3324,3451,BEQ,,0,0,0,0,0,0,0,0,0,0,0,0,0,0,0,0
3325,3461,SUB,,0,0,0,0,0,0,0,0,0,0,0,0,0,0,0,0
3326,3462,SUB,,0,0,0,0,0,0,0,0,0,0,0,0,0,0,0,0
3327,3463,MUL,,0,0,0,0,0,0,0,0,0,0,0,0,0,0,0,0
3328,3464,LH,,0,0,0,0,0,0,0,0,0,0,0,0,0,0,0,0
3329,3465,ADD,,0,0,0,0,0,0,0,0,0,0,0,0,0,0,0,0
3330,3466,ADD,,0,0,0,0,0,0,0,0,0,0,0,0,0,0,0,0
3331,3467,SH,mem[9] = 0,0,0,0,0,0,0,0,0,0,0,0,0,0,0,0,0
3332,3468,SH,mem[15] = 0,0,0,0,0,0,0,0,0,0,0,0,0,0,0,0,0
3333,3469,LH,,0,0,0,0,0,0,0,0,0,0,0,0,0,0,0,0
3334,3470,LH,,0,0,0,0,0,0,0,0,0,0,0,0,0,0,0,0
3335,3471,LH,,0,0,0,0,0,0,0,0,0,0,0,0,0,0,0,0
3336,3472,SLT,,0,0,0,0,0,0,0,0,0,0,0,0,0,0,0,0
3337,3473,ADD,,0,0,0,0,0,0,0,0,0,0,0,0,0,0,0,0
3338,3474,SLT,,0,0,0,0,0,0,0,0,0,0,0,0,0,0,0,0
3339,3475,SUB,,0,0,0,0,0,0,0,0,0,0,0,0,0,0,0,0
3340,3476,SH,mem[15] = 0,0,0,0,0,0,0,0,0,0,0,0,0,0,0,0,0
3341,3477,SH,mem[15] = 0,0,0,0,0,0,0,0,0,0,0,0,0,0,0,0,0
3342,3478,SLT,,0,0,0,0,0,0,0,0,0,0,0,0,0,0,0,0
3343,3479,LH,,0,0,0,0,0,0,0,0,0,0,0,0,0,0,0,0
3344,3480,SH,mem[15] = 0,0,0,0,0,0,0,0,0,0,0,0,0,0,0,0,0
3345,3481,SH,mem[13] = 0,0,0,0,0,0,0,0,0,0,0,0,0,0,0,0,0
3346,3482,SH,mem[1] = 0,0,0,0,0,0,0,0,0,0,0,0,0,0,0,0,0
3347,3483,SH,mem[15] = 0,0,0,0,0,0,0,0,0,0,0,0,0,0,0,0,0
3348,3484,LH,,0,0,0,0,0,0,0,0,0,0,0,0,0,0,0,0
3349,3485,SLT,,0,0,0,0,0,0,0,0,0,0,0,0,0,0,0,0
3350,3486,LH,,0,0,0,0,0,0,0,0,0,0,0,0,0,0,0,0
3351,3487,SH,mem[15] = 0,0,0,0,0,0,0,0,0,0,0,0,0,0,0,0,0
3352,3488,ADD,,0,0,0,0,0,0,0,0,0,0,0,0,0,0,0,0
3353,3489,LH,,0,0,0,0,0,0,0,0,0,0,0,0,0,0,0,0
3354,3490,LH,,0,0,0,0,0,0,0,0,0,0,0,0,0,0,0,0
3355,3491,SLT,,0,0,0,0,0,0,0,0,0,0,0,0,0,0,0,0
3356,3492,LH,,0,0,0,0,0,0,0,0,0,0,0,0,0,0,0,0
3357,3493,SUB,,0,0,0,0,0,0,0,0,0,0,0,0,0,0,0,0
3358,3494,LH,,0,0,0,0,0,0,0,0,0,0,0,0,0,0,0,0
3359,3495,SH,mem[1] = 0,0,0,0,0,0,0,0,0,0,0,0,0,0,0,0,0
3360,3496,LH,,0,0,0,0,0,0,0,0,0,0,0,0,0,0,0,0
3361,3497,BEQ,,0,0,0,0,0,0,0,0,0,0,0,0,0,0,0,0
3362,3511,BEQ,,0,0,0,0,0,0,0,0,0,0,0,0,0,0,0,0
3363,3514,SH,mem[12] = 0,0,0,0,0,0,0,0,0,0,0,0,0,0,0,0,0
3364,3515,LH,,0,0,0,0,0,0,0,0,0,0,0,0,0,0,0,0
3365,3516,SH,mem[1] = 0,0,0,0,0,0,0,0,0,0,0,0,0,0,0,0,0
3366,3517,LH,,0,0,0,0,0,0,0,0,0,0,0,0,0,0,0,0
3367,3518,SH,mem[8] = 0,0,0,0,0,0,0,0,0,0,0,0,0,0,0,0,0
3368,3519,SH,mem[6] = 0,0,0,0,0,0,0,0,0,0,0,0,0,0,0,0,0
3369,3520,LH,,0,0,0,0,0,0,0,0,0,0,0,0,0,0,0,0
3370,3521,LH,,0,0,0,0,0,0,0,0,0,0,0,0,0,0,0,0
3371,3522,LH,,0,0,0,0,0,0,0,0,0,0,0,0,0,0,0,0
3372,3523,SH,mem[15] = 0,0,0,0,0,0,0,0,0,0,0,0,0,0,0,0,0
3373,3524,SH,mem[8] = 0,0,0,0,0,0,0,0,0,0,0,0,0,0,0,0,0
3374,3525,SH,mem[15] = 0,0,0,0,0,0,0,0,0,0,0,0,0,0,0,0,0
3375,3526,MUL,,0,0,0,0,0,0,0,0,0,0,0,0,0,0,0,0
3376,3527,SUB,,0,0,0,0,0,0,0,0,0,0,0,0,0,0,0,0
3377,3528,SH,mem[2] = 0,0,0,0,0,0,0,0,0,0,0,0,0,0,0,0,0
3378,3529,ADD,,0,0,0,0,0,0,0,0,0,0,0,0,0,0,0,0
3379,3530,LH,,0,0,0,0,0,0,0,0,0,0,0,0,0,0,0,0
3380,3531,SH,mem[15] = 0,0,0,0,0,0,0,0,0,0,0,0,0,0,0,0,0
3381,3532,BEQ,,0,0,0,0,0,0,0,0,0,0,0,0,0,0,0,0
3382,3540,LH,,0,0,0,0,0,0,0,0,0,0,0,0,0,0,0,0
3383,3541,LH,,0,0,0,0,0,0,0,0,0,0,0,0,0,0,0,0
3384,3542,LH,,0,0,0,0,0,0,0,0,0,0,0,0,0,0,0,0
3385,3543,SH,mem[6] = 0,0,0,0,0,0,0,0,0,0,0,0,0,0,0,0,0
3386,3544,LH,,0,0,0,0,0,0,0,0,0,0,0,0,0,0,0,0
3387,3545,SH,mem[10] = 0,0,0,0,0,0,0,0,0,0,0,0,0,0,0,0,0
3388,3546,SLT,,0,0,0,0,0,0,0,0,0,0,0,0,0,0,0,0
3389,3547,LH,,0,0,0,0,0,0,0,0,0,0,0,0,0,0,0,0
3390,3548,MUL,,0,0,0,0,0,0,0,0,0,0,0,0,0,0,0,0
3391,3549,SH,mem[15] = 0,0,0,0,0,0,0,0,0,0,0,0,0,0,0,0,0
3392,3550,BEQ,,0,0,0,0,0,0,0,0,0,0,0,0,0,0,0,0
3393,3551,MUL,,0,0,0,0,0,0,0,0,0,0,0,0,0,0,0,0
3394,3552,LH,,0,0,0,0,0,0,0,0,0,0,0,0,0,0,0,0
3395,3553,LH,,0,0,0,0,0,0,0,0,0,0,0,0,0,0,0,0
3396,3554,MUL,,0,0,0,0,0,0,0,0,0,0,0,0,0,0,0,0
3397,3555,LH,,0,0,0,0,0,0,0,0,0,0,0,0,0,0,0,0
3398,3556,LH,,0,0,0,0,0,0,0,0,0,0,0,0,0,0,0,0
3399,3557,BEQ,,0,0,0,0,0,0,0,0,0,0,0,0,0,0,0,0
3400,3562,BEQ,,0,0,0,0,0,0,0,0,0,0,0,0,0,0,0,0
3401,3574,SH,mem[15] = 0,0,0,0,0,0,0,0,0,0,0,0,0,0,0,0,0
3402,3575,LH,,0,0,0,0,0,0,0,0,0,0,0,0,0,0,0,0
3403,3576,BEQ,,0,0,0,0,0,0,0,0,0,0,0,0,0,0,0,0
3404,3590,LH,,0,0,0,0,0,0,0,0,0,0,0,0,0,0,0,0
3405,3591,LH,,0,0,0,0,0,0,0,0,0,0,0,0,0,0,0,0
3406,3592,SH,mem[15] = 0,0,0,0,0,0,0,0,0,0,0,0,0,0,0,0,0
3407,3593,BEQ,,0,0,0,0,0,0,0,0,0,0,0,0,0,0,0,0
3408,3594,SH,mem[11] = 0,0,0,0,0,0,0,0,0,0,0,0,0,0,0,0,0
3409,3595,MUL,,0,0,0,0,0,0,0,0,0,0,0,0,0,0,0,0
3410,3596,LH,,0,0,0,0,0,0,0,0,0,0,0,0,0,0,0,0
3411,3597,BEQ,,0,0,0,0,0,0,0,0,0,0,0,0,0,0,0,0
3412,3601,ADD,,0,0,0,0,0,0,0,0,0,0,0,0,0,0,0,0
3413,3602,LH,,0,0,0,0,0,0,0,0,0,0,0,0,0,0,0,0
3414,3603,LH,,0,0,0,0,0,0,0,0,0,0,0,0,0,0,0,0
3415,3604,SH,mem[2] = 0,0,0,0,0,0,0,0,0,0,0,0,0,0,0,0,0
3416,3605,BEQ,,0,0,0,0,0,0,0,0,0,0,0,0,0,0,0,0
3417,3613,SH,mem[0] = 0,0,0,0,0,0,0,0,0,0,0,0,0,0,0,0,0
3418,3614,MUL,,0,0,0,0,0,0,0,0,0,0,0,0,0,0,0,0
3419,3615,MUL,,0,0,0,0,0,0,0,0,0,0,0,0,0,0,0,0
3420,3616,SH,mem[8] = 0,0,0,0,0,0,0,0,0,0,0,0,0,0,0,0,0
3421,3617,MUL,,0,0,0,0,0,0,0,0,0,0,0,0,0,0,0,0
3422,3618,LH,,0,0,0,0,0,0,0,0,0,0,0,0,0,0,0,0
3423,3619,LH,,0,0,0,0,0,0,0,0,0,0,0,0,0,0,0,0
3424,3620,SH,mem[15] = 0,0,0,0,0,0,0,0,0,0,0,0,0,0,0,0,0
3425,3621,LH,,0,0,0,0,0,0,0,0,0,0,0,0,0,0,0,0
3426,3622,LH,,0,0,0,0,0,0,0,0,0,0,0,0,0,0,0,0
3427,3623,LH,,0,0,0,0,0,0,0,0,0,0,0,0,0,0,0,0
3428,3624,ADD,,0,0,0,0,0,0,0,0,0,0,0,0,0,0,0,0
3429,3625,SLT,,0,0,0,0,0,0,0,0,0,0,0,0,0,0,0,0
3430,3626,SLT,,0,0,0,0,0,0,0,0,0,0,0,0,0,0,0,0
3431,3627,LH,,0,0,0,0,0,0,0,0,0,0,0,0,0,0,0,0
3432,3628,BEQ,,0,0,0,0,0,0,0,0,0,0,0,0,0,0,0,0
3433,3637,MUL,,0,0,0,0,0,0,0,0,0,0,0,0,0,0,0,0
3434,3638,SH,mem[15] = 0,0,0,0,0,0,0,0,0,0,0,0,0,0,0,0,0
3435,3639,LH,,0,0,0,0,0,0,0,0,0,0,0,0,0,0,0,0
3436,3640,SUB,,0,0,0,0,0,0,0,0,0,0,0,0,0,0,0,0
3437,3641,MUL,,0,0,0,0,0,0,0,0,0,0,0,0,0,0,0,0
3438,3642,LH,,0,0,0,0,0,0,0,0,0,0,0,0,0,0,0,0
3439,3643,SUB,,0,0,0,0,0,0,0,0,0,0,0,0,0,0,0,0
3440,3644,BEQ,,0,0,0,0,0,0,0,0,0,0,0,0,0,0,0,0
3441,3659,LH,,0,0,0,0,0,0,0,0,0,0,0,0,0,0,0,0
3442,3660,LH,,0,0,0,0,0,0,0,0,0,0,0,0,0,0,0,0
3443,3661,SH,mem[15] = 0,0,0,0,0,0,0,0,0,0,0,0,0,0,0,0,0
3444,3662,LH,,0,0,0,0,0,0,0,0,0,0,0,0,0,0,0,0
3445,3663,LH,,0,0,0,0,0,0,0,0,0,0,0,0,0,0,0,0
3446,3664,MUL,,0,0,0,0,0,0,0,0,0,0,0,0,0,0,0,0
3447,3665,SH,mem[8] = 0,0,0,0,0,0,0,0,0,0,0,0,0,0,0,0,0
3448,3666,SH,mem[15] = 0,0,0,0,0,0,0,0,0,0,0,0,0,0,0,0,0
3449,3667,SH,mem[15] = 0,0,0,0,0,0,0,0,0,0,0,0,0,0,0,0,0
3450,3668,LH,,0,0,0,0,0,0,0,0,0,0,0,0,0,0,0,0
3451,3669,SH,mem[15] = 0,0,0,0,0,0,0,0,0,0,0,0,0,0,0,0,0
3452,3670,LH,,0,0,0,0,0,0,0,0,0,0,0,0,0,0,0,0
3453,3671,LH,,0,0,0,0,0,0,0,0,0,0,0,0,0,0,0,0
3454,3672,SUB,,0,0,0,0,0,0,0,0,0,0,0,0,0,0,0,0
3455,3673,BEQ,,0,0,0,0,0,0,0,0,0,0,0,0,0,0,0,0
3456,3683,LH,,0,0,0,0,0,0,0,0,0,0,0,0,0,0,0,0
3457,3684,SH,mem[2] = 0,0,0,0,0,0,0,0,0,0,0,0,0,0,0,0,0
3458,3685,SLT,,0,0,0,0,0,0,0,0,0,0,0,0,0,0,0,0
3459,3686,SH,mem[14] = 0,0,0,0,0,0,0,0,0,0,0,0,0,0,0,0,0
3460,3687,MUL,,0,0,0,0,0,0,0,0,0,0,0,0,0,0,0,0
3461,3688,SH,mem[15] = 0,0,0,0,0,0,0,0,0,0,0,0,0,0,0,0,0
3462,3689,LH,,0,0,0,0,0,0,0,0,0,0,0,0,0,0,0,0
3463,3690,LH,,0,0,0,0,0,0,0,0,0,0,0,0,0,0,0,0
3464,3691,SH,mem[15] = 0,0,0,0,0,0,0,0,0,0,0,0,0,0,0,0,0
3465,3692,MUL,,0,0,0,0,0,0,0,0,0,0,0,0,0,0,0,0
3466,3693,LH,,0,0,0,0,0,0,0,0,0,0,0,0,0,0,0,0
3467,3694,LH,,0,0,0,0,0,0,0,0,0,0,0,0,0,0,0,0
3468,3695,LH,,0,0,0,0,0,0,0,0,0,0,0,0,0,0,0,0
3469,3696,ADD,,0,0,0,0,0,0,0,0,0,0,0,0,0,0,0,0
3470,3697,LH,,0,0,0,0,0,0,0,0,0,0,0,0,0,0,0,0
3471,3698,ADD,,0,0,0,0,0,0,0,0,0,0,0,0,0,0,0,0
3472,3699,SH,mem[15] = 0,0,0,0,0,0,0,0,0,0,0,0,0,0,0,0,0
3473,3700,SLT,,0,0,0,0,0,0,0,0,0,0,0,0,0,0,0,0
3474,3701,SLT,,0,0,0,0,0,0,0,0,0,0,0,0,0,0,0,0
3475,3702,SH,mem[0] = 0,0,0,0,0,0,0,0,0,0,0,0,0,0,0,0,0
3476,3703,SUB,,0,0,0,0,0,0,0,0,0,0,0,0,0,0,0,0
3477,3704,MUL,,0,0,0,0,0,0,0,0,0,0,0,0,0,0,0,0
3478,3705,SUB,,0,0,0,0,0,0,0,0,0,0,0,0,0,0,0,0
3479,3706,SH,mem[2] = 0,0,0,0,0,0,0,0,0,0,0,0,0,0,0,0,0
3480,3707,MUL,,0,0,0,0,0,0,0,0,0,0,0,0,0,0,0,0
3481,3708,SUB,,0,0,0,0,0,0,0,0,0,0,0,0,0,0,0,0
3482,3709,LH,,0,0,0,0,0,0,0,0,0,0,0,0,0,0,0,0
3483,3710,SUB,,0,0,0,0,0,0,0,0,0,0,0,0,0,0,0,0
3484,3711,SH,mem[15] = 0,0,0,0,0,0,0,0,0,0,0,0,0,0,0,0,0
3485,3712,BEQ,,0,0,0,0,0,0,0,0,0,0,0,0,0,0,0,0
3486,3718,ADD,,0,0,0,0,0,0,0,0,0,0,0,0,0,0,0,0
3487,3719,SUB,,0,0,0,0,0,0,0,0,0,0,0,0,0,0,0,0
3488,3720,BEQ,,0,0,0,0,0,0,0,0,0,0,0,0,0,0,0,0
3489,3727,LH,,0,0,0,0,0,0,0,0,0,0,0,0,0,0,0,0
3490,3728,LH,,0,0,0,0,0,0,0,0,0,0,0,0,0,0,0,0
3491,3729,SUB,,0,0,0,0,0,0,0,0,0,0,0,0,0,0,0,0
3492,3730,SH,mem[2] = 0,0,0,0,0,0,0,0,0,0,0,0,0,0,0,0,0
3493,3731,SH,mem[15] = 0,0,0,0,0,0,0,0,0,0,0,0,0,0,0,0,0
3494,3732,SH,mem[15] = 0,0,0,0,0,0,0,0,0,0,0,0,0,0,0,0,0
3495,3733,SUB,,0,0,0,0,0,0,0,0,0,0,0,0,0,0,0,0
3496,3734,LH,,0,0,0,0,0,0,0,0,0,0,0,0,0,0,0,0
3497,3735,MUL,,0,0,0,0,0,0,0,0,0,0,0,0,0,0,0,0
3498,3736,SLT,,0,0,0,0,0,0,0,0,0,0,0,0,0,0,0,0
3499,3737,SH,mem[15] = 0,0,0,0,0,0,0,0,0,0,0,0,0,0,0,0,0
3500,3738,SLT,,0,0,0,0,0,0,0,0,0,0,0,0,0,0,0,0
3501,3739,SLT,,0,0,0,0,0,0,0,0,0,0,0,0,0,0,0,0
3502,3740,SH,mem[15] = 0,0,0,0,0,0,0,0,0,0,0,0,0,0,0,0,0
3503,3741,SUB,,0,0,0,0,0,0,0,0,0,0,0,0,0,0,0,0
3504,3742,LH,,0,0,0,0,0,0,0,0,0,0,0,0,0,0,0,0
3505,3743,LH,,0,0,0,0,0,0,0,0,0,0,0,0,0,0,0,0
3506,3744,LH,,0,0,0,0,0,0,0,0,0,0,0,0,0,0,0,0
3507,3745,MUL,,0,0,0,0,0,0,0,0,0,0,0,0,0,0,0,0
3508,3746,LH,,0,0,0,0,0,0,0,0,0,0,0,0,0,0,0,0
3509,3747,ADD,,0,0,0,0,0,0,0,0,0,0,0,0,0,0,0,0
3510,3748,SH,mem[9] = 0,0,0,0,0,0,0,0,0,0,0,0,0,0,0,0,0
3511,3749,LH,,0,0,0,0,0,0,0,0,0,0,0,0,0,0,0,0
3512,3750,ADD,,0,0,0,0,0,0,0,0,0,0,0,0,0,0,0,0
3513,3751,BEQ,,0,0,0,0,0,0,0,0,0,0,0,0,0,0,0,0
3514,3754,MUL,,0,0,0,0,0,0,0,0,0,0,0,0,0,0,0,0
3515,3755,SH,mem[7] = 0,0,0,0,0,0,0,0,0,0,0,0,0,0,0,0,0
3516,3756,SLT,,0,0,0,0,0,0,0,0,0,0,0,0,0,0,0,0
3517,3757,ADD,,0,0,0,0,0,0,0,0,0,0,0,0,0,0,0,0
3518,3758,SLT,,0,0,0,0,0,0,0,0,0,0,0,0,0,0,0,0
3519,3759,LH,,0,0,0,0,0,0,0,0,0,0,0,0,0,0,0,0
3520,3760,LH,,0,0,0,0,0,0,0,0,0,0,0,0,0,0,0,0
3521,3761,BEQ,,0,0,0,0,0,0,0,0,0,0,0,0,0,0,0,0
3522,3775,SH,mem[15] = 0,0,0,0,0,0,0,0,0,0,0,0,0,0,0,0,0
3523,3776,LH,,0,0,0,0,0,0,0,0,0,0,0,0,0,0,0,0
3524,3777,SH,mem[8] = 0,0,0,0,0,0,0,0,0,0,0,0,0,0,0,0,0
3525,3778,SH,mem[3] = 0,0,0,0,0,0,0,0,0,0,0,0,0,0,0,0,0
3526,3779,SH,mem[1] = 0,0,0,0,0,0,0,0,0,0,0,0,0,0,0,0,0
3527,3780,BEQ,,0,0,0,0,0,0,0,0,0,0,0,0,0,0,0,0
3528,3793,LH,,0,0,0,0,0,0,0,0,0,0,0,0,0,0,0,0
3529,3794,SLT,,0,0,0,0,0,0,0,0,0,0,0,0,0,0,0,0
3530,3795,MUL,,0,0,0,0,0,0,0,0,0,0,0,0,0,0,0,0
3531,3796,SLT,,0,0,0,0,0,0,0,0,0,0,0,0,0,0,0,0
3532,3797,SH,mem[15] = 0,0,0,0,0,0,0,0,0,0,0,0,0,0,0,0,0
3533,3798,SLT,,0,0,0,0,0,0,0,0,0,0,0,0,0,0,0,0
3534,3799,LH,,0,0,0,0,0,0,0,0,0,0,0,0,0,0,0,0
3535,3800,ADD,,0,0,0,0,0,0,0,0,0,0,0,0,0,0,0,0
3536,3801,ADD,,0,0,0,0,0,0,0,0,0,0,0,0,0,0,0,0
3537,3802,SH,mem[15] = 0,0,0,0,0,0,0,0,0,0,0,0,0,0,0,0,0
3538,3803,SH,mem[14] = 0,0,0,0,0,0,0,0,0,0,0,0,0,0,0,0,0
3539,3804,BEQ,,0,0,0,0,0,0,0,0,0,0,0,0,0,0,0,0
3540,3806,SH,mem[15] = 0,0,0,0,0,0,0,0,0,0,0,0,0,0,0,0,0
3541,3807,LH,,0,0,0,0,0,0,0,0,0,0,0,0,0,0,0,0
3542,3808,ADD,,0,0,0,0,0,0,0,0,0,0,0,0,0,0,0,0
3543,3809,SH,mem[15] = 0,0,0,0,0,0,0,0,0,0,0,0,0,0,0,0,0
3544,3810,LH,,0,0,0,0,0,0,0,0,0,0,0,0,0,0,0,0
3545,3811,SH,mem[15] = 0,0,0,0,0,0,0,0,0,0,0,0,0,0,0,0,0
3546,3812,BEQ,,0,0,0,0,0,0,0,0,0,0,0,0,0,0,0,0
3547,3824,SH,mem[6] = 0,0,0,0,0,0,0,0,0,0,0,0,0,0,0,0,0
3548,3825,LH,,0,0,0,0,0,0,0,0,0,0,0,0,0,0,0,0
3549,3826,BEQ,,0,0,0,0,0,0,0,0,0,0,0,0,0,0,0,0
3550,3838,LH,,0,0,0,0,0,0,0,0,0,0,0,0,0,0,0,0
3551,3839,SLT,,0,0,0,0,0,0,0,0,0,0,0,0,0,0,0,0
3552,3840,SLT,,0,0,0,0,0,0,0,0,0,0,0,0,0,0,0,0
3553,3841,SH,mem[12] = 0,0,0,0,0,0,0,0,0,0,0,0,0,0,0,0,0
3554,3842,ADD,,0,0,0,0,0,0,0,0,0,0,0,0,0,0,0,0
3555,3843,SUB,,0,0,0,0,0,0,0,0,0,0,0,0,0,0,0,0
3556,3844,LH,,0,0,0,0,0,0,0,0,0,0,0,0,0,0,0,0
3557,3845,SLT,,0,0,0,0,0,0,0,0,0,0,0,0,0,0,0,0
3558,3846,LH,,0,0,0,0,0,0,0,0,0,0,0,0,0,0,0,0
3559,3847,LH,,0,0,0,0,0,0,0,0,0,0,0,0,0,0,0,0
3560,3848,LH,,0,0,0,0,0,0,0,0,0,0,0,0,0,0,0,0
3561,3849,BEQ,,0,0,0,0,0,0,0,0,0,0,0,0,0,0,0,0
3562,3853,LH,,0,0,0,0,0,0,0,0,0,0,0,0,0,0,0,0
3563,3854,SH,mem[15] = 0,0,0,0,0,0,0,0,0,0,0,0,0,0,0,0,0
3564,3855,SLT,,0,0,0,0,0,0,0,0,0,0,0,0,0,0,0,0
3565,3856,SH,mem[15] = 0,0,0,0,0,0,0,0,0,0,0,0,0,0,0,0,0
3566,3857,SH,mem[15] = 0,0,0,0,0,0,0,0,0,0,0,0,0,0,0,0,0
3567,3858,LH,,0,0,0,0,0,0,0,0,0,0,0,0,0,0,0,0
3568,3859,SH,mem[15] = 0,0,0,0,0,0,0,0,0,0,0,0,0,0,0,0,0
3569,3860,LH,,0,0,0,0,0,0,0,0,0,0,0,0,0,0,0,0
3570,3861,SH,mem[13] = 0,0,0,0,0,0,0,0,0,0,0,0,0,0,0,0,0
3571,3862,LH,,0,0,0,0,0,0,0,0,0,0,0,0,0,0,0,0
3572,3863,MUL,,0,0,0,0,0,0,0,0,0,0,0,0,0,0,0,0
3573,3864,SH,mem[15] = 0,0,0,0,0,0,0,0,0,0,0,0,0,0,0,0,0
3574,3865,LH,,0,0,0,0,0,0,0,0,0,0,0,0,0,0,0,0
3575,3866,SH,mem[15] = 0,0,0,0,0,0,0,0,0,0,0,0,0,0,0,0,0
3576,3867,SLT,,0,0,0,0,0,0,0,0,0,0,0,0,0,0,0,0
3577,3868,SUB,,0,0,0,0,0,0,0,0,0,0,0,0,0,0,0,0
3578,3869,SH,mem[11] = 0,0,0,0,0,0,0,0,0,0,0,0,0,0,0,0,0
3579,3870,MUL,,0,0,0,0,0,0,0,0,0,0,0,0,0,0,0,0
3580,3871,LH,,0,0,0,0,0,0,0,0,0,0,0,0,0,0,0,0
3581,3872,MUL,,0,0,0,0,0,0,0,0,0,0,0,0,0,0,0,0
3582,3873,BEQ,,0,0,0,0,0,0,0,0,0,0,0,0,0,0,0,0
3583,3887,ADD,,0,0,0,0,0,0,0,0,0,0,0,0,0,0,0,0
3584,3888,ADD,,0,0,0,0,0,0,0,0,0,0,0,0,0,0,0,0
3585,3889,LH,,0,0,0,0,0,0,0,0,0,0,0,0,0,0,0,0
3586,3890,LH,,0,0,0,0,0,0,0,0,0,0,0,0,0,0,0,0
3587,3891,SH,mem[6] = 0,0,0,0,0,0,0,0,0,0,0,0,0,0,0,0,0
3588,3892,SH,mem[3] = 0,0,0,0,0,0,0,0,0,0,0,0,0,0,0,0,0
3589,3893,BEQ,,0,0,0,0,0,0,0,0,0,0,0,0,0,0,0,0
3590,3906,LH,,0,0,0,0,0,0,0,0,0,0,0,0,0,0,0,0
3591,3907,SH,mem[15] = 0,0,0,0,0,0,0,0,0,0,0,0,0,0,0,0,0
3592,3908,SH,mem[4] = 0,0,0,0,0,0,0,0,0,0,0,0,0,0,0,0,0
3593,3909,SH,mem[15] = 0,0,0,0,0,0,0,0,0,0,0,0,0,0,0,0,0
3594,3910,MUL,,0,0,0,0,0,0,0,0,0,0,0,0,0,0,0,0
3595,3911,ADD,,0,0,0,0,0,0,0,0,0,0,0,0,0,0,0,0
3596,3912,SUB,,0,0,0,0,0,0,0,0,0,0,0,0,0,0,0,0
3597,3913,SH,mem[15] = 0,0,0,0,0,0,0,0,0,0,0,0,0,0,0,0,0
3598,3914,SH,mem[2] = 0,0,0,0,0,0,0,0,0,0,0,0,0,0,0,0,0
3599,3915,SH,mem[15] = 0,0,0,0,0,0,0,0,0,0,0,0,0,0,0,0,0
3600,3916,SH,mem[15] = 0,0,0,0,0,0,0,0,0,0,0,0,0,0,0,0,0
3601,3917,SH,mem[15] = 0,0,0,0,0,0,0,0,0,0,0,0,0,0,0,0,0
3602,3918,ADD,,0,0,0,0,0,0,0,0,0,0,0,0,0,0,0,0
3603,3919,LH,,0,0,0,0,0,0,0,0,0,0,0,0,0,0,0,0
3604,3920,LH,,0,0,0,0,0,0,0,0,0,0,0,0,0,0,0,0
3605,3921,LH,,0,0,0,0,0,0,0,0,0,0,0,0,0,0,0,0
3606,3922,LH,,0,0,0,0,0,0,0,0,0,0,0,0,0,0,0,0
3607,3923,SLT,,0,0,0,0,0,0,0,0,0,0,0,0,0,0,0,0
3608,3924,SH,mem[12] = 0,0,0,0,0,0,0,0,0,0,0,0,0,0,0,0,0
3609,3925,SH,mem[15] = 0,0,0,0,0,0,0,0,0,0,0,0,0,0,0,0,0
3610,3926,BEQ,,0,0,0,0,0,0,0,0,0,0,0,0,0,0,0,0
3611,3934,LH,,0,0,0,0,0,0,0,0,0,0,0,0,0,0,0,0
3612,3935,SLT,,0,0,0,0,0,0,0,0,0,0,0,0,0,0,0,0
3613,3936,BEQ,,0,0,0,0,0,0,0,0,0,0,0,0,0,0,0,0
3614,3948,LH,,0,0,0,0,0,0,0,0,0,0,0,0,0,0,0,0
3615,3949,SH,mem[15] = 0,0,0,0,0,0,0,0,0,0,0,0,0,0,0,0,0
3616,3950,SUB,,0,0,0,0,0,0,0,0,0,0,0,0,0,0,0,0
3617,3951,LH,,0,0,0,0,0,0,0,0,0,0,0,0,0,0,0,0
3618,3952,BEQ,,0,0,0,0,0,0,0,0,0,0,0,0,0,0,0,0
3619,3966,SH,mem[15] = 0,0,0,0,0,0,0,0,0,0,0,0,0,0,0,0,0
3620,3967,BEQ,,0,0,0,0,0,0,0,0,0,0,0,0,0,0,0,0
3621,3979,LH,,0,0,0,0,0,0,0,0,0,0,0,0,0,0,0,0
3622,3980,MUL,,0,0,0,0,0,0,0,0,0,0,0,0,0,0,0,0
3623,3981,SLT,,0,0,0,0,0,0,0,0,0,0,0,0,0,0,0,0
3624,3982,SUB,,0,0,0,0,0,0,0,0,0,0,0,0,0,0,0,0
3625,3983,LH,,0,0,0,0,0,0,0,0,0,0,0,0,0,0,0,0
3626,3984,LH,,0,0,0,0,0,0,0,0,0,0,0,0,0,0,0,0
3627,3985,SUB,,0,0,0,0,0,0,0,0,0,0,0,0,0,0,0,0
3628,3986,LH,,0,0,0,0,0,0,0,0,0,0,0,0,0,0,0,0
3629,3987,ADD,,0,0,0,0,0,0,0,0,0,0,0,0,0,0,0,0
3630,3988,LH,,0,0,0,0,0,0,0,0,0,0,0,0,0,0,0,0
3631,3989,ADD,,0,0,0,0,0,0,0,0,0,0,0,0,0,0,0,0
3632,3990,ADD,,0,0,0,0,0,0,0,0,0,0,0,0,0,0,0,0
3633,3991,LH,,0,0,0,0,0,0,0,0,0,0,0,0,0,0,0,0
3634,3992,LH,,0,0,0,0,0,0,0,0,0,0,0,0,0,0,0,0
3635,3993,SUB,,0,0,0,0,0,0,0,0,0,0,0,0,0,0,0,0
3636,3994,LH,,0,0,0,0,0,0,0,0,0,0,0,0,0,0,0,0
3637,3995,ADD,,0,0,0,0,0,0,0,0,0,0,0,0,0,0,0,0
3638,3996,SH,mem[15] = 0,0,0,0,0,0,0,0,0,0,0,0,0,0,0,0,0
3639,3997,LH,,0,0,0,0,0,0,0,0,0,0,0,0,0,0,0,0
3640,3998,LH,,0,0,0,0,0,0,0,0,0,0,0,0,0,0,0,0
3641,3999,SH,mem[15] = 0,0,0,0,0,0,0,0,0,0,0,0,0,0,0,0,0
3642,4000,SUB,,0,0,0,0,0,0,0,0,0,0,0,0,0,0,0,0
3643,4001,SH,mem[8] = 0,0,0,0,0,0,0,0,0,0,0,0,0,0,0,0,0
3644,4002,SLT,,0,0,0,0,0,0,0,0,0,0,0,0,0,0,0,0
3645,4003,LH,,0,0,0,0,0,0,0,0,0,0,0,0,0,0,0,0
3646,4004,BEQ,,0,0,0,0,0,0,0,0,0,0,0,0,0,0,0,0
3647,4007,LH,,0,0,0,0,0,0,0,0,0,0,0,0,0,0,0,0
3648,4008,LH,,0,0,0,0,0,0,0,0,0,0,0,0,0,0,0,0
3649,4009,SH,mem[15] = 0,0,0,0,0,0,0,0,0,0,0,0,0,0,0,0,0
3650,4010,SH,mem[15] = 0,0,0,0,0,0,0,0,0,0,0,0,0,0,0,0,0
3651,4011,SH,mem[15] = 0,0,0,0,0,0,0,0,0,0,0,0,0,0,0,0,0
3652,4012,LH,,0,0,0,0,0,0,0,0,0,0,0,0,0,0,0,0
3653,4013,ADD,,0,0,0,0,0,0,0,0,0,0,0,0,0,0,0,0
3654,4014,BEQ,,0,0,0,0,0,0,0,0,0,0,0,0,0,0,0,0
3655,4018,ADD,,0,0,0,0,0,0,0,0,0,0,0,0,0,0,0,0
3656,4019,SH,mem[13] = 0,0,0,0,0,0,0,0,0,0,0,0,0,0,0,0,0
3657,4020,SUB,,0,0,0,0,0,0,0,0,0,0,0,0,0,0,0,0
3658,4021,ADD,,0,0,0,0,0,0,0,0,0,0,0,0,0,0,0,0
3659,4022,SLT,,0,0,0,0,0,0,0,0,0,0,0,0,0,0,0,0
3660,4023,SH,mem[4] = 0,0,0,0,0,0,0,0,0,0,0,0,0,0,0,0,0
3661,4024,SLT,,0,0,0,0,0,0,0,0,0,0,0,0,0,0,0,0
3662,4025,SLT,,0,0,0,0,0,0,0,0,0,0,0,0,0,0,0,0
3663,4026,LH,,0,0,0,0,0,0,0,0,0,0,0,0,0,0,0,0
3664,4027,LH,,0,0,0,0,0,0,0,0,0,0,0,0,0,0,0,0
3665,4028,SH,mem[15] = 0,0,0,0,0,0,0,0,0,0,0,0,0,0,0,0,0
3666,4029,MUL,,0,0,0,0,0,0,0,0,0,0,0,0,0,0,0,0
3667,4030,BEQ,,0,0,0,0,0,0,0,0,0,0,0,0,0,0,0,0
3668,4042,SH,mem[4] = 0,0,0,0,0,0,0,0,0,0,0,0,0,0,0,0,0
3669,4043,SH,mem[15] = 0,0,0,0,0,0,0,0,0,0,0,0,0,0,0,0,0
3670,4044,LH,,0,0,0,0,0,0,0,0,0,0,0,0,0,0,0,0
3671,4045,LH,,0,0,0,0,0,0,0,0,0,0,0,0,0,0,0,0
3672,4046,SUB,,0,0,0,0,0,0,0,0,0,0,0,0,0,0,0,0
3673,4047,SH,mem[8] = 0,0,0,0,0,0,0,0,0,0,0,0,0,0,0,0,0
3674,4048,SH,mem[15] = 0,0,0,0,0,0,0,0,0,0,0,0,0,0,0,0,0
3675,4049,MUL,,0,0,0,0,0,0,0,0,0,0,0,0,0,0,0,0
3676,4050,ADD,,0,0,0,0,0,0,0,0,0,0,0,0,0,0,0,0
3677,4051,SUB,,0,0,0,0,0,0,0,0,0,0,0,0,0,0,0,0
3678,4052,SH,mem[15] = 0,0,0,0,0,0,0,0,0,0,0,0,0,0,0,0,0
3679,4053,LH,,0,0,0,0,0,0,0,0,0,0,0,0,0,0,0,0
3680,4054,LH,,0,0,0,0,0,0,0,0,0,0,0,0,0,0,0,0
3681,4055,SH,mem[15] = 0,0,0,0,0,0,0,0,0,0,0,0,0,0,0,0,0
3682,4056,SH,mem[15] = 0,0,0,0,0,0,0,0,0,0,0,0,0,0,0,0,0
3683,4057,LH,,0,0,0,0,0,0,0,0,0,0,0,0,0,0,0,0
3684,4058,MUL,,0,0,0,0,0,0,0,0,0,0,0,0,0,0,0,0
3685,4059,MUL,,0,0,0,0,0,0,0,0,0,0,0,0,0,0,0,0
3686,4060,LH,,0,0,0,0,0,0,0,0,0,0,0,0,0,0,0,0
3687,4061,SLT,,0,0,0,0,0,0,0,0,0,0,0,0,0,0,0,0
3688,4062,SLT,,0,0,0,0,0,0,0,0,0,0,0,0,0,0,0,0
3689,4063,LH,,0,0,0,0,0,0,0,0,0,0,0,0,0,0,0,0
3690,4064,BEQ,,0,0,0,0,0,0,0,0,0,0,0,0,0,0,0,0
3691,4073,SUB,,0,0,0,0,0,0,0,0,0,0,0,0,0,0,0,0
3692,4074,SH,mem[11] = 0,0,0,0,0,0,0,0,0,0,0,0,0,0,0,0,0
3693,4075,SH,mem[14] = 0,0,0,0,0,0,0,0,0,0,0,0,0,0,0,0,0
3694,4076,SUB,,0,0,0,0,0,0,0,0,0,0,0,0,0,0,0,0
3695,4077,MUL,,0,0,0,0,0,0,0,0,0,0,0,0,0,0,0,0
3696,4078,SH,mem[1] = 0,0,0,0,0,0,0,0,0,0,0,0,0,0,0,0,0
3697,4079,SLT,,0,0,0,0,0,0,0,0,0,0,0,0,0,0,0,0
3698,4080,SH,mem[15] = 0,0,0,0,0,0,0,0,0,0,0,0,0,0,0,0,0
3699,4081,MUL,,0,0,0,0,0,0,0,0,0,0,0,0,0,0,0,0
3700,4082,SH,mem[15] = 0,0,0,0,0,0,0,0,0,0,0,0,0,0,0,0,0
3701,4083,SH,mem[15] = 0,0,0,0,0,0,0,0,0,0,0,0,0,0,0,0,0
3702,4084,SUB,,0,0,0,0,0,0,0,0,0,0,0,0,0,0,0,0
3703,4085,LH,,0,0,0,0,0,0,0,0,0,0,0,0,0,0,0,0
3704,4086,SLT,,0,0,0,0,0,0,0,0,0,0,0,0,0,0,0,0
3705,4087,LH,,0,0,0,0,0,0,0,0,0,0,0,0,0,0,0,0
3706,4088,LH,,0,0,0,0,0,0,0,0,0,0,0,0,0,0,0,0
3707,4089,SH,mem[11] = 0,0,0,0,0,0,0,0,0,0,0,0,0,0,0,0,0
3708,4090,LH,,0,0,0,0,0,0,0,0,0,0,0,0,0,0,0,0
3709,4091,SLT,,0,0,0,0,0,0,0,0,0,0,0,0,0,0,0,0
3710,4092,SH,mem[6] = 0,0,0,0,0,0,0,0,0,0,0,0,0,0,0,0,0
3711,4093,SH,mem[15] = 0,0,0,0,0,0,0,0,0,0,0,0,0,0,0,0,0
3712,4094,LH,,0,0,0,0,0,0,0,0,0,0,0,0,0,0,0,0
3713,4095,SH,mem[12] = 0,0,0,0,0,0,0,0,0,0,0,0,0,0,0,0,0
